LslMarkerSourceTimestamp,LslLocalTimestamp,LocalTimestamp,EmotiBitTimestamp,PacketNumber,DataLength,TypeTag,ProtocolVersion,DataReliability,SF
0.000000,0.000000,1726701766.683594,419461.000,608,1,SF,1,100,4.5542
0.000000,0.000000,1726701767.017598,419795.000,658,1,SF,1,100,4.5016
0.000000,0.000000,1726701767.417604,420195.000,723,1,SF,1,100,4.4495
0.000000,0.000000,1726701767.684608,420462.000,777,1,SF,1,100,4.3980
0.000000,0.000000,1726701768.017612,420795.000,826,1,SF,1,100,4.3471
0.000000,0.000000,1726701768.350617,421128.000,876,1,SF,1,100,4.2968
0.000000,0.000000,1726701768.750623,421528.000,943,1,SF,1,100,4.2471
0.000000,0.000000,1726701769.017626,421795.000,993,1,SF,1,100,4.1980
0.000000,0.000000,1726701769.350631,422128.000,1042,1,SF,1,100,4.1494
0.000000,0.000000,1726701769.750637,422528.000,1109,1,SF,1,100,4.1014
0.000000,0.000000,1726701770.017641,422795.000,1161,1,SF,1,100,4.0540
0.000000,0.000000,1726701770.350645,423128.000,1210,1,SF,1,100,4.0071
0.000000,0.000000,1726701770.683650,423461.000,1258,1,SF,1,100,3.9607
0.000000,0.000000,1726701771.083656,423861.000,1323,1,SF,1,100,3.9149
0.000000,0.000000,1726701771.350659,424128.000,1376,1,SF,1,100,3.8696
0.000000,0.000000,1726701771.683664,424461.000,1424,1,SF,1,100,3.8249
0.000000,0.000000,1726701772.083670,424861.000,1489,1,SF,1,100,3.7806
0.000000,0.000000,1726701772.350673,425128.000,1538,1,SF,1,100,3.7369
0.000000,0.000000,1726701772.683678,425461.000,1589,1,SF,1,100,3.6937
0.000000,0.000000,1726701773.016683,425794.000,1644,1,SF,1,100,3.6509
0.000000,0.000000,1726701773.416689,426194.000,1711,1,SF,1,100,3.6087
0.000000,0.000000,1726701773.683692,426461.000,1759,1,SF,1,100,3.5670
0.000000,0.000000,1726701774.016697,426794.000,1810,1,SF,1,100,3.5257
0.000000,0.000000,1726701774.416703,427194.000,1875,1,SF,1,100,3.4849
0.000000,0.000000,1726701774.683706,427461.000,1925,1,SF,1,100,3.4446
0.000000,0.000000,1726701775.016711,427794.000,1974,1,SF,1,100,3.4047
0.000000,0.000000,1726701775.349716,428127.000,2024,1,SF,1,100,3.3654
0.000000,0.000000,1726701775.749721,428527.000,2089,1,SF,1,100,3.3264
0.000000,0.000000,1726701776.016725,428794.000,2140,1,SF,1,100,3.2880
0.000000,0.000000,1726701776.349730,429127.000,2188,1,SF,1,100,3.2499
0.000000,0.000000,1726701776.749736,429527.000,2255,1,SF,1,100,3.2123
0.000000,0.000000,1726701777.082740,429860.000,2304,1,SF,1,100,3.1752
0.000000,0.000000,1726701777.349744,430127.000,2354,1,SF,1,100,3.1384
0.000000,0.000000,1726701777.682749,430460.000,2403,1,SF,1,100,3.1021
0.000000,0.000000,1726701778.082754,430860.000,2459,1,SF,1,100,3.0662
0.000000,0.000000,1726701778.416759,431194.000,2510,1,SF,1,100,3.0308
0.000000,0.000000,1726701778.749764,431527.000,2560,1,SF,1,100,2.9957
0.000000,0.000000,1726701779.016767,431794.000,2608,1,SF,1,100,2.9611
0.000000,0.000000,1726701779.349772,432127.000,2659,1,SF,1,100,2.9268
0.000000,0.000000,1726701779.749778,432527.000,2724,1,SF,1,100,2.8929
0.000000,0.000000,1726701780.016782,432794.000,2774,1,SF,1,100,2.8595
0.000000,0.000000,1726701780.349786,433127.000,2823,1,SF,1,100,2.8264
0.000000,0.000000,1726701780.749792,433527.000,2890,1,SF,1,100,2.7937
0.000000,0.000000,1726701781.082797,433860.000,2938,1,SF,1,100,2.7614
0.000000,0.000000,1726701781.349800,434127.000,2989,1,SF,1,100,2.7294
0.000000,0.000000,1726701781.682805,434460.000,3037,1,SF,1,100,2.6979
0.000000,0.000000,1726701782.082811,434860.000,3104,1,SF,1,100,2.6667
0.000000,0.000000,1726701782.349814,435127.000,3153,1,SF,1,100,2.6358
0.000000,0.000000,1726701782.682819,435460.000,3201,1,SF,1,100,2.6053
0.000000,0.000000,1726701783.015824,435793.000,3257,1,SF,1,100,2.5752
0.000000,0.000000,1726701783.349829,436127.000,3307,1,SF,1,100,2.5454
0.000000,0.000000,1726701783.748834,436526.000,3374,1,SF,1,100,2.5159
0.000000,0.000000,1726701784.015838,436793.000,3425,1,SF,1,100,2.4868
0.000000,0.000000,1726701784.348843,437126.000,3473,1,SF,1,100,2.4581
0.000000,0.000000,1726701784.682847,437460.000,3522,1,SF,1,100,2.4296
0.000000,0.000000,1726701785.082853,437860.000,3589,1,SF,1,100,2.4015
0.000000,0.000000,1726701785.348857,438126.000,3639,1,SF,1,100,2.3737
0.000000,0.000000,1726701785.682862,438460.000,3688,1,SF,1,100,2.3463
0.000000,0.000000,1726701786.082867,438860.000,3755,1,SF,1,100,2.3191
0.000000,0.000000,1726701786.348871,439126.000,3803,1,SF,1,100,2.2923
0.000000,0.000000,1726701786.682876,439460.000,3853,1,SF,1,100,2.2658
0.000000,0.000000,1726701787.015880,439793.000,3902,1,SF,1,100,2.2396
0.000000,0.000000,1726701787.415886,440193.000,3969,1,SF,1,100,2.2137
0.000000,0.000000,1726701787.681890,440459.000,4018,1,SF,1,100,2.1881
0.000000,0.000000,1726701788.015894,440793.000,4066,1,SF,1,100,2.1628
0.000000,0.000000,1726701788.415900,441193.000,4138,1,SF,1,100,2.1377
0.000000,0.000000,1726701788.682904,441460.000,4191,1,SF,1,100,2.1130
0.000000,0.000000,1726701789.015909,441793.000,4239,1,SF,1,100,2.0886
0.000000,0.000000,1726701789.348913,442126.000,4288,1,SF,1,100,2.0644
0.000000,0.000000,1726701789.748919,442526.000,4353,1,SF,1,100,2.0405
0.000000,0.000000,1726701790.015923,442793.000,4405,1,SF,1,100,2.0169
0.000000,0.000000,1726701790.348927,443126.000,4454,1,SF,1,100,1.9936
0.000000,0.000000,1726701790.748933,443526.000,4519,1,SF,1,100,1.9705
0.000000,0.000000,1726701791.014937,443792.000,4567,1,SF,1,100,1.9477
0.000000,0.000000,1726701791.348941,444126.000,4620,1,SF,1,100,1.9252
0.000000,0.000000,1726701791.681946,444459.000,4668,1,SF,1,100,1.9029
0.000000,0.000000,1726701792.081952,444859.000,4733,1,SF,1,100,1.8809
0.000000,0.000000,1726701792.348956,445126.000,4782,1,SF,1,100,1.8592
0.000000,0.000000,1726701792.681960,445459.000,4832,1,SF,1,100,1.8377
0.000000,0.000000,1726701793.081966,445859.000,4898,1,SF,1,100,1.8164
0.000000,0.000000,1726701793.348970,446126.000,4953,1,SF,1,100,1.7954
0.000000,0.000000,1726701793.681974,446459.000,5003,1,SF,1,100,1.7746
0.000000,0.000000,1726701794.014979,446792.000,5054,1,SF,1,100,1.7541
0.000000,0.000000,1726701794.414985,447192.000,5119,1,SF,1,100,1.7338
0.000000,0.000000,1726701794.681988,447459.000,5169,1,SF,1,100,1.7137
0.000000,0.000000,1726701795.014993,447792.000,5218,1,SF,1,100,1.6939
0.000000,0.000000,1726701795.414999,448192.000,5285,1,SF,1,100,1.6743
0.000000,0.000000,1726701795.682003,448459.000,5333,1,SF,1,100,1.6549
0.000000,0.000000,1726701796.015007,448792.000,5383,1,SF,1,100,1.6358
0.000000,0.000000,1726701796.348012,449125.000,5432,1,SF,1,100,1.6169
0.000000,0.000000,1726701796.748018,449525.000,5499,1,SF,1,100,1.5982
0.000000,0.000000,1726701797.015021,449792.000,5548,1,SF,1,100,1.5797
0.000000,0.000000,1726701797.348026,450125.000,5596,1,SF,1,100,1.5614
0.000000,0.000000,1726701797.748032,450525.000,5661,1,SF,1,100,1.5434
0.000000,0.000000,1726701798.015035,450792.000,5712,1,SF,1,100,1.5255
0.000000,0.000000,1726701798.348040,451125.000,5767,1,SF,1,100,1.5079
0.000000,0.000000,1726701798.681045,451458.000,5818,1,SF,1,100,1.4904
0.000000,0.000000,1726701799.081050,451858.000,5883,1,SF,1,100,1.4732
0.000000,0.000000,1726701799.348054,452125.000,5933,1,SF,1,100,1.4561
0.000000,0.000000,1726701799.681059,452458.000,5984,1,SF,1,100,1.4393
0.000000,0.000000,1726701800.081065,452858.000,6049,1,SF,1,100,1.4226
0.000000,0.000000,1726701800.348068,453125.000,6097,1,SF,1,100,1.4062
0.000000,0.000000,1726701800.681073,453458.000,6147,1,SF,1,100,1.3899
0.000000,0.000000,1726701801.014078,453791.000,6198,1,SF,1,100,1.3738
0.000000,0.000000,1726701801.414083,454191.000,6263,1,SF,1,100,1.3579
0.000000,0.000000,1726701801.681087,454458.000,6312,1,SF,1,100,1.3422
0.000000,0.000000,1726701802.014092,454791.000,6360,1,SF,1,100,1.3267
0.000000,0.000000,1726701802.414097,455191.000,6428,1,SF,1,100,1.3114
0.000000,0.000000,1726701802.681101,455458.000,6478,1,SF,1,100,1.2962
0.000000,0.000000,1726701803.014106,455791.000,6526,1,SF,1,100,1.2812
0.000000,0.000000,1726701803.348111,456125.000,6575,1,SF,1,100,1.2664
0.000000,0.000000,1726701803.747116,456524.000,6649,1,SF,1,100,1.2517
0.000000,0.000000,1726701804.014120,456791.000,6699,1,SF,1,100,1.2372
0.000000,0.000000,1726701804.347125,457124.000,6748,1,SF,1,100,1.2229
0.000000,0.000000,1726701804.747130,457524.000,6813,1,SF,1,100,1.2088
0.000000,0.000000,1726701805.014134,457791.000,6863,1,SF,1,100,1.1948
0.000000,0.000000,1726701805.347139,458124.000,6914,1,SF,1,100,1.1810
0.000000,0.000000,1726701805.681144,458458.000,6962,1,SF,1,100,1.1673
0.000000,0.000000,1726701806.081149,458858.000,7029,1,SF,1,100,1.1538
0.000000,0.000000,1726701806.347153,459124.000,7078,1,SF,1,100,1.1405
0.000000,0.000000,1726701806.680158,459457.000,7126,1,SF,1,100,1.1273
0.000000,0.000000,1726701807.080163,459857.000,7194,1,SF,1,100,1.1142
0.000000,0.000000,1726701807.414168,460191.000,7244,1,SF,1,100,1.1013
0.000000,0.000000,1726701807.680172,460457.000,7292,1,SF,1,100,1.0886
0.000000,0.000000,1726701808.014176,460791.000,7341,1,SF,1,100,1.0760
0.000000,0.000000,1726701808.414182,461191.000,7410,1,SF,1,100,1.0636
0.000000,0.000000,1726701808.680186,461457.000,7465,1,SF,1,100,1.0513
0.000000,0.000000,1726701809.014191,461791.000,7514,1,SF,1,100,1.0391
0.000000,0.000000,1726701809.414196,462191.000,7579,1,SF,1,100,1.0271
0.000000,0.000000,1726701809.680200,462457.000,7629,1,SF,1,100,1.0152
0.000000,0.000000,1726701810.013205,462790.000,7680,1,SF,1,100,1.0034
0.000000,0.000000,1726701810.347209,463124.000,7728,1,SF,1,100,0.9918
0.000000,0.000000,1726701810.747215,463524.000,7793,1,SF,1,100,0.9804
0.000000,0.000000,1726701811.013219,463790.000,7844,1,SF,1,100,0.9690
0.000000,0.000000,1726701811.347223,464124.000,7892,1,SF,1,100,0.9578
0.000000,0.000000,1726701811.747229,464524.000,7958,1,SF,1,100,0.9467
0.000000,0.000000,1726701812.013233,464790.000,8008,1,SF,1,100,0.9358
0.000000,0.000000,1726701812.347238,465124.000,8056,1,SF,1,100,0.9250
0.000000,0.000000,1726701812.680242,465457.000,8107,1,SF,1,100,0.9143
0.000000,0.000000,1726701813.080248,465857.000,8172,1,SF,1,100,0.9037
0.000000,0.000000,1726701813.413253,466190.000,8224,1,SF,1,100,0.8932
0.000000,0.000000,1726701813.680256,466457.000,8278,1,SF,1,100,0.8829
0.000000,0.000000,1726701814.013261,466790.000,8328,1,SF,1,100,0.8727
0.000000,0.000000,1726701814.413267,467190.000,8394,1,SF,1,100,0.8626
0.000000,0.000000,1726701814.680270,467457.000,8444,1,SF,1,100,0.8526
0.000000,0.000000,1726701815.013275,467790.000,8492,1,SF,1,100,0.8427
0.000000,0.000000,1726701815.346280,468123.000,8543,1,SF,1,100,0.8330
0.000000,0.000000,1726701815.746286,468523.000,8608,1,SF,1,100,0.8234
0.000000,0.000000,1726701816.013289,468790.000,8658,1,SF,1,100,0.8138
0.000000,0.000000,1726701816.346294,469123.000,8707,1,SF,1,100,0.8044
0.000000,0.000000,1726701816.746300,469523.000,8774,1,SF,1,100,0.7951
0.000000,0.000000,1726701817.079304,469856.000,8822,1,SF,1,100,0.7859
0.000000,0.000000,1726701817.346308,470123.000,8873,1,SF,1,100,0.7768
0.000000,0.000000,1726701817.679313,470456.000,8923,1,SF,1,100,0.7678
0.000000,0.000000,1726701818.079318,470856.000,8988,1,SF,1,100,0.7590
0.000000,0.000000,1726701818.346322,471123.000,9037,1,SF,1,100,0.7502
0.000000,0.000000,1726701818.679327,471456.000,9087,1,SF,1,100,0.7415
0.000000,0.000000,1726701819.013332,471790.000,9145,1,SF,1,100,0.7329
0.000000,0.000000,1726701819.413337,472190.000,9210,1,SF,1,100,0.7244
0.000000,0.000000,1726701819.679341,472456.000,9258,1,SF,1,100,0.7161
0.000000,0.000000,1726701820.013346,472790.000,9309,1,SF,1,100,0.7078
0.000000,0.000000,1726701820.346350,473123.000,9359,1,SF,1,100,0.6996
0.000000,0.000000,1726701820.746356,473523.000,9424,1,SF,1,100,0.6915
0.000000,0.000000,1726701821.013360,473790.000,9473,1,SF,1,100,0.6835
0.000000,0.000000,1726701821.346364,474123.000,9521,1,SF,1,100,0.6756
0.000000,0.000000,1726701821.746370,474523.000,9589,1,SF,1,100,0.6678
0.000000,0.000000,1726701822.079375,474856.000,9639,1,SF,1,100,0.6601
0.000000,0.000000,1726701822.346379,475123.000,9687,1,SF,1,100,0.6524
0.000000,0.000000,1726701822.679383,475456.000,9736,1,SF,1,100,0.6449
0.000000,0.000000,1726701823.079389,475856.000,9803,1,SF,1,100,0.6374
0.000000,0.000000,1726701823.346393,476123.000,9853,1,SF,1,100,0.6300
0.000000,0.000000,1726701823.679397,476456.000,9904,1,SF,1,100,0.6227
0.000000,0.000000,1726701824.012402,476789.000,9955,1,SF,1,100,0.6155
0.000000,0.000000,1726701824.345407,477122.000,10008,1,SF,1,100,0.6084
0.000000,0.000000,1726701824.745412,477522.000,10073,1,SF,1,100,0.6014
0.000000,0.000000,1726701825.012416,477789.000,10121,1,SF,1,100,0.5944
0.000000,0.000000,1726701825.345421,478122.000,10170,1,SF,1,100,0.5876
0.000000,0.000000,1726701825.745427,478522.000,10237,1,SF,1,100,0.5808
0.000000,0.000000,1726701826.012430,478789.000,10287,1,SF,1,100,0.5740
0.000000,0.000000,1726701826.345435,479122.000,10336,1,SF,1,100,0.5674
0.000000,0.000000,1726701826.745441,479522.000,10403,1,SF,1,100,0.5608
0.000000,0.000000,1726701827.078445,479855.000,10451,1,SF,1,100,0.5543
0.000000,0.000000,1726701827.345449,480122.000,10502,1,SF,1,100,0.5479
0.000000,0.000000,1726701827.678454,480455.000,10550,1,SF,1,100,0.5416
0.000000,0.000000,1726701828.078459,480855.000,10617,1,SF,1,100,0.5353
0.000000,0.000000,1726701828.345463,481122.000,10666,1,SF,1,100,0.5291
0.000000,0.000000,1726701828.678468,481455.000,10717,1,SF,1,100,0.5230
0.000000,0.000000,1726701829.012473,481789.000,10767,1,SF,1,100,0.5170
0.000000,0.000000,1726701829.412478,482189.000,10841,1,SF,1,100,0.5110
0.000000,0.000000,1726701829.678482,482455.000,10889,1,SF,1,100,0.5051
0.000000,0.000000,1726701830.011487,482788.000,10938,1,SF,1,100,0.4992
0.000000,0.000000,1726701830.411492,483188.000,11003,1,SF,1,100,0.4935
0.000000,0.000000,1726701830.678496,483455.000,11055,1,SF,1,100,0.4877
0.000000,0.000000,1726701831.011501,483788.000,11104,1,SF,1,100,0.4821
0.000000,0.000000,1726701831.345506,484122.000,11152,1,SF,1,100,0.4765
0.000000,0.000000,1726701831.745511,484522.000,11217,1,SF,1,100,0.4710
0.000000,0.000000,1726701832.011515,484788.000,11270,1,SF,1,100,0.4656
0.000000,0.000000,1726701832.345520,485122.000,11318,1,SF,1,100,0.4602
0.000000,0.000000,1726701832.745525,485522.000,11383,1,SF,1,100,0.4549
0.000000,0.000000,1726701833.011529,485788.000,11432,1,SF,1,100,0.4496
0.000000,0.000000,1726701833.344534,486121.000,11483,1,SF,1,100,0.4444
0.000000,0.000000,1726701833.678538,486455.000,11535,1,SF,1,100,0.4393
0.000000,0.000000,1726701834.078544,486855.000,11600,1,SF,1,100,0.4342
0.000000,0.000000,1726701834.344548,487121.000,11653,1,SF,1,100,0.4292
0.000000,0.000000,1726701834.678553,487455.000,11704,1,SF,1,100,0.4242
0.000000,0.000000,1726701835.078558,487855.000,11770,1,SF,1,100,0.4193
0.000000,0.000000,1726701835.344562,488121.000,11819,1,SF,1,100,0.4144
0.000000,0.000000,1726701835.678567,488455.000,11868,1,SF,1,100,0.4096
0.000000,0.000000,1726701836.011571,488788.000,11918,1,SF,1,100,0.4049
0.000000,0.000000,1726701836.411577,489188.000,11983,1,SF,1,100,0.4002
0.000000,0.000000,1726701836.677581,489454.000,12034,1,SF,1,100,0.3956
0.000000,0.000000,1726701837.011585,489788.000,12082,1,SF,1,100,0.3910
0.000000,0.000000,1726701837.411591,490188.000,12149,1,SF,1,100,0.3865
0.000000,0.000000,1726701837.744596,490521.000,12198,1,SF,1,100,0.3820
0.000000,0.000000,1726701838.011600,490788.000,12248,1,SF,1,100,0.3776
0.000000,0.000000,1726701838.344604,491121.000,12297,1,SF,1,100,0.3732
0.000000,0.000000,1726701838.744610,491521.000,12366,1,SF,1,100,0.3689
0.000000,0.000000,1726701839.011614,491788.000,12414,1,SF,1,100,0.3646
0.000000,0.000000,1726701839.344618,492121.000,12468,1,SF,1,100,0.3604
0.000000,0.000000,1726701839.744624,492521.000,12535,1,SF,1,100,0.3563
0.000000,0.000000,1726701840.077629,492854.000,12585,1,SF,1,100,0.3521
0.000000,0.000000,1726701840.344632,493121.000,12634,1,SF,1,100,0.3481
0.000000,0.000000,1726701840.677637,493454.000,12682,1,SF,1,100,0.3440
0.000000,0.000000,1726701841.077643,493854.000,12747,1,SF,1,100,0.3401
0.000000,0.000000,1726701841.344647,494121.000,12800,1,SF,1,100,0.3361
0.000000,0.000000,1726701841.677651,494454.000,12848,1,SF,1,100,0.3322
0.000000,0.000000,1726701842.077657,494854.000,12913,1,SF,1,100,0.3284
0.000000,0.000000,1726701842.410662,495187.000,12964,1,SF,1,100,0.3246
0.000000,0.000000,1726701842.677665,495454.000,13014,1,SF,1,100,0.3208
0.000000,0.000000,1726701843.010670,495787.000,13063,1,SF,1,100,0.3171
0.000000,0.000000,1726701843.410676,496187.000,13132,1,SF,1,100,0.3135
0.000000,0.000000,1726701843.677679,496454.000,13180,1,SF,1,100,0.3098
0.000000,0.000000,1726701844.010684,496787.000,13229,1,SF,1,100,0.3062
0.000000,0.000000,1726701844.410690,497187.000,13300,1,SF,1,100,0.3027
0.000000,0.000000,1726701844.743694,497520.000,13349,1,SF,1,100,0.2992
0.000000,0.000000,1726701845.010698,497787.000,13400,1,SF,1,100,0.2957
0.000000,0.000000,1726701845.343703,498120.000,13448,1,SF,1,100,0.2923
0.000000,0.000000,1726701845.743709,498520.000,13513,1,SF,1,100,0.2889
0.000000,0.000000,1726701846.010712,498787.000,13564,1,SF,1,100,0.2856
0.000000,0.000000,1726701846.343717,499120.000,13614,1,SF,1,100,0.2823
0.000000,0.000000,1726701846.743723,499520.000,13679,1,SF,1,100,0.2790
0.000000,0.000000,1726701847.010726,499787.000,13728,1,SF,1,100,0.2758
0.000000,0.000000,1726701847.343731,500120.000,13778,1,SF,1,100,0.2726
0.000000,0.000000,1726701847.676736,500453.000,13829,1,SF,1,100,0.2695
0.000000,0.000000,1726701848.010741,500787.000,13877,1,SF,1,100,0.2663
0.000000,0.000000,1726701848.410746,501187.000,13944,1,SF,1,100,0.2633
0.000000,0.000000,1726701848.676750,501453.000,13995,1,SF,1,100,0.2602
0.000000,0.000000,1726701849.010755,501787.000,14045,1,SF,1,100,0.2572
0.000000,0.000000,1726701849.409760,502186.000,14110,1,SF,1,100,0.2542
0.000000,0.000000,1726701849.743765,502520.000,14164,1,SF,1,100,0.2513
0.000000,0.000000,1726701850.009769,502786.000,14214,1,SF,1,100,0.2484
0.000000,0.000000,1726701850.343773,503120.000,14265,1,SF,1,100,0.2455
0.000000,0.000000,1726701850.743779,503520.000,14330,1,SF,1,100,0.2427
0.000000,0.000000,1726701851.009783,503786.000,14378,1,SF,1,100,0.2399
0.000000,0.000000,1726701851.343788,504120.000,14428,1,SF,1,100,0.2371
0.000000,0.000000,1726701851.676792,504453.000,14477,1,SF,1,100,0.2343
0.000000,0.000000,1726701852.076798,504853.000,14544,1,SF,1,100,0.2316
0.000000,0.000000,1726701852.343802,505120.000,14593,1,SF,1,100,0.2289
0.000000,0.000000,1726701852.676806,505453.000,14641,1,SF,1,100,0.2263
0.000000,0.000000,1726701853.076812,505853.000,14708,1,SF,1,100,0.2237
0.000000,0.000000,1726701853.343816,506120.000,14759,1,SF,1,100,0.2211
0.000000,0.000000,1726701853.676820,506453.000,14809,1,SF,1,100,0.2185
0.000000,0.000000,1726701854.009825,506786.000,14858,1,SF,1,100,0.2160
0.000000,0.000000,1726701854.409831,507186.000,14925,1,SF,1,100,0.2135
0.000000,0.000000,1726701854.676835,507453.000,14980,1,SF,1,100,0.2110
0.000000,0.000000,1726701855.009839,507786.000,15029,1,SF,1,100,0.2086
0.000000,0.000000,1726701855.409845,508186.000,15094,1,SF,1,100,0.2062
0.000000,0.000000,1726701855.676849,508453.000,15144,1,SF,1,100,0.2038
0.000000,0.000000,1726701856.009853,508786.000,15193,1,SF,1,100,0.2014
0.000000,0.000000,1726701856.409859,509186.000,15259,1,SF,1,100,0.1991
0.000000,0.000000,1726701856.742864,509519.000,15308,1,SF,1,100,0.1968
0.000000,0.000000,1726701857.009867,509786.000,15359,1,SF,1,100,0.1945
0.000000,0.000000,1726701857.342872,510119.000,15407,1,SF,1,100,0.1923
0.000000,0.000000,1726701857.742878,510519.000,15472,1,SF,1,100,0.1901
0.000000,0.000000,1726701858.009882,510786.000,15523,1,SF,1,100,0.1879
0.000000,0.000000,1726701858.342886,511119.000,15573,1,SF,1,100,0.1857
0.000000,0.000000,1726701858.675891,511452.000,15624,1,SF,1,100,0.1835
0.000000,0.000000,1726701859.075897,511852.000,15689,1,SF,1,100,0.1814
0.000000,0.000000,1726701859.342900,512119.000,15741,1,SF,1,100,0.1793
0.000000,0.000000,1726701859.675905,512452.000,15790,1,SF,1,100,0.1772
0.000000,0.000000,1726701860.075911,512852.000,15860,1,SF,1,100,0.1752
0.000000,0.000000,1726701860.342914,513119.000,15908,1,SF,1,100,0.1732
0.000000,0.000000,1726701860.675919,513452.000,15960,1,SF,1,100,0.1712
0.000000,0.000000,1726701861.008924,513785.000,16009,1,SF,1,100,0.1692
0.000000,0.000000,1726701861.408930,514185.000,16074,1,SF,1,100,0.1672
0.000000,0.000000,1726701861.675933,514452.000,16123,1,SF,1,100,0.1653
0.000000,0.000000,1726701862.008938,514785.000,16173,1,SF,1,100,0.1634
0.000000,0.000000,1726701862.408944,515185.000,16238,1,SF,1,100,0.1615
0.000000,0.000000,1726701862.675947,515452.000,16289,1,SF,1,100,0.1596
0.000000,0.000000,1726701863.008952,515785.000,16337,1,SF,1,100,0.1578
0.000000,0.000000,1726701863.341957,516118.000,16386,1,SF,1,100,0.1559
0.000000,0.000000,1726701863.741962,516518.000,16455,1,SF,1,100,0.1541
0.000000,0.000000,1726701864.008966,516785.000,16505,1,SF,1,100,0.1524
0.000000,0.000000,1726701864.341971,517118.000,16554,1,SF,1,100,0.1506
0.000000,0.000000,1726701864.741977,517518.000,16621,1,SF,1,100,0.1489
0.000000,0.000000,1726701865.075981,517852.000,16674,1,SF,1,100,0.1471
0.000000,0.000000,1726701865.341985,518118.000,16725,1,SF,1,100,0.1454
0.000000,0.000000,1726701865.675990,518452.000,16773,1,SF,1,100,0.1437
0.000000,0.000000,1726701866.075995,518852.000,16840,1,SF,1,100,0.1421
0.000000,0.000000,1726701866.409000,519185.000,16889,1,SF,1,100,0.1404
0.000000,0.000000,1726701866.675004,519451.000,16939,1,SF,1,100,0.1388
0.000000,0.000000,1726701867.009008,519785.000,16988,1,SF,1,100,0.1372
0.000000,0.000000,1726701867.409014,520185.000,17055,1,SF,1,100,0.1356
0.000000,0.000000,1726701867.675018,520451.000,17103,1,SF,1,100,0.1341
0.000000,0.000000,1726701868.009023,520785.000,17152,1,SF,1,100,0.1325
0.000000,0.000000,1726701868.409028,521185.000,17220,1,SF,1,100,0.1310
0.000000,0.000000,1726701868.675032,521451.000,17271,1,SF,1,100,0.1295
0.000000,0.000000,1726701869.009037,521785.000,17320,1,SF,1,100,0.1280
0.000000,0.000000,1726701869.342041,522118.000,17368,1,SF,1,100,0.1265
0.000000,0.000000,1726701869.742047,522518.000,17433,1,SF,1,100,0.1250
0.000000,0.000000,1726701870.075052,522851.000,17489,1,SF,1,100,0.1236
0.000000,0.000000,1726701870.342055,523118.000,17537,1,SF,1,100,0.1221
0.000000,0.000000,1726701870.675060,523451.000,17588,1,SF,1,100,0.1207
0.000000,0.000000,1726701871.008065,523784.000,17638,1,SF,1,100,0.1193
0.000000,0.000000,1726701871.408071,524184.000,17703,1,SF,1,100,0.1180
0.000000,0.000000,1726701871.675074,524451.000,17752,1,SF,1,100,0.1166
0.000000,0.000000,1726701872.008079,524784.000,17800,1,SF,1,100,0.1152
0.000000,0.000000,1726701872.408085,525184.000,17868,1,SF,1,100,0.1139
0.000000,0.000000,1726701872.742089,525518.000,17918,1,SF,1,100,0.1126
0.000000,0.000000,1726701873.008093,525784.000,17966,1,SF,1,100,0.1113
0.000000,0.000000,1726701873.342098,526118.000,18015,1,SF,1,100,0.1100
0.000000,0.000000,1726701873.741103,526517.000,18084,1,SF,1,100,0.1087
0.000000,0.000000,1726701874.008107,526784.000,18134,1,SF,1,100,0.1075
0.000000,0.000000,1726701874.341112,527117.000,18183,1,SF,1,100,0.1062
0.000000,0.000000,1726701874.741118,527517.000,18248,1,SF,1,100,0.1050
0.000000,0.000000,1726701875.075122,527851.000,18298,1,SF,1,100,0.1038
0.000000,0.000000,1726701875.408127,528184.000,18350,1,SF,1,100,0.1026
0.000000,0.000000,1726701875.675131,528451.000,18398,1,SF,1,100,0.1014
0.000000,0.000000,1726701876.008135,528784.000,18449,1,SF,1,100,0.1002
0.000000,0.000000,1726701876.408141,529184.000,18514,1,SF,1,100,0.0991
0.000000,0.000000,1726701876.675145,529451.000,18564,1,SF,1,100,0.0979
0.000000,0.000000,1726701877.008150,529784.000,18613,1,SF,1,100,0.0968
0.000000,0.000000,1726701877.341154,530117.000,18663,1,SF,1,100,0.0957
0.000000,0.000000,1726701877.741160,530517.000,18728,1,SF,1,100,0.0946
0.000000,0.000000,1726701878.008164,530784.000,18779,1,SF,1,100,0.0935
0.000000,0.000000,1726701878.341168,531117.000,18829,1,SF,1,100,0.0924
0.000000,0.000000,1726701878.741174,531517.000,18896,1,SF,1,100,0.0913
0.000000,0.000000,1726701879.008178,531784.000,18945,1,SF,1,100,0.0903
0.000000,0.000000,1726701879.341182,532117.000,18979,1,SF,1,100,0.0892
0.000000,0.000000,1726701879.674187,532450.000,19030,1,SF,1,100,0.0882
0.000000,0.000000,1726701880.007192,532783.000,19078,1,SF,1,100,0.0872
0.000000,0.000000,1726701880.407197,533183.000,19143,1,SF,1,100,0.0862
0.000000,0.000000,1726701880.674201,533450.000,19194,1,SF,1,100,0.0852
0.000000,0.000000,1726701881.007206,533783.000,19244,1,SF,1,100,0.0842
0.000000,0.000000,1726701881.407212,534183.000,19309,1,SF,1,100,0.0832
0.000000,0.000000,1726701881.674215,534450.000,19358,1,SF,1,100,0.0822
0.000000,0.000000,1726701882.007220,534783.000,19407,1,SF,1,100,0.0813
0.000000,0.000000,1726701882.341225,535117.000,19457,1,SF,1,100,0.0803
0.000000,0.000000,1726701882.674229,535450.000,19507,1,SF,1,100,0.0794
0.000000,0.000000,1726701883.074235,535850.000,19572,1,SF,1,100,0.0785
0.000000,0.000000,1726701883.340239,536116.000,19623,1,SF,1,100,0.0776
0.000000,0.000000,1726701883.674244,536450.000,19673,1,SF,1,100,0.0767
0.000000,0.000000,1726701884.074249,536850.000,19740,1,SF,1,100,0.0758
0.000000,0.000000,1726701884.340253,537116.000,19789,1,SF,1,100,0.0749
0.000000,0.000000,1726701884.674258,537450.000,19838,1,SF,1,100,0.0741
0.000000,0.000000,1726701885.074263,537850.000,19905,1,SF,1,100,0.0732
0.000000,0.000000,1726701885.407268,538183.000,19955,1,SF,1,100,0.0724
0.000000,0.000000,1726701885.674272,538450.000,20003,1,SF,1,100,0.0715
0.000000,0.000000,1726701886.007276,538783.000,20052,1,SF,1,100,0.0707
0.000000,0.000000,1726701886.407282,539183.000,20119,1,SF,1,100,0.0699
0.000000,0.000000,1726701886.673286,539449.000,20169,1,SF,1,100,0.0691
0.000000,0.000000,1726701887.007291,539783.000,20218,1,SF,1,100,0.0683
0.000000,0.000000,1726701887.407296,540183.000,20285,1,SF,1,100,0.0675
0.000000,0.000000,1726701887.740301,540516.000,20333,1,SF,1,100,0.0667
0.000000,0.000000,1726701888.007305,540783.000,20384,1,SF,1,100,0.0659
0.000000,0.000000,1726701888.340309,541116.000,20432,1,SF,1,100,0.0652
0.000000,0.000000,1726701888.740315,541516.000,20501,1,SF,1,100,0.0644
0.000000,0.000000,1726701889.007319,541783.000,20550,1,SF,1,100,0.0637
0.000000,0.000000,1726701889.340323,542116.000,20598,1,SF,1,100,0.0629
0.000000,0.000000,1726701889.740329,542516.000,20663,1,SF,1,100,0.0622
0.000000,0.000000,1726701890.007333,542783.000,20716,1,SF,1,100,0.0615
0.000000,0.000000,1726701890.340338,543116.000,20764,1,SF,1,100,0.0608
0.000000,0.000000,1726701890.673342,543449.000,20813,1,SF,1,100,0.0601
0.000000,0.000000,1726701891.073348,543849.000,20880,1,SF,1,100,0.0594
0.000000,0.000000,1726701891.340352,544116.000,20930,1,SF,1,100,0.0587
0.000000,0.000000,1726701891.673356,544449.000,20979,1,SF,1,100,0.0580
0.000000,0.000000,1726701892.073362,544849.000,21044,1,SF,1,100,0.0573
0.000000,0.000000,1726701892.340366,545116.000,21092,1,SF,1,100,0.0567
0.000000,0.000000,1726701892.673370,545449.000,21144,1,SF,1,100,0.0560
0.000000,0.000000,1726701893.006375,545782.000,21193,1,SF,1,100,0.0554
0.000000,0.000000,1726701893.406381,546182.000,21260,1,SF,1,100,0.0547
0.000000,0.000000,1726701893.673385,546449.000,21311,1,SF,1,100,0.0541
0.000000,0.000000,1726701894.006389,546782.000,21359,1,SF,1,100,0.0535
0.000000,0.000000,1726701894.406395,547182.000,21424,1,SF,1,100,0.0528
0.000000,0.000000,1726701894.673399,547449.000,21475,1,SF,1,100,0.0522
0.000000,0.000000,1726701895.006403,547782.000,21525,1,SF,1,100,0.0516
0.000000,0.000000,1726701895.339408,548115.000,21574,1,SF,1,100,0.0510
0.000000,0.000000,1726701895.739414,548515.000,21639,1,SF,1,100,0.0504
0.000000,0.000000,1726701896.006417,548782.000,21689,1,SF,1,100,0.0499
0.000000,0.000000,1726701896.339422,549115.000,21740,1,SF,1,100,0.0493
0.000000,0.000000,1726701896.739428,549515.000,21805,1,SF,1,100,0.0487
0.000000,0.000000,1726701897.006432,549782.000,21853,1,SF,1,100,0.0482
0.000000,0.000000,1726701897.339436,550115.000,21903,1,SF,1,100,0.0476
0.000000,0.000000,1726701897.739442,550515.000,21970,1,SF,1,100,0.0470
0.000000,0.000000,1726701898.072447,550848.000,22019,1,SF,1,100,0.0465
0.000000,0.000000,1726701898.339450,551115.000,22068,1,SF,1,100,0.0460
0.000000,0.000000,1726701898.672455,551448.000,22118,1,SF,1,100,0.0454
0.000000,0.000000,1726701899.072461,551848.000,22185,1,SF,1,100,0.0449
0.000000,0.000000,1726701899.412465,552188.000,22236,1,SF,1,100,0.0444
0.000000,0.000000,1726701899.679469,552455.000,22284,1,SF,1,100,0.0439
0.000000,0.000000,1726701900.012474,552788.000,22335,1,SF,1,100,0.0434
0.000000,0.000000,1726701900.412480,553188.000,22401,1,SF,1,100,0.0429
0.000000,0.000000,1726701900.679483,553455.000,22450,1,SF,1,100,0.0424
0.000000,0.000000,1726701901.025488,553801.000,22499,1,SF,1,100,0.0419
0.000000,0.000000,1726701901.425494,554201.000,22566,1,SF,1,100,0.0414
0.000000,0.000000,1726701901.759499,554535.000,22614,1,SF,1,100,0.0409
0.000000,0.000000,1726701902.025502,554801.000,22665,1,SF,1,100,0.0404
0.000000,0.000000,1726701902.359507,555135.000,22713,1,SF,1,100,0.0400
0.000000,0.000000,1726701902.758513,555534.000,22780,1,SF,1,100,0.0395
0.000000,0.000000,1726701903.025516,555801.000,22829,1,SF,1,100,0.0391
0.000000,0.000000,1726701903.359521,556135.000,22877,1,SF,1,100,0.0386
0.000000,0.000000,1726701903.758527,556534.000,22945,1,SF,1,100,0.0382
0.000000,0.000000,1726701904.092532,556868.000,22997,1,SF,1,100,0.0377
0.000000,0.000000,1726701904.358535,557134.000,23045,1,SF,1,100,0.0373
0.000000,0.000000,1726701904.692540,557468.000,23094,1,SF,1,100,0.0368
0.000000,0.000000,1726701905.092546,557868.000,23161,1,SF,1,100,0.0364
0.000000,0.000000,1726701905.358549,558134.000,23211,1,SF,1,100,0.0360
0.000000,0.000000,1726701905.692554,558468.000,23260,1,SF,1,100,0.0356
0.000000,0.000000,1726701906.091560,558867.000,23327,1,SF,1,100,0.0352
0.000000,0.000000,1726701906.425564,559201.000,23377,1,SF,1,100,2.1170
0.000000,0.000000,1726701906.691568,559467.000,23428,1,SF,1,100,2.0925
0.000000,0.000000,1726701907.025573,559801.000,23476,1,SF,1,100,2.0683
0.000000,0.000000,1726701907.425579,560201.000,23543,1,SF,1,100,2.0444
0.000000,0.000000,1726701907.691582,560467.000,23592,1,SF,1,100,2.0207
0.000000,0.000000,1726701908.025587,560801.000,23640,1,SF,1,100,1.9974
0.000000,0.000000,1726701908.425593,561201.000,23709,1,SF,1,100,1.9743
0.000000,0.000000,1726701908.758597,561534.000,23760,1,SF,1,100,1.9514
0.000000,0.000000,1726701909.025601,561801.000,23810,1,SF,1,100,1.9288
0.000000,0.000000,1726701909.358606,562134.000,23859,1,SF,1,100,1.9065
0.000000,0.000000,1726701909.758611,562534.000,23924,1,SF,1,100,1.8845
0.000000,0.000000,1726701910.024615,562800.000,23974,1,SF,1,100,1.8627
0.000000,0.000000,1726701910.358620,563134.000,24025,1,SF,1,100,1.8411
0.000000,0.000000,1726701910.758626,563534.000,24090,1,SF,1,100,1.8198
0.000000,0.000000,1726701911.091630,563867.000,24138,1,SF,1,100,1.7988
0.000000,0.000000,1726701911.358634,564134.000,24189,1,SF,1,100,1.7780
0.000000,0.000000,1726701911.691639,564467.000,24239,1,SF,1,100,1.7574
0.000000,0.000000,1726701912.091644,564867.000,24304,1,SF,1,100,1.7371
0.000000,0.000000,1726701912.358648,565134.000,24353,1,SF,1,100,1.7170
0.000000,0.000000,1726701912.691653,565467.000,24401,1,SF,1,100,1.6971
0.000000,0.000000,1726701913.091658,565867.000,24469,1,SF,1,100,1.6775
0.000000,0.000000,1726701913.424663,566200.000,24521,1,SF,1,100,1.6581
0.000000,0.000000,1726701913.691667,566467.000,24569,1,SF,1,100,1.6389
0.000000,0.000000,1726701914.024672,566800.000,24618,1,SF,1,100,1.6199
0.000000,0.000000,1726701914.424677,567200.000,24685,1,SF,1,100,1.6012
0.000000,0.000000,1726701914.691681,567467.000,24735,1,SF,1,100,1.5827
0.000000,0.000000,1726701915.024686,567800.000,24784,1,SF,1,100,1.5644
0.000000,0.000000,1726701915.424691,568200.000,24849,1,SF,1,100,1.5463
0.000000,0.000000,1726701915.757696,568533.000,24899,1,SF,1,100,1.5284
0.000000,0.000000,1726701916.024700,568800.000,24950,1,SF,1,100,1.5107
0.000000,0.000000,1726701916.357704,569133.000,24998,1,SF,1,100,1.4932
0.000000,0.000000,1726701916.757710,569533.000,25065,1,SF,1,100,1.4760
0.000000,0.000000,1726701917.090715,569866.000,25114,1,SF,1,100,1.4589
0.000000,0.000000,1726701917.357719,570133.000,25164,1,SF,1,100,1.4420
0.000000,0.000000,1726701917.690723,570466.000,25213,1,SF,1,100,1.4253
0.000000,0.000000,1726701918.090729,570866.000,25280,1,SF,1,100,1.4088
0.000000,0.000000,1726701918.424734,571200.000,25330,1,SF,1,100,1.3925
0.000000,0.000000,1726701918.690737,571466.000,25381,1,SF,1,100,1.3764
0.000000,0.000000,1726701919.024742,571800.000,25429,1,SF,1,100,1.3605
0.000000,0.000000,1726701919.423748,572199.000,25496,1,SF,1,100,1.3448
0.000000,0.000000,1726701919.690751,572466.000,25545,1,SF,1,100,1.3292
0.000000,0.000000,1726701920.023756,572799.000,25594,1,SF,1,100,1.3138
0.000000,0.000000,1726701920.357761,573133.000,25644,1,SF,1,100,1.2986
0.000000,0.000000,1726701920.757767,573533.000,25711,1,SF,1,100,1.2836
0.000000,0.000000,1726701921.023770,573799.000,25759,1,SF,1,100,1.2688
0.000000,0.000000,1726701921.357775,574133.000,25808,1,SF,1,100,1.2541
0.000000,0.000000,1726701921.757781,574533.000,25873,1,SF,1,100,1.2396
0.000000,0.000000,1726701922.023784,574799.000,25925,1,SF,1,100,1.2252
0.000000,0.000000,1726701922.357789,575133.000,25974,1,SF,1,100,1.2111
0.000000,0.000000,1726701922.690794,575466.000,26022,1,SF,1,100,1.1971
0.000000,0.000000,1726701923.090799,575866.000,26087,1,SF,1,100,1.1832
0.000000,0.000000,1726701923.357803,576133.000,26140,1,SF,1,100,1.1695
0.000000,0.000000,1726701923.690808,576466.000,26190,1,SF,1,100,1.1560
0.000000,0.000000,1726701924.090814,576866.000,26255,1,SF,1,100,1.1426
0.000000,0.000000,1726701924.356817,577132.000,26304,1,SF,1,100,1.1294
0.000000,0.000000,1726701924.690822,577466.000,26355,1,SF,1,100,1.1163
0.000000,0.000000,1726701925.023827,577799.000,26405,1,SF,1,100,1.1034
0.000000,0.000000,1726701925.423832,578199.000,26470,1,SF,1,100,1.0907
0.000000,0.000000,1726701925.690836,578466.000,26520,1,SF,1,100,1.0780
0.000000,0.000000,1726701926.023841,578799.000,26569,1,SF,1,100,1.0656
0.000000,0.000000,1726701926.423846,579199.000,26634,1,SF,1,100,1.0532
0.000000,0.000000,1726701926.689850,579465.000,26684,1,SF,1,100,1.0411
0.000000,0.000000,1726701927.023855,579799.000,26735,1,SF,1,100,1.0290
0.000000,0.000000,1726701927.356860,580132.000,26783,1,SF,1,100,1.0171
0.000000,0.000000,1726701927.756865,580532.000,26848,1,SF,1,100,1.0053
0.000000,0.000000,1726701928.023869,580799.000,26899,1,SF,1,100,0.9937
0.000000,0.000000,1726701928.356874,581132.000,26949,1,SF,1,100,0.9822
0.000000,0.000000,1726701928.756879,581532.000,27016,1,SF,1,100,0.9709
0.000000,0.000000,1726701929.023883,581799.000,27065,1,SF,1,100,0.9596
0.000000,0.000000,1726701929.356888,582132.000,27114,1,SF,1,100,0.9485
0.000000,0.000000,1726701929.689893,582465.000,27166,1,SF,1,100,0.9376
0.000000,0.000000,1726701930.089898,582865.000,27231,1,SF,1,100,0.9267
0.000000,0.000000,1726701930.356902,583132.000,27279,1,SF,1,100,0.9160
0.000000,0.000000,1726701930.689907,583465.000,27328,1,SF,1,100,0.9054
0.000000,0.000000,1726701931.089912,583865.000,27395,1,SF,1,100,0.8949
0.000000,0.000000,1726701931.356916,584132.000,27445,1,SF,1,100,0.8846
0.000000,0.000000,1726701931.689921,584465.000,27494,1,SF,1,100,0.8743
0.000000,0.000000,1726701932.022925,584798.000,27542,1,SF,1,100,0.8642
0.000000,0.000000,1726701932.422931,585198.000,27609,1,SF,1,100,0.8542
0.000000,0.000000,1726701932.689935,585465.000,27660,1,SF,1,100,0.8443
0.000000,0.000000,1726701933.022940,585798.000,27708,1,SF,1,100,0.8346
0.000000,0.000000,1726701933.422945,586198.000,27775,1,SF,1,100,0.8249
0.000000,0.000000,1726701933.689949,586465.000,27826,1,SF,1,100,0.8154
0.000000,0.000000,1726701934.022954,586798.000,27875,1,SF,1,100,0.8059
0.000000,0.000000,1726701934.422959,587198.000,27940,1,SF,1,100,0.7966
0.000000,0.000000,1726701934.755964,587531.000,27990,1,SF,1,100,0.7874
0.000000,0.000000,1726701935.022968,587798.000,28040,1,SF,1,100,0.7783
0.000000,0.000000,1726701935.355972,588131.000,28089,1,SF,1,100,0.7693
0.000000,0.000000,1726701935.755978,588531.000,28154,1,SF,1,100,0.7604
0.000000,0.000000,1726701936.022982,588798.000,28204,1,SF,1,100,0.7516
0.000000,0.000000,1726701936.355987,589131.000,28255,1,SF,1,100,0.7429
0.000000,0.000000,1726701936.688991,589464.000,28303,1,SF,1,100,0.7343
0.000000,0.000000,1726701937.088997,589864.000,28368,1,SF,1,100,0.7258
0.000000,0.000000,1726701937.356001,590131.000,28419,1,SF,1,100,0.7174
0.000000,0.000000,1726701937.689005,590464.000,28469,1,SF,1,100,0.7091
0.000000,0.000000,1726701938.089011,590864.000,28534,1,SF,1,100,0.7009
0.000000,0.000000,1726701938.356015,591131.000,28583,1,SF,1,100,0.6928
0.000000,0.000000,1726701938.689019,591464.000,28634,1,SF,1,100,0.6848
0.000000,0.000000,1726701939.023024,591798.000,28686,1,SF,1,100,0.6769
0.000000,0.000000,1726701939.422030,592197.000,28751,1,SF,1,100,0.6690
0.000000,0.000000,1726701939.689034,592464.000,28799,1,SF,1,100,0.6613
0.000000,0.000000,1726701940.022038,592797.000,28848,1,SF,1,100,0.6537
0.000000,0.000000,1726701940.422044,593197.000,28915,1,SF,1,100,0.6461
0.000000,0.000000,1726701940.689048,593464.000,28965,1,SF,1,100,0.6386
0.000000,0.000000,1726701941.022052,593797.000,29014,1,SF,1,100,0.6312
0.000000,0.000000,1726701941.356057,594131.000,29062,1,SF,1,100,0.6239
0.000000,0.000000,1726701941.756063,594531.000,29129,1,SF,1,100,0.6167
0.000000,0.000000,1726701942.022066,594797.000,29180,1,SF,1,100,0.6096
0.000000,0.000000,1726701942.356071,595131.000,29228,1,SF,1,100,0.6025
0.000000,0.000000,1726701942.756077,595531.000,29293,1,SF,1,100,0.5956
0.000000,0.000000,1726701943.022081,595797.000,29344,1,SF,1,100,0.5887
0.000000,0.000000,1726701943.355085,596130.000,29395,1,SF,1,100,2.6641
0.000000,0.000000,1726701943.755091,596530.000,29462,1,SF,1,100,2.6333
0.000000,0.000000,1726701944.089096,596864.000,29514,1,SF,1,100,4.6851
0.000000,0.000000,1726701944.355099,597130.000,29562,1,SF,1,100,4.6309
0.000000,0.000000,1726701944.689104,597464.000,29613,1,SF,1,100,4.5773
0.000000,0.000000,1726701945.089110,597864.000,29678,1,SF,1,100,4.5244
0.000000,0.000000,1726701945.355113,598130.000,29728,1,SF,1,100,4.4720
0.000000,0.000000,1726701945.689118,598464.000,29777,1,SF,1,100,4.4203
0.000000,0.000000,1726701946.088124,598863.000,29844,1,SF,1,100,4.3692
0.000000,0.000000,1726701946.422129,599197.000,29892,1,SF,1,100,4.3186
0.000000,0.000000,1726701946.689132,599464.000,29943,1,SF,1,100,4.2687
0.000000,0.000000,1726701947.022137,599797.000,29991,1,SF,1,100,4.2193
0.000000,0.000000,1726701947.422143,600197.000,30058,1,SF,1,100,4.1705
0.000000,0.000000,1726701947.688146,600463.000,30107,1,SF,1,100,4.1222
0.000000,0.000000,1726701948.022151,600797.000,30155,1,SF,1,100,4.0745
0.000000,0.000000,1726701948.422157,601197.000,30223,1,SF,1,100,4.0274
0.000000,0.000000,1726701948.755161,601530.000,30273,1,SF,1,100,3.9808
0.000000,0.000000,1726701949.022165,601797.000,30323,1,SF,1,100,3.9348
0.000000,0.000000,1726701949.355170,602130.000,30372,1,SF,1,100,3.8892
0.000000,0.000000,1726701949.755176,602530.000,30437,1,SF,1,100,3.8443
0.000000,0.000000,1726701950.021179,602796.000,30489,1,SF,1,100,3.7998
0.000000,0.000000,1726701950.355184,603130.000,30538,1,SF,1,100,3.7558
0.000000,0.000000,1726701950.755190,603530.000,30603,1,SF,1,100,3.7124
0.000000,0.000000,1726701951.088194,603863.000,30651,1,SF,1,100,3.6694
0.000000,0.000000,1726701951.355198,604130.000,30688,1,SF,1,100,3.6270
0.000000,0.000000,1726701951.755204,604530.000,30753,1,SF,1,100,3.5850
0.000000,0.000000,1726701952.021207,604796.000,30803,1,SF,1,100,3.5436
0.000000,0.000000,1726701952.355212,605130.000,30852,1,SF,1,100,3.5026
0.000000,0.000000,1726701952.754218,605529.000,30919,1,SF,1,100,3.4620
0.000000,0.000000,1726701953.021222,605796.000,30967,1,SF,1,100,3.4220
0.000000,0.000000,1726701953.354226,606129.000,31018,1,SF,1,100,3.3824
0.000000,0.000000,1726701953.688231,606463.000,31068,1,SF,1,100,3.3433
0.000000,0.000000,1726701954.088237,606863.000,31133,1,SF,1,100,3.3046
0.000000,0.000000,1726701954.354240,607129.000,31184,1,SF,1,100,3.2664
0.000000,0.000000,1726701954.688245,607463.000,31232,1,SF,1,100,3.2286
0.000000,0.000000,1726701955.088251,607863.000,31298,1,SF,1,100,3.1912
0.000000,0.000000,1726701955.421255,608196.000,31348,1,SF,1,100,3.1543
0.000000,0.000000,1726701955.688259,608463.000,31398,1,SF,1,100,3.1178
0.000000,0.000000,1726701956.021264,608796.000,31447,1,SF,1,100,3.0818
0.000000,0.000000,1726701956.421270,609196.000,31512,1,SF,1,100,3.0461
0.000000,0.000000,1726701956.687273,609462.000,31562,1,SF,1,100,3.0109
0.000000,0.000000,1726701957.021278,609796.000,31611,1,SF,1,100,2.9761
0.000000,0.000000,1726701957.421284,610196.000,31678,1,SF,1,100,2.9416
0.000000,0.000000,1726701957.687287,610462.000,31726,1,SF,1,100,2.9076
0.000000,0.000000,1726701958.021292,610796.000,31777,1,SF,1,100,2.8740
0.000000,0.000000,1726701958.354297,611129.000,31825,1,SF,1,100,2.8407
0.000000,0.000000,1726701958.754302,611529.000,31894,1,SF,1,100,2.8079
0.000000,0.000000,1726701959.021306,611796.000,31943,1,SF,1,100,2.7754
0.000000,0.000000,1726701959.354311,612129.000,31991,1,SF,1,100,2.7433
0.000000,0.000000,1726701959.754317,612529.000,32059,1,SF,1,100,2.7115
0.000000,0.000000,1726701960.020320,612795.000,32109,1,SF,1,100,2.6802
0.000000,0.000000,1726701960.354325,613129.000,32157,1,SF,1,100,2.6492
0.000000,0.000000,1726701960.687330,613462.000,32206,1,SF,1,100,2.6185
0.000000,0.000000,1726701961.087335,613862.000,32273,1,SF,1,100,2.5882
0.000000,0.000000,1726701961.354339,614129.000,32323,1,SF,1,100,2.5583
0.000000,0.000000,1726701961.687344,614462.000,32372,1,SF,1,100,2.5287
0.000000,0.000000,1726701962.087349,614862.000,32437,1,SF,1,100,2.4994
0.000000,0.000000,1726701962.354353,615129.000,32487,1,SF,1,100,2.4705
0.000000,0.000000,1726701962.687358,615462.000,32537,1,SF,1,100,2.4419
0.000000,0.000000,1726701963.020363,615795.000,32586,1,SF,1,100,2.4137
0.000000,0.000000,1726701963.420368,616195.000,32653,1,SF,1,100,2.3858
0.000000,0.000000,1726701963.687372,616462.000,32704,1,SF,1,100,2.3582
0.000000,0.000000,1726701964.020377,616795.000,32752,1,SF,1,100,2.3309
0.000000,0.000000,1726701964.420382,617195.000,32817,1,SF,1,100,2.3039
0.000000,0.000000,1726701964.687386,617462.000,32868,1,SF,1,100,2.2773
0.000000,0.000000,1726701965.020391,617795.000,32918,1,SF,1,100,2.2509
0.000000,0.000000,1726701965.353395,618128.000,32967,1,SF,1,100,2.2249
0.000000,0.000000,1726701965.753401,618528.000,33032,1,SF,1,100,2.1992
0.000000,0.000000,1726701966.020405,618795.000,33084,1,SF,1,100,2.1737
0.000000,0.000000,1726701966.353410,619128.000,33133,1,SF,1,100,2.1486
0.000000,0.000000,1726701966.753415,619528.000,33198,1,SF,1,100,2.1237
0.000000,0.000000,1726701967.020419,619795.000,33246,1,SF,1,100,2.0992
0.000000,0.000000,1726701967.353424,620128.000,33298,1,SF,1,100,2.0749
0.000000,0.000000,1726701967.686428,620461.000,33347,1,SF,1,100,2.0509
0.000000,0.000000,1726701968.086434,620861.000,33412,1,SF,1,100,2.0271
0.000000,0.000000,1726701968.353438,621128.000,33461,1,SF,1,100,2.0037
0.000000,0.000000,1726701968.686443,621461.000,33513,1,SF,1,100,1.9805
0.000000,0.000000,1726701969.086448,621861.000,33578,1,SF,1,100,1.9576
0.000000,0.000000,1726701969.353452,622128.000,33629,1,SF,1,100,1.9350
0.000000,0.000000,1726701969.686457,622461.000,33677,1,SF,1,100,1.9126
0.000000,0.000000,1726701970.086462,622861.000,33744,1,SF,1,100,1.8904
0.000000,0.000000,1726701970.419467,623194.000,33793,1,SF,1,100,1.8686
0.000000,0.000000,1726701970.686471,623461.000,33843,1,SF,1,100,1.8470
0.000000,0.000000,1726701971.019475,623794.000,33892,1,SF,1,100,1.8256
0.000000,0.000000,1726701971.419481,624194.000,33957,1,SF,1,100,1.8045
0.000000,0.000000,1726701971.686485,624461.000,34007,1,SF,1,100,1.7836
0.000000,0.000000,1726701972.019490,624794.000,34057,1,SF,1,100,1.7630
0.000000,0.000000,1726701972.419495,625194.000,34122,1,SF,1,100,1.7426
0.000000,0.000000,1726701972.752500,625527.000,34171,1,SF,1,100,1.7224
0.000000,0.000000,1726701973.019504,625794.000,34222,1,SF,1,100,1.7025
0.000000,0.000000,1726701973.353508,626128.000,34270,1,SF,1,100,1.6828
0.000000,0.000000,1726701973.752514,626527.000,34337,1,SF,1,100,1.6633
0.000000,0.000000,1726701974.019518,626794.000,34388,1,SF,1,100,1.6441
0.000000,0.000000,1726701974.352522,627127.000,34436,1,SF,1,100,1.6251
0.000000,0.000000,1726701974.752528,627527.000,34503,1,SF,1,100,1.6063
0.000000,0.000000,1726701975.086533,627861.000,34552,1,SF,1,100,1.5877
0.000000,0.000000,1726701975.352537,628127.000,34602,1,SF,1,100,1.5693
0.000000,0.000000,1726701975.686541,628461.000,34651,1,SF,1,100,1.5512
0.000000,0.000000,1726701976.085547,628860.000,34718,1,SF,1,100,1.5332
0.000000,0.000000,1726701976.352551,629127.000,34766,1,SF,1,100,1.5155
0.000000,0.000000,1726701976.685555,629460.000,34815,1,SF,1,100,1.4980
0.000000,0.000000,1726701977.085561,629860.000,34881,1,SF,1,100,1.4806
0.000000,0.000000,1726701977.419566,630194.000,34932,1,SF,1,100,1.4635
0.000000,0.000000,1726701977.685569,630460.000,34981,1,SF,1,100,1.4466
0.000000,0.000000,1726701978.019574,630794.000,35029,1,SF,1,100,1.4298
0.000000,0.000000,1726701978.419580,631194.000,35096,1,SF,1,100,1.4133
0.000000,0.000000,1726701978.685584,631460.000,35149,1,SF,1,100,1.3969
0.000000,0.000000,1726701979.019588,631794.000,35197,1,SF,1,100,1.3808
0.000000,0.000000,1726701979.352593,632127.000,35246,1,SF,1,100,1.3648
0.000000,0.000000,1726701979.752599,632527.000,35311,1,SF,1,100,1.3490
0.000000,0.000000,1726701980.018602,632793.000,35363,1,SF,1,100,1.3334
0.000000,0.000000,1726701980.352607,633127.000,35412,1,SF,1,100,1.3180
0.000000,0.000000,1726701980.752613,633527.000,35477,1,SF,1,100,1.3027
0.000000,0.000000,1726701981.018616,633793.000,35525,1,SF,1,100,1.2877
0.000000,0.000000,1726701981.352621,634127.000,35576,1,SF,1,100,1.2728
0.000000,0.000000,1726701981.752627,634527.000,35644,1,SF,1,100,3.3403
0.000000,0.000000,1726701982.085631,634860.000,35693,1,SF,1,100,3.3017
0.000000,0.000000,1726701982.352635,635127.000,35742,1,SF,1,100,3.2635
0.000000,0.000000,1726701982.685640,635460.000,35792,1,SF,1,100,3.2257
0.000000,0.000000,1726701983.085646,635860.000,35857,1,SF,1,100,3.1884
0.000000,0.000000,1726701983.351649,636126.000,35908,1,SF,1,100,3.1515
0.000000,0.000000,1726701983.685654,636460.000,35958,1,SF,1,100,3.1151
0.000000,0.000000,1726701984.085660,636860.000,36025,1,SF,1,100,3.0790
0.000000,0.000000,1726701984.418664,637193.000,36074,1,SF,1,100,3.0434
0.000000,0.000000,1726701984.685668,637460.000,36124,1,SF,1,100,3.0082
0.000000,0.000000,1726701985.018673,637793.000,36173,1,SF,1,100,2.9734
0.000000,0.000000,1726701985.418678,638193.000,36240,1,SF,1,100,2.9390
0.000000,0.000000,1726701985.685682,638460.000,36274,1,SF,1,100,2.9050
0.000000,0.000000,1726701986.018687,638793.000,36323,1,SF,1,100,2.8714
0.000000,0.000000,1726701986.418693,639193.000,36390,1,SF,1,100,2.8382
0.000000,0.000000,1726701986.684696,639459.000,36440,1,SF,1,100,2.8054
0.000000,0.000000,1726701987.018701,639793.000,36489,1,SF,1,100,2.7729
0.000000,0.000000,1726701987.418707,640193.000,36554,1,SF,1,100,2.7408
0.000000,0.000000,1726701987.751711,640526.000,36604,1,SF,1,100,2.7091
0.000000,0.000000,1726701988.018715,640793.000,36655,1,SF,1,100,2.6778
0.000000,0.000000,1726701988.351720,641126.000,36703,1,SF,1,100,2.6468
0.000000,0.000000,1726701988.751725,641526.000,36770,1,SF,1,100,2.6162
0.000000,0.000000,1726701989.018729,641793.000,36821,1,SF,1,100,2.5859
0.000000,0.000000,1726701989.351734,642126.000,36869,1,SF,1,100,2.5560
0.000000,0.000000,1726701989.751740,642526.000,36935,1,SF,1,100,2.5264
0.000000,0.000000,1726701990.084744,642859.000,36985,1,SF,1,100,2.4972
0.000000,0.000000,1726701990.351748,643126.000,37035,1,SF,1,100,2.4683
0.000000,0.000000,1726701990.684753,643459.000,37084,1,SF,1,100,2.4398
0.000000,0.000000,1726701991.084758,643859.000,37149,1,SF,1,100,2.4116
0.000000,0.000000,1726701991.351762,644126.000,37199,1,SF,1,100,2.3837
0.000000,0.000000,1726701991.684767,644459.000,37250,1,SF,1,100,2.3561
0.000000,0.000000,1726701992.084773,644859.000,37315,1,SF,1,100,2.3288
0.000000,0.000000,1726701992.417777,645192.000,37363,1,SF,1,100,2.3019
0.000000,0.000000,1726701992.684781,645459.000,37414,1,SF,1,100,2.2753
0.000000,0.000000,1726701993.017786,645792.000,37464,1,SF,1,100,2.2489
0.000000,0.000000,1726701993.417791,646192.000,37531,1,SF,1,100,2.2229
0.000000,0.000000,1726701993.684795,646459.000,37580,1,SF,1,100,2.1972
0.000000,0.000000,1726701994.017800,646792.000,37628,1,SF,1,100,2.1718
0.000000,0.000000,1726701994.417805,647192.000,37696,1,SF,1,100,2.1467
0.000000,0.000000,1726701994.684809,647459.000,37746,1,SF,1,100,2.1218
0.000000,0.000000,1726701995.017814,647792.000,37794,1,SF,1,100,2.0973
0.000000,0.000000,1726701995.350819,648125.000,37843,1,SF,1,100,2.0730
0.000000,0.000000,1726701995.750824,648525.000,37908,1,SF,1,100,2.0490
0.000000,0.000000,1726701996.017828,648792.000,37960,1,SF,1,100,2.0253
0.000000,0.000000,1726701996.350833,649125.000,38009,1,SF,1,100,2.0019
0.000000,0.000000,1726701996.750838,649525.000,38074,1,SF,1,100,1.9788
0.000000,0.000000,1726701997.017842,649792.000,38122,1,SF,1,100,1.9559
0.000000,0.000000,1726701997.350847,650125.000,38174,1,SF,1,100,1.9332
0.000000,0.000000,1726701997.684851,650459.000,38223,1,SF,1,100,1.9109
0.000000,0.000000,1726701998.083857,650858.000,38288,1,SF,1,100,1.8888
0.000000,0.000000,1726701998.350861,651125.000,38337,1,SF,1,100,1.8669
0.000000,0.000000,1726701998.683866,651458.000,38389,1,SF,1,100,1.8453
0.000000,0.000000,1726701999.083871,651858.000,38454,1,SF,1,100,1.8240
0.000000,0.000000,1726701999.350875,652125.000,38505,1,SF,1,100,1.8029
0.000000,0.000000,1726701999.683880,652458.000,38553,1,SF,1,100,1.7820
0.000000,0.000000,1726702000.016884,652791.000,38604,1,SF,1,100,1.7614
0.000000,0.000000,1726702000.416890,653191.000,38669,1,SF,1,100,1.7410
0.000000,0.000000,1726702000.683894,653458.000,38719,1,SF,1,100,1.7209
0.000000,0.000000,1726702001.016898,653791.000,38768,1,SF,1,100,1.7010
0.000000,0.000000,1726702001.416904,654191.000,38835,1,SF,1,100,1.6813
0.000000,0.000000,1726702001.683908,654458.000,38883,1,SF,1,100,1.6619
0.000000,0.000000,1726702002.016913,654791.000,38933,1,SF,1,100,1.6426
0.000000,0.000000,1726702002.350917,655125.000,38982,1,SF,1,100,1.6236
0.000000,0.000000,1726702002.750923,655525.000,39049,1,SF,1,100,1.6048
0.000000,0.000000,1726702003.016927,655791.000,39098,1,SF,1,100,1.5863
0.000000,0.000000,1726702003.349931,656124.000,39146,1,SF,1,100,1.5679
0.000000,0.000000,1726702003.749937,656524.000,39213,1,SF,1,100,1.5498
0.000000,0.000000,1726702004.016941,656791.000,39264,1,SF,1,100,1.5319
0.000000,0.000000,1726702004.349945,657124.000,39314,1,SF,1,100,1.5141
0.000000,0.000000,1726702004.749951,657524.000,39379,1,SF,1,100,1.4966
0.000000,0.000000,1726702005.083956,657858.000,39428,1,SF,1,100,1.4793
0.000000,0.000000,1726702005.349960,658124.000,39480,1,SF,1,100,1.4622
0.000000,0.000000,1726702005.683964,658458.000,39529,1,SF,1,100,1.4453
0.000000,0.000000,1726702006.082970,658857.000,39594,1,SF,1,100,1.4286
0.000000,0.000000,1726702006.349974,659124.000,39642,1,SF,1,100,1.4120
0.000000,0.000000,1726702006.682978,659457.000,39694,1,SF,1,100,1.3957
0.000000,0.000000,1726702007.082984,659857.000,39759,1,SF,1,100,1.3796
0.000000,0.000000,1726702007.416989,660191.000,39808,1,SF,1,100,1.3636
0.000000,0.000000,1726702007.682992,660457.000,39857,1,SF,1,100,1.3478
0.000000,0.000000,1726702008.016997,660791.000,39907,1,SF,1,100,1.3322
0.000000,0.000000,1726702008.417003,661191.000,39974,1,SF,1,100,1.3168
0.000000,0.000000,1726702008.683007,661457.000,40025,1,SF,1,100,1.3016
0.000000,0.000000,1726702009.017011,661791.000,40073,1,SF,1,100,1.2865
0.000000,0.000000,1726702009.350016,662124.000,40122,1,SF,1,100,1.2717
0.000000,0.000000,1726702009.750022,662524.000,40189,1,SF,1,100,1.2569
0.000000,0.000000,1726702010.016025,662790.000,40239,1,SF,1,100,1.2424
0.000000,0.000000,1726702010.350030,663124.000,40288,1,SF,1,100,1.2280
0.000000,0.000000,1726702010.750036,663524.000,40355,1,SF,1,100,1.2138
0.000000,0.000000,1726702011.016040,663790.000,40403,1,SF,1,100,1.1998
0.000000,0.000000,1726702011.350044,664124.000,40453,1,SF,1,100,1.1859
0.000000,0.000000,1726702011.683049,664457.000,40502,1,SF,1,100,1.1722
0.000000,0.000000,1726702012.083055,664857.000,40567,1,SF,1,100,1.1586
0.000000,0.000000,1726702012.350058,665124.000,40618,1,SF,1,100,1.1452
0.000000,0.000000,1726702012.683063,665457.000,40666,1,SF,1,100,1.1320
0.000000,0.000000,1726702013.083069,665857.000,40731,1,SF,1,100,1.1189
0.000000,0.000000,1726702013.349072,666123.000,40782,1,SF,1,100,1.1059
0.000000,0.000000,1726702013.683077,666457.000,40834,1,SF,1,100,1.0931
0.000000,0.000000,1726702014.083083,666857.000,40899,1,SF,1,100,1.0805
0.000000,0.000000,1726702014.416087,667190.000,40948,1,SF,1,100,1.0680
0.000000,0.000000,1726702014.683091,667457.000,41000,1,SF,1,100,1.0556
0.000000,0.000000,1726702015.016096,667790.000,41049,1,SF,1,100,1.0434
0.000000,0.000000,1726702015.416102,668190.000,41114,1,SF,1,100,1.0314
0.000000,0.000000,1726702015.683105,668457.000,41162,1,SF,1,100,1.0194
0.000000,0.000000,1726702016.016110,668790.000,41211,1,SF,1,100,1.0076
0.000000,0.000000,1726702016.416116,669190.000,41279,1,SF,1,100,0.9960
0.000000,0.000000,1726702016.749120,669523.000,41328,1,SF,1,100,0.9845
0.000000,0.000000,1726702017.016124,669790.000,41377,1,SF,1,100,0.9731
0.000000,0.000000,1726702017.349129,670123.000,41427,1,SF,1,100,0.9618
0.000000,0.000000,1726702017.749134,670523.000,41492,1,SF,1,100,0.9507
0.000000,0.000000,1726702018.016138,670790.000,41543,1,SF,1,100,0.9397
0.000000,0.000000,1726702018.349143,671123.000,41591,1,SF,1,100,0.9288
0.000000,0.000000,1726702018.749149,671523.000,41660,1,SF,1,100,0.9181
0.000000,0.000000,1726702019.082153,671856.000,41709,1,SF,1,100,0.9075
0.000000,0.000000,1726702019.349157,672123.000,41759,1,SF,1,100,0.8970
0.000000,0.000000,1726702019.749163,672523.000,41808,1,SF,1,100,0.8866
0.000000,0.000000,1726702020.015166,672789.000,41860,1,SF,1,100,0.8763
0.000000,0.000000,1726702020.349171,673123.000,41909,1,SF,1,100,0.8662
0.000000,0.000000,1726702020.749177,673523.000,41974,1,SF,1,100,0.8562
0.000000,0.000000,1726702021.015181,673789.000,42022,1,SF,1,100,0.8463
0.000000,0.000000,1726702021.349185,674123.000,42074,1,SF,1,100,0.8365
0.000000,0.000000,1726702021.682190,674456.000,42123,1,SF,1,100,0.8268
0.000000,0.000000,1726702022.082196,674856.000,42188,1,SF,1,100,0.8172
0.000000,0.000000,1726702022.349199,675123.000,42237,1,SF,1,100,0.8078
0.000000,0.000000,1726702022.682204,675456.000,42288,1,SF,1,100,0.7984
0.000000,0.000000,1726702023.015209,675789.000,42338,1,SF,1,100,0.7892
0.000000,0.000000,1726702023.415214,676189.000,42405,1,SF,1,100,0.7801
0.000000,0.000000,1726702023.682218,676456.000,42453,1,SF,1,100,0.7710
0.000000,0.000000,1726702024.015223,676789.000,42504,1,SF,1,100,0.7621
0.000000,0.000000,1726702024.415228,677189.000,42570,1,SF,1,100,0.7533
0.000000,0.000000,1726702024.682232,677456.000,42619,1,SF,1,100,0.7446
0.000000,0.000000,1726702025.015237,677789.000,42670,1,SF,1,100,0.7360
0.000000,0.000000,1726702025.348242,678122.000,42718,1,SF,1,100,0.7275
0.000000,0.000000,1726702025.748247,678522.000,42783,1,SF,1,100,0.7191
0.000000,0.000000,1726702026.015251,678789.000,42834,1,SF,1,100,0.7107
0.000000,0.000000,1726702026.348256,679122.000,42884,1,SF,1,100,0.7025
0.000000,0.000000,1726702026.748261,679522.000,42949,1,SF,1,100,0.6944
0.000000,0.000000,1726702027.081266,679855.000,42998,1,SF,1,100,0.6864
0.000000,0.000000,1726702027.348270,680122.000,43048,1,SF,1,100,0.6784
0.000000,0.000000,1726702027.681275,680455.000,43099,1,SF,1,100,0.6706
0.000000,0.000000,1726702028.081280,680855.000,43164,1,SF,1,100,0.6628
0.000000,0.000000,1726702028.348284,681122.000,43212,1,SF,1,100,0.6551
0.000000,0.000000,1726702028.681289,681455.000,43264,1,SF,1,100,0.6476
0.000000,0.000000,1726702029.015293,681789.000,43315,1,SF,1,100,0.6401
0.000000,0.000000,1726702029.414299,682188.000,43380,1,SF,1,100,0.6327
0.000000,0.000000,1726702029.681303,682455.000,43429,1,SF,1,100,0.6253
0.000000,0.000000,1726702030.014307,682788.000,43477,1,SF,1,100,0.6181
0.000000,0.000000,1726702030.414313,683188.000,43545,1,SF,1,100,0.6110
0.000000,0.000000,1726702030.748318,683522.000,43595,1,SF,1,100,0.6039
0.000000,0.000000,1726702031.014322,683788.000,43643,1,SF,1,100,0.5969
0.000000,0.000000,1726702031.348326,684122.000,43693,1,SF,1,100,0.5900
0.000000,0.000000,1726702031.681331,684455.000,43744,1,SF,1,100,0.5832
0.000000,0.000000,1726702032.081337,684855.000,43809,1,SF,1,100,0.5764
0.000000,0.000000,1726702032.348340,685122.000,43858,1,SF,1,100,0.5698
0.000000,0.000000,1726702032.681345,685455.000,43908,1,SF,1,100,0.5632
0.000000,0.000000,1726702033.014350,685788.000,43959,1,SF,1,100,0.5567
0.000000,0.000000,1726702033.414355,686188.000,44026,1,SF,1,100,0.5502
0.000000,0.000000,1726702033.681359,686455.000,44074,1,SF,1,100,0.5439
0.000000,0.000000,1726702034.014364,686788.000,44125,1,SF,1,100,0.5376
0.000000,0.000000,1726702034.414370,687188.000,44190,1,SF,1,100,0.5313
0.000000,0.000000,1726702034.681373,687455.000,44240,1,SF,1,100,0.5252
0.000000,0.000000,1726702035.014378,687788.000,44289,1,SF,1,100,0.5191
0.000000,0.000000,1726702035.414384,688188.000,44340,1,SF,1,100,0.5131
0.000000,0.000000,1726702035.680387,688454.000,44374,1,SF,1,100,0.5072
0.000000,0.000000,1726702036.014392,688788.000,44424,1,SF,1,100,0.5013
0.000000,0.000000,1726702036.347397,689121.000,44473,1,SF,1,100,0.4955
0.000000,0.000000,1726702036.747402,689521.000,44540,1,SF,1,100,0.4898
0.000000,0.000000,1726702037.014406,689788.000,44589,1,SF,1,100,0.4841
0.000000,0.000000,1726702037.347411,690121.000,44637,1,SF,1,100,0.4785
0.000000,0.000000,1726702037.747417,690521.000,44702,1,SF,1,100,0.4730
0.000000,0.000000,1726702038.014420,690788.000,44755,1,SF,1,100,0.4675
0.000000,0.000000,1726702038.347425,691121.000,44803,1,SF,1,100,0.4621
0.000000,0.000000,1726702038.680430,691454.000,44854,1,SF,1,100,0.4568
0.000000,0.000000,1726702039.080435,691854.000,44919,1,SF,1,100,0.4515
0.000000,0.000000,1726702039.347439,692121.000,44969,1,SF,1,100,0.4462
0.000000,0.000000,1726702039.680444,692454.000,45020,1,SF,1,100,0.4411
0.000000,0.000000,1726702040.080449,692854.000,45085,1,SF,1,100,0.4360
0.000000,0.000000,1726702040.347453,693121.000,45133,1,SF,1,100,0.4309
0.000000,0.000000,1726702040.680458,693454.000,45185,1,SF,1,100,0.4260
0.000000,0.000000,1726702041.013463,693787.000,45234,1,SF,1,100,0.4210
0.000000,0.000000,1726702041.413468,694187.000,45299,1,SF,1,100,0.4162
0.000000,0.000000,1726702041.680472,694454.000,45348,1,SF,1,100,0.4113
0.000000,0.000000,1726702042.013477,694787.000,45398,1,SF,1,100,0.4066
0.000000,0.000000,1726702042.413482,695187.000,45463,1,SF,1,100,0.4019
0.000000,0.000000,1726702042.680486,695454.000,45514,1,SF,1,100,0.3972
0.000000,0.000000,1726702043.013491,695787.000,45564,1,SF,1,100,0.3926
0.000000,0.000000,1726702043.346495,696120.000,45613,1,SF,1,100,0.3881
0.000000,0.000000,1726702043.746501,696520.000,45680,1,SF,1,100,0.3836
0.000000,0.000000,1726702044.013505,696787.000,45730,1,SF,1,100,0.3792
0.000000,0.000000,1726702044.346510,697120.000,45779,1,SF,1,100,0.3748
0.000000,0.000000,1726702044.746515,697520.000,45846,1,SF,1,100,0.3704
0.000000,0.000000,1726702045.013519,697787.000,45894,1,SF,1,100,0.3662
0.000000,0.000000,1726702045.346524,698120.000,45944,1,SF,1,100,0.3619
0.000000,0.000000,1726702045.746529,698520.000,46011,1,SF,1,100,0.3577
0.000000,0.000000,1726702046.079534,698853.000,46060,1,SF,1,100,0.3536
0.000000,0.000000,1726702046.346538,699120.000,46109,1,SF,1,100,0.3495
0.000000,0.000000,1726702046.679542,699453.000,46159,1,SF,1,100,0.3455
0.000000,0.000000,1726702047.079548,699853.000,46224,1,SF,1,100,0.3415
0.000000,0.000000,1726702047.346552,700120.000,46275,1,SF,1,100,0.3375
0.000000,0.000000,1726702047.679557,700453.000,46323,1,SF,1,100,0.3336
0.000000,0.000000,1726702048.079562,700853.000,46388,1,SF,1,100,0.3298
0.000000,0.000000,1726702048.413567,701187.000,46441,1,SF,1,100,0.3259
0.000000,0.000000,1726702048.679571,701453.000,46491,1,SF,1,100,0.3222
0.000000,0.000000,1726702049.013575,701787.000,46540,1,SF,1,100,0.3184
0.000000,0.000000,1726702049.412581,702186.000,46605,1,SF,1,100,0.3148
0.000000,0.000000,1726702049.679585,702453.000,46653,1,SF,1,100,0.3111
0.000000,0.000000,1726702050.012589,702786.000,46705,1,SF,1,100,0.3075
0.000000,0.000000,1726702050.412595,703186.000,46770,1,SF,1,100,0.3040
0.000000,0.000000,1726702050.746600,703520.000,46819,1,SF,1,100,0.3004
0.000000,0.000000,1726702051.012604,703786.000,46868,1,SF,1,100,0.2970
0.000000,0.000000,1726702051.346608,704120.000,46918,1,SF,1,100,0.2935
0.000000,0.000000,1726702051.746614,704520.000,46983,1,SF,1,100,0.2901
0.000000,0.000000,1726702052.012618,704786.000,47034,1,SF,1,100,0.2868
0.000000,0.000000,1726702052.346622,705120.000,47082,1,SF,1,100,0.2835
0.000000,0.000000,1726702052.745628,705519.000,47149,1,SF,1,100,0.2802
0.000000,0.000000,1726702053.079633,705853.000,47198,1,SF,1,100,0.2769
0.000000,0.000000,1726702053.345637,706119.000,47248,1,SF,1,100,0.2737
0.000000,0.000000,1726702053.679641,706453.000,47299,1,SF,1,100,0.2706
0.000000,0.000000,1726702054.079647,706853.000,47366,1,SF,1,100,0.2674
0.000000,0.000000,1726702054.345651,707119.000,47416,1,SF,1,100,0.2644
0.000000,0.000000,1726702054.679655,707453.000,47465,1,SF,1,100,0.2613
0.000000,0.000000,1726702055.079661,707853.000,47530,1,SF,1,100,0.2583
0.000000,0.000000,1726702055.345665,708119.000,47566,1,SF,1,100,0.2553
0.000000,0.000000,1726702055.679669,708453.000,47616,1,SF,1,100,0.2523
0.000000,0.000000,1726702056.079675,708853.000,47681,1,SF,1,100,0.2494
0.000000,0.000000,1726702056.345679,709119.000,47732,1,SF,1,100,0.2465
0.000000,0.000000,1726702056.679684,709453.000,47780,1,SF,1,100,0.2437
0.000000,0.000000,1726702057.078689,709852.000,47845,1,SF,1,100,0.2409
0.000000,0.000000,1726702057.345693,710119.000,47896,1,SF,1,100,0.2381
0.000000,0.000000,1726702057.678698,710452.000,47946,1,SF,1,100,0.2353
0.000000,0.000000,1726702058.012702,710786.000,47995,1,SF,1,100,0.2326
0.000000,0.000000,1726702058.412708,711186.000,48062,1,SF,1,100,0.2299
0.000000,0.000000,1726702058.678712,711452.000,48112,1,SF,1,100,0.2272
0.000000,0.000000,1726702059.012716,711786.000,48163,1,SF,1,100,0.2246
0.000000,0.000000,1726702059.411722,712185.000,48228,1,SF,1,100,0.2220
0.000000,0.000000,1726702059.745727,712519.000,48276,1,SF,1,100,0.2194
0.000000,0.000000,1726702060.011731,712785.000,48327,1,SF,1,100,0.2169
0.000000,0.000000,1726702060.345735,713119.000,48377,1,SF,1,100,0.2144
0.000000,0.000000,1726702060.745741,713519.000,48442,1,SF,1,100,0.2119
0.000000,0.000000,1726702061.011745,713785.000,48491,1,SF,1,100,0.2095
0.000000,0.000000,1726702061.345749,714119.000,48541,1,SF,1,100,0.2070
0.000000,0.000000,1726702061.678754,714452.000,48590,1,SF,1,100,0.2046
0.000000,0.000000,1726702062.078760,714852.000,48657,1,SF,1,100,0.2023
0.000000,0.000000,1726702062.345763,715119.000,48707,1,SF,1,100,0.1999
0.000000,0.000000,1726702062.678768,715452.000,48757,1,SF,1,100,0.1976
0.000000,0.000000,1726702063.078774,715852.000,48822,1,SF,1,100,0.1953
0.000000,0.000000,1726702063.411778,716185.000,48873,1,SF,1,100,0.1931
0.000000,0.000000,1726702063.678782,716452.000,48924,1,SF,1,100,0.1908
0.000000,0.000000,1726702064.011787,716785.000,48972,1,SF,1,100,0.1886
0.000000,0.000000,1726702064.411793,717185.000,49037,1,SF,1,100,0.1865
0.000000,0.000000,1726702064.678796,717452.000,49088,1,SF,1,100,0.1843
0.000000,0.000000,1726702065.011801,717785.000,49136,1,SF,1,100,0.1822
0.000000,0.000000,1726702065.344806,718118.000,49187,1,SF,1,100,0.1801
0.000000,0.000000,1726702065.744811,718518.000,49252,1,SF,1,100,0.1780
0.000000,0.000000,1726702066.011815,718785.000,49302,1,SF,1,100,0.1759
0.000000,0.000000,1726702066.344820,719118.000,49351,1,SF,1,100,0.1739
0.000000,0.000000,1726702066.744825,719518.000,49418,1,SF,1,100,0.1719
0.000000,0.000000,1726702067.077830,719851.000,49466,1,SF,1,100,0.1699
0.000000,0.000000,1726702067.344834,720118.000,49517,1,SF,1,100,0.1679
0.000000,0.000000,1726702067.677839,720451.000,49565,1,SF,1,100,0.1660
0.000000,0.000000,1726702068.077844,720851.000,49630,1,SF,1,100,0.1641
0.000000,0.000000,1726702068.344848,721118.000,49679,1,SF,1,100,0.1622
0.000000,0.000000,1726702068.677853,721451.000,49731,1,SF,1,100,0.1603
0.000000,0.000000,1726702069.011857,721785.000,49780,1,SF,1,100,0.1584
0.000000,0.000000,1726702069.410863,722184.000,49847,1,SF,1,100,0.1566
0.000000,0.000000,1726702069.677867,722451.000,49895,1,SF,1,100,0.1548
0.000000,0.000000,1726702070.010872,722784.000,49946,1,SF,1,100,0.1530
0.000000,0.000000,1726702070.344876,723118.000,49996,1,SF,1,100,0.1512
0.000000,0.000000,1726702070.744882,723518.000,50061,1,SF,1,100,0.1495
0.000000,0.000000,1726702071.077887,723851.000,50095,1,SF,1,100,0.1477
0.000000,0.000000,1726702071.344890,724118.000,50131,1,SF,1,100,0.1460
0.000000,0.000000,1726702071.677895,724451.000,50182,1,SF,1,100,0.1443
0.000000,0.000000,1726702072.077901,724851.000,50249,1,SF,1,100,2.2249
0.000000,0.000000,1726702072.344904,725118.000,50297,1,SF,1,100,2.1992
0.000000,0.000000,1726702072.677909,725451.000,50348,1,SF,1,100,2.1738
0.000000,0.000000,1726702073.077915,725851.000,50414,1,SF,1,100,2.1486
0.000000,0.000000,1726702073.410919,726184.000,50465,1,SF,1,100,2.1238
0.000000,0.000000,1726702073.677923,726451.000,50514,1,SF,1,100,2.0992
0.000000,0.000000,1726702074.010928,726784.000,50564,1,SF,1,100,2.0749
0.000000,0.000000,1726702074.410934,727184.000,50629,1,SF,1,100,2.0509
0.000000,0.000000,1726702074.677937,727451.000,50680,1,SF,1,100,2.0272
0.000000,0.000000,1726702075.010942,727784.000,50728,1,SF,1,100,2.0037
0.000000,0.000000,1726702075.410948,728184.000,50795,1,SF,1,100,1.9805
0.000000,0.000000,1726702075.743952,728517.000,50844,1,SF,1,100,1.9576
0.000000,0.000000,1726702076.010956,728784.000,50894,1,SF,1,100,1.9350
0.000000,0.000000,1726702076.343961,729117.000,50943,1,SF,1,100,1.9126
0.000000,0.000000,1726702076.743967,729517.000,51010,1,SF,1,100,1.8905
0.000000,0.000000,1726702077.010970,729784.000,51058,1,SF,1,100,1.8686
0.000000,0.000000,1726702077.343975,730117.000,51107,1,SF,1,100,1.8470
0.000000,0.000000,1726702077.743981,730517.000,51173,1,SF,1,100,1.8256
0.000000,0.000000,1726702078.010984,730784.000,51224,1,SF,1,100,1.8045
0.000000,0.000000,1726702078.343989,731117.000,51273,1,SF,1,100,1.7836
0.000000,0.000000,1726702078.676994,731450.000,51323,1,SF,1,100,1.7630
0.000000,0.000000,1726702079.076999,731850.000,51388,1,SF,1,100,1.7426
0.000000,0.000000,1726702079.344003,732117.000,51441,1,SF,1,100,1.7224
0.000000,0.000000,1726702079.677008,732450.000,51489,1,SF,1,100,1.7025
0.000000,0.000000,1726702080.077014,732850.000,51554,1,SF,1,100,1.6828
0.000000,0.000000,1726702080.344017,733117.000,51603,1,SF,1,100,1.6634
0.000000,0.000000,1726702080.677022,733450.000,51652,1,SF,1,100,1.6441
0.000000,0.000000,1726702081.010027,733783.000,51704,1,SF,1,100,1.6251
0.000000,0.000000,1726702081.410032,734183.000,51773,1,SF,1,100,3.6886
0.000000,0.000000,1726702081.677036,734450.000,51821,1,SF,1,100,3.6459
0.000000,0.000000,1726702082.010041,734783.000,51870,1,SF,1,100,3.6037
0.000000,0.000000,1726702082.410046,735183.000,51935,1,SF,1,100,3.5620
0.000000,0.000000,1726702082.677050,735450.000,51985,1,SF,1,100,3.5208
0.000000,0.000000,1726702083.010055,735783.000,52034,1,SF,1,100,3.4801
0.000000,0.000000,1726702083.343060,736116.000,52082,1,SF,1,100,3.4398
0.000000,0.000000,1726702083.743065,736516.000,52149,1,SF,1,100,3.4000
0.000000,0.000000,1726702084.010069,736783.000,52200,1,SF,1,100,3.3607
0.000000,0.000000,1726702084.343074,737116.000,52248,1,SF,1,100,3.3218
0.000000,0.000000,1726702084.744079,737517.000,52313,1,SF,1,100,3.2834
0.000000,0.000000,1726702085.010083,737783.000,52362,1,SF,1,100,3.2454
0.000000,0.000000,1726702085.343088,738116.000,52411,1,SF,1,100,3.2079
0.000000,0.000000,1726702085.677092,738450.000,52461,1,SF,1,100,3.1708
0.000000,0.000000,1726702086.076098,738849.000,52526,1,SF,1,100,3.1341
0.000000,0.000000,1726702086.343102,739116.000,52574,1,SF,1,100,3.0978
0.000000,0.000000,1726702086.676107,739449.000,52623,1,SF,1,100,3.0620
0.000000,0.000000,1726702087.076112,739849.000,52688,1,SF,1,100,3.0266
0.000000,0.000000,1726702087.343116,740116.000,52738,1,SF,1,100,2.9916
0.000000,0.000000,1726702087.676121,740449.000,52787,1,SF,1,100,2.9570
0.000000,0.000000,1726702088.010125,740783.000,52835,1,SF,1,100,2.9227
0.000000,0.000000,1726702088.410131,741183.000,52902,1,SF,1,100,2.8889
0.000000,0.000000,1726702088.676135,741449.000,52953,1,SF,1,100,2.8555
0.000000,0.000000,1726702089.010140,741783.000,53001,1,SF,1,100,2.8225
0.000000,0.000000,1726702089.409145,742182.000,53066,1,SF,1,100,2.7898
0.000000,0.000000,1726702089.676149,742449.000,53115,1,SF,1,100,2.7576
0.000000,0.000000,1726702090.009154,742782.000,53165,1,SF,1,100,2.7257
0.000000,0.000000,1726702090.343158,743116.000,53214,1,SF,1,100,2.6941
0.000000,0.000000,1726702090.743164,743516.000,53279,1,SF,1,100,2.6630
0.000000,0.000000,1726702091.009168,743782.000,53327,1,SF,1,100,2.6322
0.000000,0.000000,1726702091.343172,744116.000,53376,1,SF,1,100,2.6017
0.000000,0.000000,1726702091.743178,744516.000,53442,1,SF,1,100,2.5716
0.000000,0.000000,1726702092.076183,744849.000,53491,1,SF,1,100,2.5419
0.000000,0.000000,1726702092.343187,745116.000,53540,1,SF,1,100,2.5125
0.000000,0.000000,1726702092.676191,745449.000,53588,1,SF,1,100,2.4834
0.000000,0.000000,1726702093.076197,745849.000,53653,1,SF,1,100,2.4547
0.000000,0.000000,1726702093.342201,746115.000,53704,1,SF,1,100,2.4263
0.000000,0.000000,1726702093.676205,746449.000,53754,1,SF,1,100,2.3982
0.000000,0.000000,1726702094.076211,746849.000,53819,1,SF,1,100,2.3705
0.000000,0.000000,1726702094.409216,747182.000,53868,1,SF,1,100,2.3430
0.000000,0.000000,1726702094.676219,747449.000,53918,1,SF,1,100,2.3159
0.000000,0.000000,1726702095.009224,747782.000,53967,1,SF,1,100,2.2891
0.000000,0.000000,1726702095.409230,748182.000,54032,1,SF,1,100,2.2627
0.000000,0.000000,1726702095.676234,748449.000,54080,1,SF,1,100,2.2365
0.000000,0.000000,1726702096.009238,748782.000,54129,1,SF,1,100,2.2106
0.000000,0.000000,1726702096.409244,749182.000,54194,1,SF,1,100,2.1850
0.000000,0.000000,1726702096.675248,749448.000,54244,1,SF,1,100,2.1598
0.000000,0.000000,1726702097.009252,749782.000,54293,1,SF,1,100,2.1348
0.000000,0.000000,1726702097.342257,750115.000,54341,1,SF,1,100,2.1101
0.000000,0.000000,1726702097.742263,750515.000,54406,1,SF,1,100,2.0857
0.000000,0.000000,1726702098.009266,750782.000,54457,1,SF,1,100,2.0616
0.000000,0.000000,1726702098.342271,751115.000,54505,1,SF,1,100,2.0377
0.000000,0.000000,1726702098.742277,751515.000,54572,1,SF,1,100,2.0141
0.000000,0.000000,1726702099.009281,751782.000,54621,1,SF,1,100,1.9908
0.000000,0.000000,1726702099.342285,752115.000,54670,1,SF,1,100,1.9678
0.000000,0.000000,1726702099.675290,752448.000,54720,1,SF,1,100,1.9450
0.000000,0.000000,1726702100.075296,752848.000,54785,1,SF,1,100,1.9225
0.000000,0.000000,1726702100.342299,753115.000,54833,1,SF,1,100,1.9003
0.000000,0.000000,1726702100.675304,753448.000,54882,1,SF,1,100,1.8783
0.000000,0.000000,1726702101.075310,753848.000,54947,1,SF,1,100,1.8566
0.000000,0.000000,1726702101.342313,754115.000,54997,1,SF,1,100,1.8351
0.000000,0.000000,1726702101.675318,754448.000,55046,1,SF,1,100,1.8139
0.000000,0.000000,1726702102.008323,754781.000,55094,1,SF,1,100,1.7929
0.000000,0.000000,1726702102.408328,755181.000,55159,1,SF,1,100,1.7722
0.000000,0.000000,1726702102.675332,755448.000,55210,1,SF,1,100,1.7517
0.000000,0.000000,1726702103.008337,755781.000,55258,1,SF,1,100,1.7314
0.000000,0.000000,1726702103.408343,756181.000,55325,1,SF,1,100,1.7114
0.000000,0.000000,1726702103.675346,756448.000,55374,1,SF,1,100,1.6916
0.000000,0.000000,1726702104.008351,756781.000,55422,1,SF,1,100,1.6720
0.000000,0.000000,1726702104.408357,757181.000,55488,1,SF,1,100,1.6527
0.000000,0.000000,1726702104.741361,757514.000,55538,1,SF,1,100,1.6335
0.000000,0.000000,1726702105.008365,757781.000,55586,1,SF,1,100,1.6146
0.000000,0.000000,1726702105.341370,758114.000,55635,1,SF,1,100,1.5960
0.000000,0.000000,1726702105.741375,758514.000,55700,1,SF,1,100,1.5775
0.000000,0.000000,1726702106.008379,758781.000,55750,1,SF,1,100,1.5593
0.000000,0.000000,1726702106.341384,759114.000,55799,1,SF,1,100,1.5412
0.000000,0.000000,1726702106.741390,759514.000,55864,1,SF,1,100,1.5234
0.000000,0.000000,1726702107.074394,759847.000,55912,1,SF,1,100,1.5058
0.000000,0.000000,1726702107.341398,760114.000,55963,1,SF,1,100,1.4883
0.000000,0.000000,1726702107.674403,760447.000,56011,1,SF,1,100,1.4711
0.000000,0.000000,1726702108.074408,760847.000,56076,1,SF,1,100,1.4541
0.000000,0.000000,1726702108.341412,761114.000,56125,1,SF,1,100,1.4373
0.000000,0.000000,1726702108.674417,761447.000,56175,1,SF,1,100,1.4207
0.000000,0.000000,1726702109.074422,761847.000,56241,1,SF,1,100,1.4042
0.000000,0.000000,1726702109.407427,762180.000,56291,1,SF,1,100,1.3880
0.000000,0.000000,1726702109.674431,762447.000,56339,1,SF,1,100,1.3719
0.000000,0.000000,1726702110.007436,762780.000,56388,1,SF,1,100,1.3561
0.000000,0.000000,1726702110.407441,763180.000,56453,1,SF,1,100,1.3404
0.000000,0.000000,1726702110.674445,763447.000,56503,1,SF,1,100,1.3249
0.000000,0.000000,1726702111.007450,763780.000,56552,1,SF,1,100,1.3095
0.000000,0.000000,1726702111.407455,764180.000,56617,1,SF,1,100,1.2944
0.000000,0.000000,1726702111.741460,764514.000,56665,1,SF,1,100,1.2794
0.000000,0.000000,1726702112.007464,764780.000,56716,1,SF,1,100,1.2646
0.000000,0.000000,1726702112.341469,765114.000,56764,1,SF,1,100,1.2500
0.000000,0.000000,1726702112.740474,765513.000,56829,1,SF,1,100,1.2355
0.000000,0.000000,1726702113.007478,765780.000,56878,1,SF,1,100,1.2212
0.000000,0.000000,1726702113.340483,766113.000,56926,1,SF,1,100,1.2071
0.000000,0.000000,1726702113.740488,766513.000,56994,1,SF,1,100,1.1931
0.000000,0.000000,1726702114.007492,766780.000,57044,1,SF,1,100,1.1793
0.000000,0.000000,1726702114.340497,767113.000,57092,1,SF,1,100,1.1657
0.000000,0.000000,1726702114.674501,767447.000,57141,1,SF,1,100,1.1522
0.000000,0.000000,1726702115.074507,767847.000,57206,1,SF,1,100,1.1389
0.000000,0.000000,1726702115.340511,768113.000,57256,1,SF,1,100,1.1257
0.000000,0.000000,1726702115.674516,768447.000,57305,1,SF,1,100,1.1127
0.000000,0.000000,1726702116.073521,768846.000,57370,1,SF,1,100,1.0998
0.000000,0.000000,1726702116.340525,769113.000,57418,1,SF,1,100,1.0871
0.000000,0.000000,1726702116.673530,769446.000,57469,1,SF,1,100,1.0745
0.000000,0.000000,1726702117.007534,769780.000,57517,1,SF,1,100,1.0621
0.000000,0.000000,1726702117.407540,770180.000,57582,1,SF,1,100,1.0498
0.000000,0.000000,1726702117.673544,770446.000,57631,1,SF,1,100,1.0377
0.000000,0.000000,1726702118.007548,770780.000,57679,1,SF,1,100,1.0257
0.000000,0.000000,1726702118.407554,771180.000,57746,1,SF,1,100,1.0138
0.000000,0.000000,1726702118.673558,771446.000,57797,1,SF,1,100,1.0021
0.000000,0.000000,1726702119.007563,771780.000,57845,1,SF,1,100,0.9905
0.000000,0.000000,1726702119.340567,772113.000,57894,1,SF,1,100,0.9790
0.000000,0.000000,1726702119.740573,772513.000,57959,1,SF,1,100,0.9677
0.000000,0.000000,1726702120.006577,772779.000,58011,1,SF,1,100,0.9565
0.000000,0.000000,1726702120.340581,773113.000,58060,1,SF,1,100,0.9454
0.000000,0.000000,1726702120.740587,773513.000,58125,1,SF,1,100,0.9345
0.000000,0.000000,1726702121.006591,773779.000,58173,1,SF,1,100,0.9237
0.000000,0.000000,1726702121.340595,774113.000,58223,1,SF,1,100,0.9130
0.000000,0.000000,1726702121.673600,774446.000,58272,1,SF,1,100,0.9024
0.000000,0.000000,1726702122.073606,774846.000,58337,1,SF,1,100,0.8920
0.000000,0.000000,1726702122.340610,775113.000,58386,1,SF,1,100,0.8817
0.000000,0.000000,1726702122.673614,775446.000,58434,1,SF,1,100,0.8715
0.000000,0.000000,1726702123.073620,775846.000,58499,1,SF,1,100,0.8614
0.000000,0.000000,1726702123.339624,776112.000,58550,1,SF,1,100,0.8514
0.000000,0.000000,1726702123.673628,776446.000,58600,1,SF,1,100,0.8416
0.000000,0.000000,1726702124.006633,776779.000,58649,1,SF,1,100,0.8318
0.000000,0.000000,1726702124.406639,777179.000,58714,1,SF,1,100,0.8222
0.000000,0.000000,1726702124.673642,777446.000,58764,1,SF,1,100,0.8127
0.000000,0.000000,1726702125.006647,777779.000,58813,1,SF,1,100,0.8033
0.000000,0.000000,1726702125.406653,778179.000,58878,1,SF,1,100,0.7940
0.000000,0.000000,1726702125.673657,778446.000,58926,1,SF,1,100,0.7848
0.000000,0.000000,1726702126.006661,778779.000,58976,1,SF,1,100,0.7758
0.000000,0.000000,1726702126.406667,779179.000,59042,1,SF,1,100,0.7668
0.000000,0.000000,1726702126.739672,779512.000,59090,1,SF,1,100,0.7579
0.000000,0.000000,1726702127.006675,779779.000,59139,1,SF,1,100,0.7491
0.000000,0.000000,1726702127.339680,780112.000,59187,1,SF,1,100,0.7405
0.000000,0.000000,1726702127.739686,780512.000,59252,1,SF,1,100,0.7319
0.000000,0.000000,1726702128.072690,780845.000,59288,1,SF,1,100,0.7234
0.000000,0.000000,1726702128.339694,781112.000,59336,1,SF,1,100,0.7151
0.000000,0.000000,1726702128.672699,781445.000,59387,1,SF,1,100,0.7068
0.000000,0.000000,1726702129.072705,781845.000,59452,1,SF,1,100,0.6986
