EmotiBitTimestamp,PacketNumber,DataLength,TypeTag,ProtocolVersion,DataReliability,EL
1839574.000,33083,1,EL,1,100,-18878.400391
1839640.000,33100,1,EL,1,100,-18878.000000
1839707.000,33115,2,EL,1,100,-18878.199219
1839774.000,33115,2,EL,1,100,-18878.199219
1839840.000,33133,1,EL,1,100,-18878.400391
1839907.000,33151,2,EL,1,100,-18878.000000
1839974.000,33151,2,EL,1,100,-18878.400391
1840040.000,33167,1,EL,1,100,-18878.199219
1840107.000,33182,2,EL,1,100,-18878.599609
1840174.000,33182,2,EL,1,100,-18878.599609
1840240.000,33198,1,EL,1,100,-18879.000000
1840307.000,33216,2,EL,1,100,-18879.000000
1840374.000,33216,2,EL,1,100,-18879.000000
1840440.000,33232,1,EL,1,100,-18879.199219
1840507.000,33247,2,EL,1,100,-18879.800781
1840574.000,33247,2,EL,1,100,-18879.800781
1840640.000,33264,1,EL,1,100,-18879.800781
1840706.500,33281,2,EL,1,100,-18880.000000
1840773.000,33281,2,EL,1,100,-18881.000000
1840840.000,33297,1,EL,1,100,-18881.000000
1840906.500,33313,2,EL,1,100,-18881.199219
1840973.000,33313,2,EL,1,100,-18881.000000
1841040.000,33331,1,EL,1,100,-18881.199219
1841107.000,33348,2,EL,1,100,-18881.199219
1841174.000,33348,2,EL,1,100,-18882.000000
1841240.500,33365,2,EL,1,100,-18881.599609
1841307.000,33365,2,EL,1,100,-18882.000000
1841373.000,33384,1,EL,1,100,-18882.000000
1841440.000,33398,2,EL,1,100,-18882.000000
1841507.000,33398,2,EL,1,100,-18882.000000
1841573.500,33421,2,EL,1,100,-18882.000000
1841640.000,33421,2,EL,1,100,-18882.000000
1841706.500,33437,2,EL,1,100,-18882.599609
1841773.000,33437,2,EL,1,100,-18883.000000
1841840.000,33454,1,EL,1,100,-18883.000000
1841906.500,33471,2,EL,1,100,-18883.000000
1841973.000,33471,2,EL,1,100,-18883.000000
1842040.000,33488,1,EL,1,100,-18883.800781
1842106.500,33502,2,EL,1,100,-18883.800781
1842173.000,33502,2,EL,1,100,-18883.599609
1842240.000,33519,1,EL,1,100,-18884.000000
1842306.500,33536,2,EL,1,100,-18883.199219
1842373.000,33536,2,EL,1,100,-18883.599609
1842440.000,33553,1,EL,1,100,-18883.400391
1842506.500,33569,2,EL,1,100,-18883.400391
1842573.000,33569,2,EL,1,100,-18883.199219
1842640.000,33587,1,EL,1,100,-18883.599609
1842706.500,33603,2,EL,1,100,-18883.599609
1842773.000,33603,2,EL,1,100,-18883.400391
1842840.000,33620,1,EL,1,100,-18883.400391
1842906.500,33636,2,EL,1,100,-18883.199219
1842973.000,33636,2,EL,1,100,-18883.000000
1843040.000,33652,1,EL,1,100,-18883.000000
1843106.500,33668,2,EL,1,100,-18883.599609
1843173.000,33668,2,EL,1,100,-18884.000000
1843240.000,33686,2,EL,1,100,-18883.199219
1843307.000,33686,2,EL,1,100,-18883.000000
1843373.000,33702,1,EL,1,100,-18883.199219
1843440.000,33717,2,EL,1,100,-18883.199219
1843507.000,33717,2,EL,1,100,-18883.000000
1843573.000,33733,1,EL,1,100,-18883.400391
1843640.000,33751,2,EL,1,100,-18883.000000
1843707.000,33751,2,EL,1,100,-18883.199219
1843773.000,33767,1,EL,1,100,-18883.000000
1843840.000,33782,2,EL,1,100,-18883.000000
1843907.000,33782,2,EL,1,100,-18883.000000
1843973.000,33799,1,EL,1,100,-18883.000000
1844039.500,33816,2,EL,1,100,-18883.000000
1844106.000,33816,2,EL,1,100,-18883.000000
1844173.000,33832,1,EL,1,100,-18882.800781
1844239.500,33850,2,EL,1,100,-18882.800781
1844306.000,33850,2,EL,1,100,-18882.599609
1844373.000,33866,1,EL,1,100,-18882.800781
1844439.500,33885,2,EL,1,100,-18882.800781
1844506.000,33885,2,EL,1,100,-18883.000000
1844573.000,33901,1,EL,1,100,-18882.599609
1844639.500,33917,2,EL,1,100,-18882.199219
1844706.000,33917,2,EL,1,100,-18881.599609
1844773.000,33933,1,EL,1,100,-18882.000000
1844839.500,33950,2,EL,1,100,-18881.800781
1844906.000,33950,2,EL,1,100,-18881.599609
1844973.000,33967,1,EL,1,100,-18881.199219
1845039.500,33983,2,EL,1,100,-18881.400391
1845106.000,33983,2,EL,1,100,-18880.800781
1845173.000,34000,2,EL,1,100,-18880.800781
1845240.000,34000,2,EL,1,100,-18881.000000
1845307.000,34018,1,EL,1,100,-18880.800781
1845373.500,34034,2,EL,1,100,-18880.199219
1845440.000,34034,2,EL,1,100,-18880.199219
1845507.000,34051,1,EL,1,100,-18879.800781
1845573.500,34066,2,EL,1,100,-18880.000000
1845640.000,34066,2,EL,1,100,-18879.599609
1845706.000,34083,1,EL,1,100,-18879.599609
1845773.000,34099,2,EL,1,100,-18880.000000
1845840.000,34099,2,EL,1,100,-18879.199219
1845906.000,34116,1,EL,1,100,-18879.000000
1845973.000,34131,2,EL,1,100,-18879.000000
1846040.000,34131,2,EL,1,100,-18879.000000
1846106.000,34150,1,EL,1,100,-18879.000000
1846173.000,34166,2,EL,1,100,-18879.199219
1846240.000,34166,2,EL,1,100,-18879.000000
1846306.000,34184,1,EL,1,100,-18879.000000
1846373.000,34200,2,EL,1,100,-18879.000000
1846440.000,34200,2,EL,1,100,-18879.000000
1846506.000,34217,1,EL,1,100,-18878.800781
1846573.000,34234,2,EL,1,100,-18879.000000
1846640.000,34234,2,EL,1,100,-18879.000000
1846706.500,34256,2,EL,1,100,-18878.800781
1846773.000,34256,2,EL,1,100,-18879.000000
1846839.500,34272,2,EL,1,100,-18879.599609
1846906.000,34272,2,EL,1,100,-18880.199219
1846973.000,34292,1,EL,1,100,-18880.599609
1847039.500,34306,2,EL,1,100,-18881.000000
1847106.000,34306,2,EL,1,100,-18881.000000
1847173.000,34323,1,EL,1,100,-18881.000000
1847239.500,34340,2,EL,1,100,-18881.000000
1847306.000,34340,2,EL,1,100,-18881.000000
1847373.000,34357,1,EL,1,100,-18880.400391
1847439.500,34371,2,EL,1,100,-18881.000000
1847506.000,34371,2,EL,1,100,-18880.599609
1847573.000,34388,1,EL,1,100,-18880.599609
1847639.500,34405,2,EL,1,100,-18880.800781
1847706.000,34405,2,EL,1,100,-18880.000000
1847773.000,34422,1,EL,1,100,-18880.000000
1847839.500,34436,2,EL,1,100,-18879.400391
1847906.000,34436,2,EL,1,100,-18879.000000
1847973.000,34454,1,EL,1,100,-18878.400391
1848039.500,34470,2,EL,1,100,-18876.400391
1848106.000,34470,2,EL,1,100,-18876.000000
1848173.000,34487,1,EL,1,100,-18876.599609
1848239.500,34502,2,EL,1,100,-18877.000000
1848306.000,34502,2,EL,1,100,-18876.199219
1848373.000,34519,1,EL,1,100,-18876.400391
1848439.500,34535,2,EL,1,100,-18876.800781
1848506.000,34535,2,EL,1,100,-18877.000000
1848573.000,34552,1,EL,1,100,-18877.599609
1848639.500,34568,2,EL,1,100,-18878.199219
1848706.000,34568,2,EL,1,100,-18878.800781
1848773.000,34584,1,EL,1,100,-18879.800781
1848839.500,34600,2,EL,1,100,-18881.000000
1848906.000,34600,2,EL,1,100,-18882.199219
1848972.500,34618,2,EL,1,100,-18883.599609
1849039.000,34618,2,EL,1,100,-18885.400391
1849106.000,34634,1,EL,1,100,-18886.599609
1849173.000,34649,2,EL,1,100,-18888.199219
1849240.000,34649,2,EL,1,100,-18891.000000
1849306.000,34666,1,EL,1,100,-18893.800781
1849372.500,34683,2,EL,1,100,-18893.599609
1849439.000,34683,2,EL,1,100,-18892.400391
1849506.000,34699,1,EL,1,100,-18891.400391
1849572.500,34715,2,EL,1,100,-18891.000000
1849639.000,34715,2,EL,1,100,-18892.599609
1849706.000,34731,1,EL,1,100,-18890.599609
1849772.500,34748,2,EL,1,100,-18886.599609
1849839.000,34748,2,EL,1,100,-18884.800781
1849906.000,34764,1,EL,1,100,-18882.800781
1849972.500,34780,2,EL,1,100,-18880.199219
1850039.000,34780,2,EL,1,100,-18875.599609
1850106.000,34796,1,EL,1,100,-18872.599609
1850172.500,34813,2,EL,1,100,-18872.000000
1850239.000,34813,2,EL,1,100,-18867.199219
1850306.000,34830,1,EL,1,100,-18854.000000
1850372.500,34845,2,EL,1,100,-18833.199219
1850439.000,34845,2,EL,1,100,-18807.400391
1850506.000,34861,1,EL,1,100,-18809.000000
1850572.500,34879,2,EL,1,100,-18787.400391
1850639.000,34879,2,EL,1,100,-18619.800781
1850706.000,34895,1,EL,1,100,-9287.400391
1850772.500,34911,2,EL,1,100,20429.199219
1850839.000,34911,2,EL,1,100,26444.800781
1850905.500,34927,2,EL,1,100,26446.400391
1850972.000,34927,2,EL,1,100,26445.800781
1851039.000,34944,1,EL,1,100,26432.400391
1851105.500,34960,2,EL,1,100,26428.000000
1851172.000,34960,2,EL,1,100,26429.199219
1851239.000,34977,1,EL,1,100,26431.599609
1851305.500,34994,2,EL,1,100,26433.599609
1851372.000,34994,2,EL,1,100,26434.800781
1851439.000,35011,1,EL,1,100,26436.000000
1851505.500,35027,2,EL,1,100,26437.000000
1851572.000,35027,2,EL,1,100,26438.199219
1851639.000,35045,1,EL,1,100,26439.000000
1851705.500,35059,2,EL,1,100,26439.199219
1851772.000,35059,2,EL,1,100,26439.599609
1851839.000,35081,2,EL,1,100,26440.400391
1851906.000,35081,2,EL,1,100,26440.800781
1851972.000,35098,1,EL,1,100,26441.000000
1852039.000,35115,2,EL,1,100,26441.800781
1852106.000,35115,2,EL,1,100,26441.800781
1852172.000,35131,1,EL,1,100,26442.400391
1852239.000,35148,2,EL,1,100,26442.400391
1852306.000,35148,2,EL,1,100,26443.000000
1852372.500,35163,2,EL,1,100,26443.000000
1852439.000,35163,2,EL,1,100,26443.400391
1852506.000,35180,1,EL,1,100,26444.000000
1852572.500,35197,2,EL,1,100,26444.000000
1852639.000,35197,2,EL,1,100,26444.000000
1852706.000,35214,1,EL,1,100,26444.000000
1852772.500,35228,2,EL,1,100,26444.400391
1852839.000,35228,2,EL,1,100,26445.000000
1852906.000,35245,1,EL,1,100,26444.599609
1852972.500,35262,2,EL,1,100,26445.000000
1853039.000,35262,2,EL,1,100,26445.000000
1853106.000,35279,1,EL,1,100,26445.000000
1853172.500,35293,2,EL,1,100,26445.000000
1853239.000,35293,2,EL,1,100,26445.000000
1853306.000,35311,1,EL,1,100,26445.000000
1853372.500,35327,2,EL,1,100,26445.599609
1853439.000,35327,2,EL,1,100,26445.800781
1853506.000,35344,1,EL,1,100,26445.599609
1853572.500,35359,2,EL,1,100,26446.000000
1853639.000,35359,2,EL,1,100,26446.000000
1853706.000,35376,1,EL,1,100,26445.800781
1853772.500,35392,2,EL,1,100,26446.000000
1853839.000,35392,2,EL,1,100,26446.000000
1853905.000,35409,1,EL,1,100,26445.800781
1853972.000,35424,2,EL,1,100,26446.000000
1854039.000,35424,2,EL,1,100,26445.800781
1854106.000,35441,1,EL,1,100,26446.000000
1854172.500,35457,2,EL,1,100,26445.800781
1854239.000,35457,2,EL,1,100,26446.000000
1854306.000,35475,1,EL,1,100,26445.599609
1854372.500,35490,2,EL,1,100,26446.000000
1854439.000,35490,2,EL,1,100,26445.800781
1854505.000,35506,1,EL,1,100,26445.800781
1854572.000,35523,2,EL,1,100,26445.599609
1854639.000,35523,2,EL,1,100,26445.800781
1854705.500,35540,2,EL,1,100,26446.000000
1854772.000,35540,2,EL,1,100,26445.599609
1854839.000,35556,1,EL,1,100,26446.000000
1854905.500,35572,2,EL,1,100,26446.000000
1854972.000,35572,2,EL,1,100,26445.800781
1855039.000,35588,1,EL,1,100,26446.000000
1855105.500,35605,2,EL,1,100,26446.000000
1855172.000,35605,2,EL,1,100,26446.000000
1855239.000,35621,1,EL,1,100,26446.000000
1855305.500,35637,2,EL,1,100,26446.000000
1855372.000,35637,2,EL,1,100,26446.000000
1855439.000,35653,1,EL,1,100,26446.000000
1855505.500,35670,2,EL,1,100,26445.800781
1855572.000,35670,2,EL,1,100,26445.800781
1855639.000,35687,1,EL,1,100,26445.800781
1855705.500,35702,2,EL,1,100,26445.800781
1855772.000,35702,2,EL,1,100,26445.400391
1855839.000,35718,1,EL,1,100,26446.000000
1855905.500,35736,2,EL,1,100,26445.199219
1855972.000,35736,2,EL,1,100,26445.800781
1856039.000,35752,1,EL,1,100,26445.800781
1856105.500,35767,2,EL,1,100,26445.599609
1856172.000,35767,2,EL,1,100,26445.800781
1856239.000,35783,1,EL,1,100,26445.800781
1856305.500,35803,2,EL,1,100,26446.000000
1856372.000,35803,2,EL,1,100,26446.000000
1856439.000,35819,1,EL,1,100,26446.000000
1856505.500,35835,2,EL,1,100,26446.000000
1856572.000,35835,2,EL,1,100,26445.800781
1856639.000,35851,1,EL,1,100,26446.000000
1856705.500,35868,2,EL,1,100,26445.800781
1856772.000,35868,2,EL,1,100,26445.599609
1856838.500,35884,2,EL,1,100,26446.000000
1856905.000,35884,2,EL,1,100,26446.000000
1856971.500,35907,2,EL,1,100,26445.800781
1857038.000,35907,2,EL,1,100,26446.000000
1857105.000,35923,1,EL,1,100,26445.599609
1857171.500,35938,2,EL,1,100,26445.599609
1857238.000,35938,2,EL,1,100,26446.000000
1857305.000,35955,1,EL,1,100,26446.000000
1857371.500,35972,2,EL,1,100,26445.800781
1857438.000,35972,2,EL,1,100,26446.000000
1857505.000,35988,1,EL,1,100,26445.800781
1857571.500,36005,2,EL,1,100,26446.000000
1857638.000,36005,2,EL,1,100,26446.000000
1857705.000,36020,1,EL,1,100,26446.000000
1857771.500,36037,2,EL,1,100,26445.599609
1857838.000,36037,2,EL,1,100,26445.800781
1857905.000,36054,2,EL,1,100,26445.800781
1857972.000,36054,2,EL,1,100,26445.800781
1858038.000,36071,1,EL,1,100,26445.599609
1858105.000,36085,2,EL,1,100,26445.400391
1858172.000,36085,2,EL,1,100,26445.400391
1858238.000,36102,1,EL,1,100,26445.599609
1858305.000,36119,2,EL,1,100,26445.800781
1858372.000,36119,2,EL,1,100,26445.199219
1858438.000,36136,1,EL,1,100,26446.000000
1858505.000,36150,2,EL,1,100,26446.000000
1858572.000,36150,2,EL,1,100,26445.400391
1858638.000,36168,1,EL,1,100,26445.000000
1858705.000,36184,2,EL,1,100,26445.400391
1858772.000,36184,2,EL,1,100,26445.199219
1858838.000,36201,1,EL,1,100,26445.199219
1858905.000,36216,2,EL,1,100,26445.199219
1858972.000,36216,2,EL,1,100,26445.000000
1859038.000,36233,1,EL,1,100,26445.400391
1859105.000,36249,2,EL,1,100,26445.199219
1859172.000,36249,2,EL,1,100,26445.400391
1859238.000,36266,1,EL,1,100,26445.199219
1859305.000,36281,2,EL,1,100,26445.599609
1859372.000,36281,2,EL,1,100,26445.199219
1859438.000,36298,1,EL,1,100,26445.199219
1859505.000,36314,2,EL,1,100,26445.400391
1859572.000,36314,2,EL,1,100,26445.199219
1859638.000,36332,1,EL,1,100,26445.000000
1859705.000,36347,2,EL,1,100,26445.199219
1859772.000,36347,2,EL,1,100,26445.400391
1859838.000,36363,1,EL,1,100,26445.000000
1859905.000,36380,2,EL,1,100,26445.599609
1859972.000,36380,2,EL,1,100,26445.199219
1860038.500,36397,2,EL,1,100,26445.199219
1860105.000,36397,2,EL,1,100,26445.000000
1860172.000,36413,1,EL,1,100,26445.199219
1860238.500,36429,2,EL,1,100,26445.000000
1860305.000,36429,2,EL,1,100,26445.199219
1860372.000,36445,1,EL,1,100,26445.599609
1860438.500,36462,2,EL,1,100,26445.199219
1860505.000,36462,2,EL,1,100,26445.199219
1860571.000,36478,1,EL,1,100,26445.400391
1860638.000,36494,2,EL,1,100,26445.599609
1860705.000,36494,2,EL,1,100,26445.000000
1860771.000,36510,1,EL,1,100,26445.400391
1860838.000,36527,2,EL,1,100,26445.400391
1860905.000,36527,2,EL,1,100,26445.800781
1860971.000,36544,1,EL,1,100,26445.199219
1861038.000,36559,2,EL,1,100,26445.800781
1861105.000,36559,2,EL,1,100,26445.599609
1861171.000,36575,1,EL,1,100,26445.599609
1861238.000,36593,2,EL,1,100,26446.000000
1861305.000,36593,2,EL,1,100,26445.199219
1861371.000,36611,1,EL,1,100,26445.800781
1861438.000,36626,2,EL,1,100,26445.599609
1861505.000,36626,2,EL,1,100,26446.000000
1861571.000,36642,1,EL,1,100,26445.800781
1861638.000,36660,2,EL,1,100,26446.000000
1861705.000,36660,2,EL,1,100,26446.000000
1861772.000,36676,1,EL,1,100,26446.000000
1861838.500,36692,2,EL,1,100,26446.000000
1861905.000,36692,2,EL,1,100,26446.000000
1861971.500,36708,2,EL,1,100,26446.000000
1862038.000,36708,2,EL,1,100,26446.000000
1862104.500,36728,2,EL,1,100,26446.000000
1862171.000,36728,2,EL,1,100,26446.000000
1862238.000,36744,1,EL,1,100,26446.000000
1862304.500,36762,2,EL,1,100,26445.800781
1862371.000,36762,2,EL,1,100,26446.000000
1862438.000,36778,1,EL,1,100,26446.199219
1862504.500,36793,2,EL,1,100,26446.000000
1862571.000,36793,2,EL,1,100,26446.199219
1862638.000,36810,1,EL,1,100,26446.199219
1862704.500,36827,2,EL,1,100,26446.000000
1862771.000,36827,2,EL,1,100,26446.000000
1862838.000,36843,1,EL,1,100,26446.199219
1862904.500,36859,2,EL,1,100,26446.000000
1862971.000,36859,2,EL,1,100,26446.000000
1863038.000,36875,1,EL,1,100,26446.000000
1863104.500,36892,2,EL,1,100,26446.000000
1863171.000,36892,2,EL,1,100,26446.000000
1863238.000,36908,1,EL,1,100,26446.199219
1863304.500,36924,2,EL,1,100,26446.000000
1863371.000,36924,2,EL,1,100,26445.800781
1863438.000,36940,1,EL,1,100,26446.000000
1863504.500,36957,2,EL,1,100,26446.000000
1863571.000,36957,2,EL,1,100,26446.000000
1863638.000,36974,1,EL,1,100,26445.800781
1863704.500,36990,2,EL,1,100,26446.000000
1863771.000,36990,2,EL,1,100,26446.000000
1863837.500,37005,2,EL,1,100,26446.000000
1863904.000,37005,2,EL,1,100,26446.000000
1863971.000,37023,1,EL,1,100,26446.000000
1864037.500,37039,2,EL,1,100,26446.000000
1864104.000,37039,2,EL,1,100,26446.000000
1864171.000,37056,1,EL,1,100,26446.000000
1864237.500,37071,2,EL,1,100,26446.000000
1864304.000,37071,2,EL,1,100,26446.199219
1864371.000,37088,1,EL,1,100,26446.000000
1864437.500,37104,2,EL,1,100,26446.000000
1864504.000,37104,2,EL,1,100,26446.000000
1864571.000,37121,1,EL,1,100,26445.800781
1864637.500,37136,2,EL,1,100,26446.000000
1864704.000,37136,2,EL,1,100,26446.000000
1864771.000,37153,1,EL,1,100,26446.000000
1864837.500,37169,2,EL,1,100,26446.000000
1864904.000,37169,2,EL,1,100,26446.000000
1864971.000,37187,1,EL,1,100,26446.000000
1865037.500,37201,2,EL,1,100,26446.000000
1865104.000,37201,2,EL,1,100,26446.000000
1865171.000,37218,1,EL,1,100,26446.000000
1865237.500,37235,2,EL,1,100,26446.000000
1865304.000,37235,2,EL,1,100,26446.000000
1865371.000,37252,1,EL,1,100,26445.800781
1865437.500,37266,2,EL,1,100,26445.800781
1865504.000,37266,2,EL,1,100,26446.000000
1865571.000,37283,1,EL,1,100,26446.000000
1865637.500,37300,2,EL,1,100,26446.000000
1865704.000,37300,2,EL,1,100,26445.800781
1865771.000,37317,1,EL,1,100,26446.000000
1865837.500,37332,2,EL,1,100,26446.000000
1865904.000,37332,2,EL,1,100,26445.800781
1865971.000,37349,1,EL,1,100,26445.800781
1866037.500,37365,2,EL,1,100,26446.000000
1866104.000,37365,2,EL,1,100,26445.800781
1866170.667,37383,3,EL,1,100,26446.000000
1866237.333,37383,3,EL,1,100,26445.800781
1866304.000,37383,3,EL,1,100,26445.800781
1866371.000,37401,1,EL,1,100,26445.800781
1866437.500,37418,2,EL,1,100,26446.000000
1866504.000,37418,2,EL,1,100,26446.000000
1866571.000,37434,1,EL,1,100,26446.000000
1866637.500,37450,2,EL,1,100,26446.000000
1866704.000,37450,2,EL,1,100,26446.000000
1866771.000,37466,1,EL,1,100,26446.000000
1866837.500,37483,2,EL,1,100,26446.000000
1866904.000,37483,2,EL,1,100,26446.000000
1866971.000,37500,1,EL,1,100,26446.000000
1867037.500,37516,2,EL,1,100,26446.000000
1867104.000,37516,2,EL,1,100,26446.000000
1867170.500,37538,2,EL,1,100,26445.599609
1867237.000,37538,2,EL,1,100,26445.599609
1867304.000,37556,2,EL,1,100,26446.199219
1867371.000,37556,2,EL,1,100,26446.400391
1867437.000,37572,1,EL,1,100,26447.000000
1867504.000,37589,2,EL,1,100,26447.000000
1867571.000,37589,2,EL,1,100,26446.599609
1867638.000,37606,1,EL,1,100,26447.000000
1867704.500,37622,2,EL,1,100,26447.000000
1867771.000,37622,2,EL,1,100,26447.000000
1867837.000,37637,1,EL,1,100,26447.000000
1867904.000,37655,2,EL,1,100,26447.000000
1867971.000,37655,2,EL,1,100,26447.000000
1868037.000,37671,1,EL,1,100,26447.000000
1868104.000,37687,2,EL,1,100,26447.199219
1868171.000,37687,2,EL,1,100,26447.000000
1868237.500,37703,2,EL,1,100,26447.000000
1868304.000,37703,2,EL,1,100,26447.000000
1868371.000,37720,1,EL,1,100,26447.000000
1868437.500,37736,2,EL,1,100,26447.000000
1868504.000,37736,2,EL,1,100,26447.199219
1868571.000,37754,2,EL,1,100,26447.000000
1868638.000,37754,2,EL,1,100,26447.000000
1868704.000,37770,1,EL,1,100,26447.199219
1868771.000,37785,2,EL,1,100,26447.199219
1868838.000,37785,2,EL,1,100,26447.199219
1868904.000,37801,1,EL,1,100,26447.599609
1868970.500,37819,2,EL,1,100,26447.400391
1869037.000,37819,2,EL,1,100,26447.800781
1869104.000,37835,1,EL,1,100,26447.400391
1869170.500,37850,2,EL,1,100,26447.400391
1869237.000,37850,2,EL,1,100,26447.599609
1869304.000,37867,1,EL,1,100,26447.400391
1869370.500,37884,2,EL,1,100,26447.800781
1869437.000,37884,2,EL,1,100,26447.599609
1869504.000,37900,1,EL,1,100,26447.400391
1869570.500,37916,2,EL,1,100,26447.599609
1869637.000,37916,2,EL,1,100,26447.000000
1869704.000,37932,1,EL,1,100,26447.199219
1869770.500,37949,2,EL,1,100,26447.000000
1869837.000,37949,2,EL,1,100,26447.199219
1869904.000,37965,1,EL,1,100,26447.199219
1869970.500,37981,2,EL,1,100,26447.400391
1870037.000,37981,2,EL,1,100,26447.199219
1870104.000,37997,1,EL,1,100,26447.400391
1870170.500,38014,2,EL,1,100,26447.400391
1870237.000,38014,2,EL,1,100,26447.400391
1870304.000,38031,1,EL,1,100,26447.000000
1870370.500,38047,2,EL,1,100,26447.000000
1870437.000,38047,2,EL,1,100,26447.199219
1870504.000,38062,1,EL,1,100,26447.000000
1870570.500,38080,2,EL,1,100,26447.000000
1870637.000,38080,2,EL,1,100,26447.199219
1870703.500,38096,2,EL,1,100,26447.000000
1870770.000,38096,2,EL,1,100,26447.000000
1870837.000,38113,1,EL,1,100,26446.800781
1870903.500,38128,2,EL,1,100,26447.000000
1870970.000,38128,2,EL,1,100,26447.000000
1871037.000,38145,1,EL,1,100,26447.000000
1871103.500,38161,2,EL,1,100,26447.000000
1871170.000,38161,2,EL,1,100,26447.000000
1871237.000,38178,1,EL,1,100,26447.000000
1871303.500,38196,2,EL,1,100,26447.000000
1871370.000,38196,2,EL,1,100,26447.000000
1871437.000,38212,1,EL,1,100,26446.800781
1871503.500,38228,2,EL,1,100,26447.000000
1871570.000,38228,2,EL,1,100,26446.800781
1871637.000,38246,2,EL,1,100,26446.400391
1871704.000,38246,2,EL,1,100,26446.599609
1871770.000,38262,1,EL,1,100,26446.400391
1871837.000,38277,2,EL,1,100,26446.599609
1871904.000,38277,2,EL,1,100,26446.400391
1871970.000,38294,1,EL,1,100,26446.400391
1872037.000,38311,2,EL,1,100,26446.400391
1872104.000,38311,2,EL,1,100,26446.400391
1872170.000,38327,1,EL,1,100,26446.199219
1872236.667,38348,3,EL,1,100,26446.199219
1872303.333,38348,3,EL,1,100,26445.800781
1872370.000,38348,3,EL,1,100,26446.400391
1872437.000,38365,1,EL,1,100,26446.000000
1872503.500,38380,2,EL,1,100,26446.199219
1872570.000,38380,2,EL,1,100,26446.400391
1872637.000,38397,1,EL,1,100,26446.400391
1872703.500,38413,2,EL,1,100,26446.199219
1872770.000,38413,2,EL,1,100,26446.000000
1872837.000,38430,2,EL,1,100,26446.000000
1872904.000,38430,2,EL,1,100,26446.199219
1872970.500,38447,2,EL,1,100,26446.000000
1873037.000,38447,2,EL,1,100,26446.000000
1873104.000,38464,1,EL,1,100,26446.000000
1873170.500,38478,2,EL,1,100,26446.000000
1873237.000,38478,2,EL,1,100,26446.000000
1873304.000,38496,1,EL,1,100,26446.000000
1873370.500,38512,2,EL,1,100,26446.000000
1873437.000,38512,2,EL,1,100,26446.000000
1873504.000,38529,1,EL,1,100,26446.000000
1873570.500,38544,2,EL,1,100,26446.000000
1873637.000,38544,2,EL,1,100,26446.000000
1873704.000,38561,1,EL,1,100,26446.000000
1873770.500,38577,2,EL,1,100,26446.000000
1873837.000,38577,2,EL,1,100,26446.199219
1873904.000,38594,1,EL,1,100,26446.199219
1873970.500,38609,2,EL,1,100,26446.199219
1874037.000,38609,2,EL,1,100,26446.599609
1874103.000,38626,1,EL,1,100,26446.599609
1874170.000,38642,2,EL,1,100,26446.599609
1874237.000,38642,2,EL,1,100,26446.800781
1874304.000,38660,1,EL,1,100,26446.599609
1874370.500,38674,2,EL,1,100,26446.599609
1874437.000,38674,2,EL,1,100,26447.000000
1874503.000,38691,1,EL,1,100,26446.800781
1874570.000,38708,2,EL,1,100,26446.800781
1874637.000,38708,2,EL,1,100,26446.199219
1874703.000,38725,1,EL,1,100,26446.400391
1874770.000,38739,2,EL,1,100,26446.800781
1874837.000,38739,2,EL,1,100,26446.400391
1874903.000,38756,1,EL,1,100,26446.400391
1874970.000,38773,2,EL,1,100,26446.400391
1875037.000,38773,2,EL,1,100,26446.400391
1875104.000,38790,1,EL,1,100,26446.599609
1875170.500,38805,2,EL,1,100,26446.400391
1875237.000,38805,2,EL,1,100,26446.000000
1875303.500,38822,2,EL,1,100,26446.000000
1875370.000,38822,2,EL,1,100,26446.000000
1875437.000,38838,1,EL,1,100,26446.400391
1875503.500,38855,2,EL,1,100,26446.199219
1875570.000,38855,2,EL,1,100,26446.000000
1875637.000,38872,1,EL,1,100,26446.000000
1875703.500,38888,2,EL,1,100,26446.000000
1875770.000,38888,2,EL,1,100,26446.000000
1875837.000,38903,1,EL,1,100,26446.000000
1875903.500,38921,2,EL,1,100,26446.000000
1875970.000,38921,2,EL,1,100,26446.000000
1876036.500,38937,2,EL,1,100,26446.000000
1876103.000,38937,2,EL,1,100,26446.000000
1876170.000,38954,1,EL,1,100,26446.000000
1876236.500,38969,2,EL,1,100,26446.000000
1876303.000,38969,2,EL,1,100,26446.000000
1876370.000,38988,1,EL,1,100,26446.400391
1876436.500,39004,2,EL,1,100,26446.599609
1876503.000,39004,2,EL,1,100,26446.800781
1876570.000,39021,1,EL,1,100,26446.400391
1876636.500,39036,2,EL,1,100,26446.400391
1876703.000,39036,2,EL,1,100,26446.400391
1876770.000,39053,1,EL,1,100,26446.599609
1876836.500,39069,2,EL,1,100,26446.599609
1876903.000,39069,2,EL,1,100,26446.400391
1876970.000,39087,1,EL,1,100,26446.599609
1877036.500,39101,2,EL,1,100,26446.000000
1877103.000,39101,2,EL,1,100,26446.400391
1877170.000,39118,1,EL,1,100,26446.800781
1877236.500,39135,2,EL,1,100,26446.199219
1877303.000,39135,2,EL,1,100,26446.000000
1877369.667,39157,3,EL,1,100,26446.000000
1877436.333,39157,3,EL,1,100,26446.199219
1877503.000,39157,3,EL,1,100,26446.199219
1877570.000,39173,1,EL,1,100,26446.000000
1877636.500,39191,2,EL,1,100,26446.000000
1877703.000,39191,2,EL,1,100,26446.000000
1877769.500,39207,2,EL,1,100,26446.000000
1877836.000,39207,2,EL,1,100,26446.000000
1877903.000,39224,1,EL,1,100,26446.000000
1877969.500,39239,2,EL,1,100,26445.800781
1878036.000,39239,2,EL,1,100,26446.000000
1878103.000,39256,1,EL,1,100,26446.000000
1878169.500,39272,2,EL,1,100,26446.000000
1878236.000,39272,2,EL,1,100,26446.000000
1878303.000,39290,1,EL,1,100,26446.000000
1878369.500,39304,2,EL,1,100,26446.000000
1878436.000,39304,2,EL,1,100,26446.000000
1878503.000,39321,1,EL,1,100,26446.000000
1878569.500,39338,2,EL,1,100,26446.000000
1878636.000,39338,2,EL,1,100,26446.000000
1878703.000,39355,1,EL,1,100,26446.000000
1878769.500,39369,2,EL,1,100,26446.000000
1878836.000,39369,2,EL,1,100,26446.000000
1878903.000,39386,1,EL,1,100,26446.000000
1878969.500,39403,2,EL,1,100,26446.000000
1879036.000,39403,2,EL,1,100,26446.000000
1879103.000,39420,1,EL,1,100,26446.000000
1879169.500,39434,2,EL,1,100,26446.000000
1879236.000,39434,2,EL,1,100,26446.000000
1879303.000,39452,1,EL,1,100,26445.800781
1879369.500,39468,2,EL,1,100,26446.000000
1879436.000,39468,2,EL,1,100,26445.800781
1879503.000,39485,1,EL,1,100,26445.599609
1879569.500,39501,2,EL,1,100,26445.199219
1879636.000,39501,2,EL,1,100,26445.400391
1879703.000,39517,1,EL,1,100,26445.800781
1879769.500,39533,2,EL,1,100,26445.800781
1879836.000,39533,2,EL,1,100,26445.400391
1879903.000,39551,2,EL,1,100,26445.199219
1879970.000,39551,2,EL,1,100,26445.599609
1880036.000,39567,1,EL,1,100,26446.000000
1880103.000,39582,2,EL,1,100,26445.599609
1880170.000,39582,2,EL,1,100,26445.599609
1880236.000,39598,1,EL,1,100,26445.400391
1880303.000,39616,2,EL,1,100,26445.599609
1880370.000,39616,2,EL,1,100,26445.800781
1880436.000,39632,1,EL,1,100,26446.000000
1880503.000,39647,2,EL,1,100,26445.800781
1880570.000,39647,2,EL,1,100,26445.599609
1880636.000,39664,1,EL,1,100,26445.800781
1880703.000,39681,2,EL,1,100,26446.000000
1880770.000,39681,2,EL,1,100,26445.800781
1880836.000,39697,1,EL,1,100,26445.599609
1880902.500,39714,2,EL,1,100,26445.800781
1880969.000,39714,2,EL,1,100,26445.800781
1881036.000,39729,2,EL,1,100,26445.800781
1881103.000,39729,2,EL,1,100,26445.800781
1881169.000,39746,1,EL,1,100,26445.400391
1881236.000,39763,2,EL,1,100,26445.400391
1881303.000,39763,2,EL,1,100,26445.400391
1881369.000,39782,1,EL,1,100,26445.400391
1881436.000,39796,2,EL,1,100,26445.599609
1881503.000,39796,2,EL,1,100,26445.800781
1881570.000,39813,1,EL,1,100,26446.000000
1881636.500,39830,2,EL,1,100,26445.599609
1881703.000,39830,2,EL,1,100,26445.599609
1881769.000,39847,1,EL,1,100,26445.400391
1881836.000,39861,2,EL,1,100,26445.599609
1881903.000,39861,2,EL,1,100,26446.000000
1881969.667,39879,3,EL,1,100,26445.599609
1882036.333,39879,3,EL,1,100,26445.000000
1882103.000,39879,3,EL,1,100,26445.000000
1882169.500,39895,2,EL,1,100,26445.199219
1882236.000,39895,2,EL,1,100,26444.800781
1882302.667,39913,3,EL,1,100,26444.599609
1882369.333,39913,3,EL,1,100,26444.599609
1882436.000,39913,3,EL,1,100,26444.599609
1882502.750,39936,4,EL,1,100,26444.599609
1882569.500,39936,4,EL,1,100,26444.000000
1882636.250,39936,4,EL,1,100,26444.000000
1882703.000,39936,4,EL,1,100,26445.000000
1882769.000,39952,1,EL,1,100,26445.000000
1882836.000,39969,2,EL,1,100,26445.000000
1882903.000,39969,2,EL,1,100,26445.199219
1882969.000,39986,1,EL,1,100,26445.199219
1883036.000,40001,2,EL,1,100,26445.400391
1883103.000,40001,2,EL,1,100,26445.400391
1883169.000,40017,1,EL,1,100,26445.199219
1883236.000,40035,2,EL,1,100,26445.599609
1883303.000,40035,2,EL,1,100,26445.599609
1883369.000,40051,1,EL,1,100,26446.000000
1883436.000,40067,2,EL,1,100,26446.000000
1883503.000,40067,2,EL,1,100,26446.000000
1883569.000,40082,1,EL,1,100,26446.000000
1883636.000,40100,2,EL,1,100,26446.000000
1883703.000,40100,2,EL,1,100,26446.000000
1883769.500,40116,2,EL,1,100,26445.400391
1883836.000,40116,2,EL,1,100,26446.000000
1883902.000,40133,1,EL,1,100,26445.800781
1883969.000,40148,2,EL,1,100,26446.000000
1884036.000,40148,2,EL,1,100,26446.000000
1884102.000,40165,1,EL,1,100,26446.000000
1884169.000,40181,2,EL,1,100,26446.000000
1884236.000,40181,2,EL,1,100,26446.000000
1884302.000,40199,1,EL,1,100,26446.000000
1884369.000,40213,2,EL,1,100,26446.000000
1884436.000,40213,2,EL,1,100,26446.000000
1884503.000,40230,1,EL,1,100,26446.000000
1884569.500,40247,2,EL,1,100,26446.000000
1884636.000,40247,2,EL,1,100,26446.000000
1884702.000,40264,1,EL,1,100,26446.000000
1884769.000,40278,2,EL,1,100,26446.000000
1884836.000,40278,2,EL,1,100,26446.000000
1884902.000,40295,1,EL,1,100,26446.000000
1884969.000,40312,2,EL,1,100,26446.000000
1885036.000,40312,2,EL,1,100,26446.000000
1885102.000,40329,1,EL,1,100,26446.000000
1885169.000,40343,2,EL,1,100,26446.000000
1885236.000,40343,2,EL,1,100,26446.000000
1885302.000,40361,1,EL,1,100,26446.000000
1885369.000,40377,2,EL,1,100,26446.000000
1885436.000,40377,2,EL,1,100,26446.000000
1885502.000,40394,1,EL,1,100,26446.000000
1885569.000,40410,2,EL,1,100,26446.000000
1885636.000,40410,2,EL,1,100,26446.199219
1885702.000,40426,1,EL,1,100,26446.199219
1885769.000,40442,2,EL,1,100,26446.000000
1885836.000,40442,2,EL,1,100,26446.199219
1885902.000,40459,1,EL,1,100,26446.199219
1885969.000,40475,2,EL,1,100,26446.199219
1886036.000,40475,2,EL,1,100,26446.000000
1886102.500,40491,2,EL,1,100,26446.199219
1886169.000,40491,2,EL,1,100,26446.000000
1886236.000,40507,1,EL,1,100,26446.000000
1886302.500,40527,2,EL,1,100,26445.400391
1886369.000,40527,2,EL,1,100,26446.000000
1886436.000,40543,1,EL,1,100,26446.000000
1886502.500,40558,2,EL,1,100,26445.800781
1886569.000,40558,2,EL,1,100,26446.000000
1886636.000,40575,1,EL,1,100,26446.000000
1886702.500,40592,2,EL,1,100,26445.800781
1886769.000,40592,2,EL,1,100,26445.599609
1886836.000,40608,1,EL,1,100,26446.000000
1886902.500,40624,2,EL,1,100,26445.800781
1886969.000,40624,2,EL,1,100,26446.000000
1887036.000,40640,1,EL,1,100,26445.599609
1887102.500,40657,2,EL,1,100,26446.000000
1887169.000,40657,2,EL,1,100,26446.000000
1887236.000,40673,1,EL,1,100,26445.599609
1887302.500,40689,2,EL,1,100,26445.800781
1887369.000,40689,2,EL,1,100,26445.800781
1887435.000,40705,1,EL,1,100,26445.800781
1887502.000,40722,2,EL,1,100,26445.800781
1887569.000,40722,2,EL,1,100,26446.000000
1887635.000,40739,1,EL,1,100,26446.000000
1887701.667,40758,3,EL,1,100,26446.000000
1887768.333,40758,3,EL,1,100,26445.400391
1887835.000,40758,3,EL,1,100,26445.599609
1887902.000,40774,1,EL,1,100,26445.800781
1887969.000,40790,2,EL,1,100,26445.800781
1888036.000,40790,2,EL,1,100,26446.000000
1888102.000,40806,1,EL,1,100,26446.000000
1888168.500,40823,2,EL,1,100,26446.000000
1888235.000,40823,2,EL,1,100,26446.000000
1888302.000,40840,1,EL,1,100,26446.000000
1888368.500,40855,2,EL,1,100,26446.000000
1888435.000,40855,2,EL,1,100,26446.000000
1888502.000,40871,1,EL,1,100,26446.000000
1888568.500,40889,2,EL,1,100,26446.000000
1888635.000,40889,2,EL,1,100,26446.000000
1888702.000,40905,1,EL,1,100,26446.000000
1888768.500,40920,2,EL,1,100,26446.000000
1888835.000,40920,2,EL,1,100,26446.000000
1888902.000,40936,1,EL,1,100,26446.000000
1888968.500,40954,2,EL,1,100,26446.000000
1889035.000,40954,2,EL,1,100,26446.000000
1889102.000,40970,1,EL,1,100,26446.000000
1889168.500,40986,2,EL,1,100,26446.599609
1889235.000,40986,2,EL,1,100,26446.199219
1889302.000,41002,1,EL,1,100,26446.000000
1889368.500,41019,2,EL,1,100,26446.000000
1889435.000,41019,2,EL,1,100,26446.199219
1889502.000,41035,1,EL,1,100,26446.400391
1889568.500,41052,2,EL,1,100,26446.000000
1889635.000,41052,2,EL,1,100,26446.000000
1889702.000,41067,2,EL,1,100,26446.000000
1889769.000,41067,2,EL,1,100,26446.000000
1889835.000,41084,1,EL,1,100,26446.000000
1889902.000,41101,2,EL,1,100,26446.000000
1889969.000,41101,2,EL,1,100,26446.400391
1890035.000,41118,1,EL,1,100,26446.000000
1890102.000,41132,2,EL,1,100,26446.199219
1890169.000,41132,2,EL,1,100,26446.000000
1890235.000,41149,1,EL,1,100,26445.599609
1890302.000,41166,2,EL,1,100,26446.000000
1890369.000,41166,2,EL,1,100,26446.000000
1890435.000,41183,1,EL,1,100,26446.000000
1890502.000,41197,2,EL,1,100,26446.000000
1890569.000,41197,2,EL,1,100,26446.000000
1890635.000,41215,1,EL,1,100,26446.000000
1890702.000,41231,2,EL,1,100,26445.800781
1890769.000,41231,2,EL,1,100,26445.800781
1890835.000,41248,1,EL,1,100,26446.000000
1890901.500,41263,2,EL,1,100,26446.000000
1890968.000,41263,2,EL,1,100,26445.800781
1891035.000,41280,1,EL,1,100,26446.000000
1891101.500,41296,2,EL,1,100,26446.000000
1891168.000,41296,2,EL,1,100,26445.599609
1891235.000,41313,1,EL,1,100,26445.800781
1891301.500,41330,2,EL,1,100,26446.000000
1891368.000,41330,2,EL,1,100,26445.800781
1891435.000,41347,1,EL,1,100,26445.800781
1891501.500,41363,2,EL,1,100,26446.000000
1891568.000,41363,2,EL,1,100,26445.599609
1891635.000,41381,1,EL,1,100,26445.199219
1891701.500,41396,2,EL,1,100,26445.599609
1891768.000,41396,2,EL,1,100,26445.000000
1891835.000,41412,1,EL,1,100,26445.599609
1891901.500,41429,2,EL,1,100,26445.199219
1891968.000,41429,2,EL,1,100,26445.599609
1892035.000,41446,2,EL,1,100,26445.400391
1892102.000,41446,2,EL,1,100,26445.800781
1892168.000,41462,1,EL,1,100,26445.599609
1892235.000,41478,2,EL,1,100,26445.400391
1892302.000,41478,2,EL,1,100,26445.400391
1892368.000,41494,1,EL,1,100,26445.400391
1892435.000,41511,2,EL,1,100,26445.400391
1892502.000,41511,2,EL,1,100,26445.000000
1892568.000,41527,1,EL,1,100,26445.000000
1892635.000,41543,2,EL,1,100,26445.199219
1892702.000,41543,2,EL,1,100,26445.199219
1892768.000,41559,1,EL,1,100,26444.800781
1892835.000,41582,2,EL,1,100,26444.800781
1892902.000,41582,2,EL,1,100,26445.000000
1892968.500,41599,2,EL,1,100,26445.000000
1893035.000,41599,2,EL,1,100,26445.199219
1893102.000,41616,1,EL,1,100,26445.400391
1893168.500,41631,2,EL,1,100,26445.199219
1893235.000,41631,2,EL,1,100,26445.599609
1893302.000,41648,1,EL,1,100,26445.199219
1893368.500,41664,2,EL,1,100,26445.599609
1893435.000,41664,2,EL,1,100,26445.800781
1893502.000,41681,1,EL,1,100,26445.800781
1893568.500,41697,2,EL,1,100,26445.800781
1893635.000,41697,2,EL,1,100,26445.800781
1893701.500,41713,2,EL,1,100,26445.599609
1893768.000,41713,2,EL,1,100,26445.800781
1893835.000,41729,1,EL,1,100,26446.000000
1893901.500,41747,2,EL,1,100,26445.800781
1893968.000,41747,2,EL,1,100,26446.000000
1894035.000,41763,1,EL,1,100,26445.400391
1894101.500,41778,2,EL,1,100,26445.000000
1894168.000,41778,2,EL,1,100,26445.800781
1894235.000,41794,1,EL,1,100,26445.800781
1894301.500,41812,2,EL,1,100,26445.800781
1894368.000,41812,2,EL,1,100,26445.800781
1894435.000,41828,1,EL,1,100,26445.400391
1894501.500,41843,2,EL,1,100,26445.400391
1894568.000,41843,2,EL,1,100,26445.000000
1894635.000,41860,1,EL,1,100,26445.000000
1894701.500,41877,2,EL,1,100,26445.199219
1894768.000,41877,2,EL,1,100,26445.000000
1894835.000,41893,1,EL,1,100,26445.000000
1894901.500,41909,2,EL,1,100,26445.000000
1894968.000,41909,2,EL,1,100,26445.000000
1895035.000,41925,1,EL,1,100,26445.000000
1895101.500,41942,2,EL,1,100,26445.000000
1895168.000,41942,2,EL,1,100,26445.199219
1895235.000,41958,1,EL,1,100,26445.000000
1895301.500,41974,2,EL,1,100,26445.199219
1895368.000,41974,2,EL,1,100,26445.000000
1895435.000,41990,1,EL,1,100,26445.400391
1895501.500,42007,2,EL,1,100,26445.400391
1895568.000,42007,2,EL,1,100,26445.599609
1895635.000,42024,1,EL,1,100,26445.199219
1895701.500,42040,2,EL,1,100,26445.400391
1895768.000,42040,2,EL,1,100,26445.400391
1895835.000,42055,1,EL,1,100,26445.400391
1895901.500,42073,2,EL,1,100,26445.199219
1895968.000,42073,2,EL,1,100,26445.199219
1896034.500,42089,2,EL,1,100,26445.199219
1896101.000,42089,2,EL,1,100,26445.000000
1896168.000,42106,1,EL,1,100,26445.000000
1896234.500,42121,2,EL,1,100,26445.000000
1896301.000,42121,2,EL,1,100,26445.000000
1896368.000,42140,1,EL,1,100,26445.000000
1896434.500,42156,2,EL,1,100,26445.000000
1896501.000,42156,2,EL,1,100,26445.000000
1896568.000,42173,1,EL,1,100,26444.800781
1896634.500,42188,2,EL,1,100,26444.599609
1896701.000,42188,2,EL,1,100,26445.000000
1896768.000,42205,1,EL,1,100,26445.000000
1896834.500,42221,2,EL,1,100,26445.000000
1896901.000,42221,2,EL,1,100,26444.800781
1896968.000,42239,1,EL,1,100,26444.800781
1897034.500,42253,2,EL,1,100,26444.800781
1897101.000,42253,2,EL,1,100,26444.800781
1897168.000,42270,1,EL,1,100,26444.599609
1897234.500,42287,2,EL,1,100,26445.000000
1897301.000,42287,2,EL,1,100,26445.000000
1897368.000,42304,1,EL,1,100,26444.599609
1897434.500,42318,2,EL,1,100,26445.000000
1897501.000,42318,2,EL,1,100,26444.400391
1897568.000,42335,1,EL,1,100,26444.599609
1897634.500,42352,2,EL,1,100,26445.000000
1897701.000,42352,2,EL,1,100,26445.000000
1897768.000,42369,1,EL,1,100,26444.800781
1897834.500,42384,2,EL,1,100,26445.000000
1897901.000,42384,2,EL,1,100,26444.400391
1897967.500,42406,2,EL,1,100,26444.800781
1898034.000,42406,2,EL,1,100,26445.000000
1898101.000,42422,2,EL,1,100,26445.000000
1898168.000,42422,2,EL,1,100,26444.800781
1898234.000,42439,1,EL,1,100,26444.800781
1898301.000,42456,2,EL,1,100,26445.000000
1898368.000,42456,2,EL,1,100,26445.000000
1898434.000,42473,1,EL,1,100,26445.000000
1898501.000,42487,2,EL,1,100,26444.800781
1898568.000,42487,2,EL,1,100,26444.800781
1898634.000,42505,1,EL,1,100,26445.000000
1898701.000,42521,2,EL,1,100,26445.000000
1898768.000,42521,2,EL,1,100,26444.599609
1898834.000,42538,1,EL,1,100,26445.000000
1898901.000,42553,2,EL,1,100,26445.000000
1898968.000,42553,2,EL,1,100,26445.000000
1899034.000,42570,1,EL,1,100,26445.000000
1899101.000,42586,2,EL,1,100,26445.000000
1899168.000,42586,2,EL,1,100,26445.000000
1899234.000,42603,1,EL,1,100,26444.400391
1899301.000,42618,2,EL,1,100,26444.800781
1899368.000,42618,2,EL,1,100,26444.599609
1899434.000,42635,1,EL,1,100,26445.000000
1899501.000,42651,2,EL,1,100,26445.000000
1899568.000,42651,2,EL,1,100,26444.800781
1899634.000,42669,1,EL,1,100,26444.599609
1899701.000,42684,2,EL,1,100,26445.000000
1899768.000,42684,2,EL,1,100,26444.599609
1899834.000,42700,1,EL,1,100,26445.000000
1899901.000,42717,2,EL,1,100,26445.000000
1899968.000,42717,2,EL,1,100,26444.599609
1900035.000,42734,1,EL,1,100,26444.400391
1900101.500,42749,2,EL,1,100,26444.800781
1900168.000,42749,2,EL,1,100,26444.400391
1900234.500,42766,2,EL,1,100,26444.800781
1900301.000,42766,2,EL,1,100,26444.400391
1900368.000,42782,1,EL,1,100,26444.599609
1900434.500,42799,2,EL,1,100,26444.800781
1900501.000,42799,2,EL,1,100,26444.199219
1900568.000,42815,1,EL,1,100,26444.800781
1900634.500,42831,2,EL,1,100,26444.800781
1900701.000,42831,2,EL,1,100,26444.800781
1900768.000,42847,1,EL,1,100,26445.000000
1900834.500,42864,2,EL,1,100,26444.800781
1900901.000,42864,2,EL,1,100,26445.000000
1900967.000,42881,1,EL,1,100,26445.000000
1901034.000,42896,2,EL,1,100,26445.000000
1901101.000,42896,2,EL,1,100,26444.800781
1901167.000,42912,1,EL,1,100,26444.599609
1901234.000,42930,2,EL,1,100,26445.000000
1901301.000,42930,2,EL,1,100,26444.800781
1901367.000,42948,1,EL,1,100,26444.800781
1901434.000,42963,2,EL,1,100,26444.800781
1901501.000,42963,2,EL,1,100,26444.800781
1901567.000,42979,1,EL,1,100,26444.800781
1901634.000,42997,2,EL,1,100,26445.000000
1901701.000,42997,2,EL,1,100,26444.599609
1901767.000,43013,1,EL,1,100,26444.800781
1901834.000,43028,2,EL,1,100,26444.800781
1901901.000,43028,2,EL,1,100,26445.000000
1901967.000,43045,1,EL,1,100,26445.000000
1902034.000,43062,2,EL,1,100,26445.000000
1902101.000,43062,2,EL,1,100,26445.000000
1902167.667,43080,3,EL,1,100,26444.800781
1902234.333,43080,3,EL,1,100,26444.800781
1902301.000,43080,3,EL,1,100,26444.400391
1902367.000,43096,1,EL,1,100,26444.599609
1902434.000,43113,2,EL,1,100,26445.000000
1902501.000,43113,2,EL,1,100,26444.800781
1902567.000,43129,1,EL,1,100,26445.000000
1902634.000,43145,2,EL,1,100,26444.800781
1902701.000,43145,2,EL,1,100,26445.000000
1902767.000,43161,1,EL,1,100,26445.000000
1902834.000,43178,2,EL,1,100,26445.000000
1902901.000,43178,2,EL,1,100,26444.800781
1902967.000,43195,1,EL,1,100,26444.599609
1903033.667,43215,3,EL,1,100,26444.599609
1903100.333,43215,3,EL,1,100,26444.199219
1903167.000,43215,3,EL,1,100,26444.400391
1903234.000,43231,1,EL,1,100,26444.400391
1903300.500,43247,2,EL,1,100,26444.400391
1903367.000,43247,2,EL,1,100,26444.599609
1903434.000,43263,1,EL,1,100,26444.199219
1903500.500,43280,2,EL,1,100,26444.199219
1903567.000,43280,2,EL,1,100,26444.000000
1903634.000,43297,1,EL,1,100,26444.199219
1903700.500,43312,2,EL,1,100,26444.199219
1903767.000,43312,2,EL,1,100,26444.199219
1903834.000,43328,1,EL,1,100,26444.000000
1903900.500,43346,2,EL,1,100,26444.000000
1903967.000,43346,2,EL,1,100,26444.000000
1904034.000,43362,1,EL,1,100,26444.000000
1904100.500,43378,2,EL,1,100,26444.000000
1904167.000,43378,2,EL,1,100,26444.000000
1904234.000,43393,1,EL,1,100,26444.000000
1904300.500,43411,2,EL,1,100,26443.800781
1904367.000,43411,2,EL,1,100,26444.000000
1904433.500,43427,2,EL,1,100,26444.199219
1904500.000,43427,2,EL,1,100,26444.000000
1904567.000,43445,2,EL,1,100,26444.000000
1904634.000,43445,2,EL,1,100,26444.000000
1904700.000,43461,1,EL,1,100,26444.000000
1904767.000,43476,2,EL,1,100,26443.800781
1904834.000,43476,2,EL,1,100,26444.000000
1904900.000,43492,1,EL,1,100,26443.800781
1904967.000,43510,2,EL,1,100,26444.000000
1905034.000,43510,2,EL,1,100,26443.800781
1905100.000,43526,1,EL,1,100,26444.000000
1905167.000,43541,2,EL,1,100,26444.000000
1905234.000,43541,2,EL,1,100,26443.800781
1905301.000,43558,1,EL,1,100,26443.800781
1905367.500,43575,2,EL,1,100,26444.000000
1905434.000,43575,2,EL,1,100,26443.599609
1905500.000,43591,1,EL,1,100,26443.599609
1905567.000,43607,2,EL,1,100,26444.000000
1905634.000,43607,2,EL,1,100,26443.599609
1905700.000,43623,1,EL,1,100,26444.000000
1905767.000,43640,2,EL,1,100,26444.000000
1905834.000,43640,2,EL,1,100,26444.000000
1905900.000,43656,1,EL,1,100,26443.800781
1905967.000,43672,2,EL,1,100,26444.000000
1906034.000,43672,2,EL,1,100,26443.199219
1906100.000,43688,1,EL,1,100,26444.000000
1906167.000,43705,2,EL,1,100,26443.800781
1906234.000,43705,2,EL,1,100,26443.599609
1906300.000,43722,1,EL,1,100,26443.800781
1906367.000,43739,2,EL,1,100,26443.599609
1906434.000,43739,2,EL,1,100,26443.599609
1906500.000,43755,1,EL,1,100,26444.000000
1906567.000,43773,2,EL,1,100,26444.000000
1906634.000,43773,2,EL,1,100,26443.599609
1906700.000,43789,1,EL,1,100,26443.800781
1906766.500,43805,2,EL,1,100,26444.000000
1906833.000,43805,2,EL,1,100,26444.000000
1906900.000,43821,2,EL,1,100,26443.800781
1906967.000,43821,2,EL,1,100,26444.000000
1907034.000,43838,1,EL,1,100,26444.000000
1907100.500,43854,2,EL,1,100,26444.199219
1907167.000,43854,2,EL,1,100,26444.599609
1907234.000,43871,1,EL,1,100,26444.599609
1907300.500,43887,2,EL,1,100,26444.800781
1907367.000,43887,2,EL,1,100,26445.000000
1907434.000,43903,1,EL,1,100,26445.000000
1907500.500,43919,2,EL,1,100,26445.000000
1907567.000,43919,2,EL,1,100,26444.800781
1907634.000,43937,1,EL,1,100,26444.800781
1907700.500,43952,2,EL,1,100,26445.000000
1907767.000,43952,2,EL,1,100,26445.199219
1907833.500,43968,2,EL,1,100,26445.000000
1907900.000,43968,2,EL,1,100,26445.000000
1907967.000,43985,1,EL,1,100,26445.400391
1908033.500,44002,2,EL,1,100,26445.800781
1908100.000,44002,2,EL,1,100,26445.800781
1908166.500,44023,2,EL,1,100,26445.199219
1908233.000,44023,2,EL,1,100,26445.800781
1908300.000,44041,2,EL,1,100,26446.000000
1908367.000,44041,2,EL,1,100,26445.599609
1908433.000,44057,1,EL,1,100,26446.000000
1908500.000,44072,2,EL,1,100,26446.000000
1908567.000,44072,2,EL,1,100,26446.000000
1908633.000,44089,1,EL,1,100,26446.000000
1908700.000,44106,2,EL,1,100,26446.000000
1908767.000,44106,2,EL,1,100,26446.000000
1908833.000,44122,1,EL,1,100,26446.000000
1908900.000,44139,2,EL,1,100,26446.000000
1908967.000,44139,2,EL,1,100,26446.000000
1909033.500,44154,2,EL,1,100,26445.800781
1909100.000,44154,2,EL,1,100,26445.400391
1909167.000,44171,1,EL,1,100,26445.400391
1909233.500,44188,2,EL,1,100,26446.000000
1909300.000,44188,2,EL,1,100,26445.800781
1909367.000,44205,1,EL,1,100,26445.199219
1909433.500,44219,2,EL,1,100,26445.800781
1909500.000,44219,2,EL,1,100,26445.599609
1909567.000,44236,1,EL,1,100,26445.199219
1909633.500,44253,2,EL,1,100,26445.000000
1909700.000,44253,2,EL,1,100,26445.000000
1909767.000,44270,1,EL,1,100,26445.000000
1909833.500,44284,2,EL,1,100,26445.000000
1909900.000,44284,2,EL,1,100,26445.199219
1909967.000,44302,1,EL,1,100,26445.000000
1910033.500,44318,2,EL,1,100,26445.000000
1910100.000,44318,2,EL,1,100,26445.000000
1910167.000,44335,1,EL,1,100,26445.000000
1910233.500,44351,2,EL,1,100,26445.000000
1910300.000,44351,2,EL,1,100,26445.000000
1910367.000,44367,1,EL,1,100,26445.000000
1910433.500,44383,2,EL,1,100,26445.000000
1910500.000,44383,2,EL,1,100,26445.000000
1910567.000,44400,1,EL,1,100,26445.000000
1910633.500,44416,2,EL,1,100,26445.000000
1910700.000,44416,2,EL,1,100,26444.599609
1910766.500,44432,2,EL,1,100,26444.800781
1910833.000,44432,2,EL,1,100,26445.000000
1910900.000,44448,1,EL,1,100,26445.000000
1910966.500,44466,2,EL,1,100,26444.800781
1911033.000,44466,2,EL,1,100,26444.800781
1911100.000,44482,1,EL,1,100,26445.000000
1911166.500,44497,2,EL,1,100,26445.000000
1911233.000,44497,2,EL,1,100,26445.000000
1911300.000,44515,2,EL,1,100,26445.000000
1911367.000,44515,2,EL,1,100,26444.800781
1911433.000,44533,1,EL,1,100,26445.000000
1911499.500,44550,2,EL,1,100,26445.000000
1911566.000,44550,2,EL,1,100,26445.000000
1911633.000,44567,1,EL,1,100,26445.000000
1911699.500,44582,2,EL,1,100,26445.000000
1911766.000,44582,2,EL,1,100,26445.000000
1911833.000,44598,1,EL,1,100,26445.000000
1911899.500,44616,2,EL,1,100,26445.000000
1911966.000,44616,2,EL,1,100,26445.000000
1912033.000,44632,1,EL,1,100,26445.199219
1912099.500,44647,2,EL,1,100,26445.000000
1912166.000,44647,2,EL,1,100,26444.599609
1912233.000,44663,1,EL,1,100,26445.000000
1912299.500,44681,2,EL,1,100,26445.199219
1912366.000,44681,2,EL,1,100,26445.000000
1912433.000,44697,1,EL,1,100,26445.000000
1912499.500,44712,2,EL,1,100,26445.199219
1912566.000,44712,2,EL,1,100,26445.199219
1912633.000,44729,1,EL,1,100,26445.599609
1912699.500,44746,2,EL,1,100,26445.400391
1912766.000,44746,2,EL,1,100,26445.400391
1912833.000,44762,1,EL,1,100,26445.000000
1912899.500,44779,2,EL,1,100,26445.599609
1912966.000,44779,2,EL,1,100,26445.400391
1913033.000,44794,1,EL,1,100,26445.599609
1913099.500,44811,2,EL,1,100,26445.199219
1913166.000,44811,2,EL,1,100,26445.199219
1913232.667,44832,3,EL,1,100,26445.400391
1913299.333,44832,3,EL,1,100,26445.599609
1913366.000,44832,3,EL,1,100,26446.000000
1913433.000,44848,2,EL,1,100,26445.400391
1913500.000,44848,2,EL,1,100,26445.000000
