EmotiBitTimestamp,PacketNumber,DataLength,TypeTag,ProtocolVersion,DataReliability,PR
1839668.000,33097,3,PR,1,100,137589
1839668.000,33097,3,PR,1,100,137596
1839668.000,33097,3,PR,1,100,137607
1839708.000,33112,2,PR,1,100,137634
1839748.000,33112,2,PR,1,100,137659
1839788.000,33130,3,PR,1,100,137660
1839828.000,33130,3,PR,1,100,137672
1839868.000,33130,3,PR,1,100,137682
1839908.000,33148,2,PR,1,100,137702
1839948.000,33148,2,PR,1,100,137712
1839988.000,33164,3,PR,1,100,137731
1840028.000,33164,3,PR,1,100,137746
1840068.000,33164,3,PR,1,100,137752
1840108.000,33179,3,PR,1,100,137775
1840148.000,33179,3,PR,1,100,137770
1840188.000,33179,3,PR,1,100,137786
1840228.000,33195,2,PR,1,100,137772
1840268.000,33195,2,PR,1,100,137769
1840308.000,33213,3,PR,1,100,137794
1840348.000,33213,3,PR,1,100,137786
1840388.000,33213,3,PR,1,100,137805
1840428.000,33229,2,PR,1,100,137837
1840468.000,33229,2,PR,1,100,137851
1840508.000,33244,3,PR,1,100,137865
1840548.000,33244,3,PR,1,100,137873
1840588.000,33244,3,PR,1,100,137877
1840628.000,33261,2,PR,1,100,137865
1840668.000,33261,2,PR,1,100,137871
1840708.000,33278,3,PR,1,100,137856
1840748.000,33278,3,PR,1,100,137858
1840788.000,33278,3,PR,1,100,137866
1840828.000,33294,2,PR,1,100,137864
1840868.000,33294,2,PR,1,100,137858
1840908.000,33310,3,PR,1,100,137875
1840948.000,33310,3,PR,1,100,137891
1840988.000,33310,3,PR,1,100,137914
1841028.000,33328,2,PR,1,100,137912
1841068.000,33328,2,PR,1,100,137932
1841108.000,33345,3,PR,1,100,137941
1841148.000,33345,3,PR,1,100,137944
1841188.000,33345,3,PR,1,100,137963
1841228.000,33362,3,PR,1,100,137979
1841268.000,33362,3,PR,1,100,137990
1841308.000,33362,3,PR,1,100,137999
1841348.000,33381,2,PR,1,100,137988
1841388.000,33381,2,PR,1,100,138007
1841428.000,33395,3,PR,1,100,138014
1841468.000,33395,3,PR,1,100,138019
1841508.000,33395,3,PR,1,100,138043
1841548.000,33418,4,PR,1,100,138046
1841588.000,33418,4,PR,1,100,138038
1841628.000,33418,4,PR,1,100,138035
1841668.000,33418,4,PR,1,100,138034
1841708.000,33434,3,PR,1,100,138034
1841748.000,33434,3,PR,1,100,138055
1841788.000,33434,3,PR,1,100,138054
1841828.000,33451,2,PR,1,100,138050
1841868.000,33451,2,PR,1,100,138066
1841908.000,33468,3,PR,1,100,138058
1841948.000,33468,3,PR,1,100,138070
1841988.000,33468,3,PR,1,100,138077
1842028.000,33485,2,PR,1,100,138081
1842068.000,33485,2,PR,1,100,138078
1842108.000,33499,3,PR,1,100,138087
1842148.000,33499,3,PR,1,100,138087
1842188.000,33499,3,PR,1,100,138088
1842228.000,33516,2,PR,1,100,138084
1842268.000,33516,2,PR,1,100,138086
1842308.000,33533,3,PR,1,100,138090
1842348.000,33533,3,PR,1,100,138085
1842388.000,33533,3,PR,1,100,138108
1842428.000,33550,2,PR,1,100,138112
1842468.000,33550,2,PR,1,100,138104
1842508.000,33566,3,PR,1,100,138114
1842548.000,33566,3,PR,1,100,138112
1842588.000,33566,3,PR,1,100,138096
1842628.000,33584,2,PR,1,100,138075
1842668.000,33584,2,PR,1,100,138082
1842708.000,33600,3,PR,1,100,138073
1842748.000,33600,3,PR,1,100,138060
1842788.000,33600,3,PR,1,100,138064
1842828.000,33617,2,PR,1,100,138056
1842868.000,33617,2,PR,1,100,138057
1842908.000,33633,3,PR,1,100,138071
1842948.000,33633,3,PR,1,100,138077
1842988.000,33633,3,PR,1,100,138075
1843028.000,33649,2,PR,1,100,138080
1843068.000,33649,2,PR,1,100,138087
1843108.000,33665,3,PR,1,100,138082
1843148.000,33665,3,PR,1,100,138101
1843188.000,33665,3,PR,1,100,138097
1843228.000,33683,3,PR,1,100,138099
1843268.000,33683,3,PR,1,100,138121
1843308.000,33683,3,PR,1,100,138120
1843348.000,33699,2,PR,1,100,138149
1843388.000,33699,2,PR,1,100,138165
1843428.000,33714,3,PR,1,100,138158
1843468.000,33714,3,PR,1,100,138184
1843508.000,33714,3,PR,1,100,138190
1843548.000,33730,2,PR,1,100,138206
1843588.000,33730,2,PR,1,100,138215
1843628.000,33748,3,PR,1,100,138212
1843668.000,33748,3,PR,1,100,138207
1843708.000,33748,3,PR,1,100,138208
1843748.000,33764,2,PR,1,100,138180
1843788.000,33764,2,PR,1,100,138202
1843828.000,33779,3,PR,1,100,138188
1843868.000,33779,3,PR,1,100,138206
1843908.000,33779,3,PR,1,100,138204
1843948.000,33796,2,PR,1,100,138204
1843988.000,33796,2,PR,1,100,138223
1844028.000,33813,3,PR,1,100,138228
1844068.000,33813,3,PR,1,100,138227
1844108.000,33813,3,PR,1,100,138267
1844148.000,33829,2,PR,1,100,138251
1844188.000,33829,2,PR,1,100,138270
1844228.000,33847,3,PR,1,100,138282
1844268.000,33847,3,PR,1,100,138294
1844308.000,33847,3,PR,1,100,138279
1844348.000,33863,3,PR,1,100,138309
1844388.000,33863,3,PR,1,100,138322
1844428.000,33863,3,PR,1,100,138333
1844468.000,33882,2,PR,1,100,138343
1844508.000,33882,2,PR,1,100,138353
1844548.000,33898,3,PR,1,100,138345
1844588.000,33898,3,PR,1,100,138352
1844628.000,33898,3,PR,1,100,138367
1844668.000,33914,2,PR,1,100,138353
1844708.000,33914,2,PR,1,100,138357
1844748.000,33930,3,PR,1,100,138375
1844788.000,33930,3,PR,1,100,138373
1844828.000,33930,3,PR,1,100,138384
1844868.000,33947,2,PR,1,100,138393
1844908.000,33947,2,PR,1,100,138408
1844948.000,33964,3,PR,1,100,138433
1844988.000,33964,3,PR,1,100,138435
1845028.000,33964,3,PR,1,100,138457
1845068.000,33980,2,PR,1,100,138466
1845108.000,33980,2,PR,1,100,138480
1845148.000,33997,3,PR,1,100,138502
1845188.000,33997,3,PR,1,100,138530
1845228.000,33997,3,PR,1,100,138578
1845268.000,34015,2,PR,1,100,138581
1845308.000,34015,2,PR,1,100,138595
1845348.000,34031,3,PR,1,100,138601
1845388.000,34031,3,PR,1,100,138599
1845428.000,34031,3,PR,1,100,138588
1845468.000,34048,2,PR,1,100,138598
1845508.000,34048,2,PR,1,100,138611
1845548.000,34063,3,PR,1,100,138601
1845588.000,34063,3,PR,1,100,138619
1845628.000,34063,3,PR,1,100,138623
1845668.000,34080,3,PR,1,100,138644
1845708.000,34080,3,PR,1,100,138656
1845748.000,34080,3,PR,1,100,138658
1845788.000,34096,2,PR,1,100,138677
1845828.000,34096,2,PR,1,100,138719
1845868.000,34113,3,PR,1,100,138718
1845908.000,34113,3,PR,1,100,138726
1845948.000,34113,3,PR,1,100,138746
1845988.000,34128,2,PR,1,100,138759
1846028.000,34128,2,PR,1,100,138758
1846068.000,34147,3,PR,1,100,138786
1846108.000,34147,3,PR,1,100,138785
1846148.000,34147,3,PR,1,100,138789
1846188.000,34163,2,PR,1,100,138801
1846228.000,34163,2,PR,1,100,138812
1846268.000,34181,2,PR,1,100,138812
1846308.000,34181,2,PR,1,100,138822
1846352.333,34197,3,PR,1,100,138793
1846396.667,34197,3,PR,1,100,138770
1846441.000,34197,3,PR,1,100,138752
1846481.000,34214,3,PR,1,100,138717
1846521.000,34214,3,PR,1,100,138737
1846561.000,34214,3,PR,1,100,138758
1846601.000,34231,2,PR,1,100,138763
1846641.000,34231,2,PR,1,100,138755
1846681.000,34253,4,PR,1,100,138750
1846721.000,34253,4,PR,1,100,138783
1846761.000,34253,4,PR,1,100,138798
1846801.000,34253,4,PR,1,100,138794
1846841.000,34269,2,PR,1,100,138869
1846881.000,34269,2,PR,1,100,138947
1846921.000,34289,3,PR,1,100,138969
1846961.000,34289,3,PR,1,100,138947
1847001.000,34289,3,PR,1,100,138889
1847041.000,34303,2,PR,1,100,138853
1847081.000,34303,2,PR,1,100,138835
1847121.000,34320,3,PR,1,100,138798
1847161.000,34320,3,PR,1,100,138759
1847201.000,34320,3,PR,1,100,138713
1847241.000,34337,2,PR,1,100,138696
1847281.000,34337,2,PR,1,100,138630
1847321.000,34354,3,PR,1,100,138615
1847361.000,34354,3,PR,1,100,138602
1847401.000,34354,3,PR,1,100,138566
1847441.000,34368,3,PR,1,100,138508
1847481.000,34368,3,PR,1,100,138478
1847521.000,34368,3,PR,1,100,138428
1847561.000,34385,2,PR,1,100,138414
1847601.000,34385,2,PR,1,100,138419
1847641.000,34402,3,PR,1,100,138388
1847681.000,34402,3,PR,1,100,138387
1847721.000,34402,3,PR,1,100,138363
1847761.000,34419,2,PR,1,100,138361
1847801.000,34419,2,PR,1,100,138330
1847841.000,34433,3,PR,1,100,138270
1847881.000,34433,3,PR,1,100,138250
1847921.000,34433,3,PR,1,100,138227
1847961.000,34451,2,PR,1,100,138097
1848001.000,34451,2,PR,1,100,137856
1848041.000,34467,3,PR,1,100,137623
1848081.000,34467,3,PR,1,100,137342
1848121.000,34467,3,PR,1,100,137293
1848161.000,34484,2,PR,1,100,137095
1848201.000,34484,2,PR,1,100,136972
1848241.000,34499,3,PR,1,100,136980
1848281.000,34499,3,PR,1,100,136933
1848321.000,34499,3,PR,1,100,136907
1848361.000,34516,2,PR,1,100,136930
1848401.000,34516,2,PR,1,100,136946
1848441.000,34532,3,PR,1,100,136886
1848481.000,34532,3,PR,1,100,136914
1848521.000,34532,3,PR,1,100,136879
1848561.000,34549,2,PR,1,100,136856
1848601.000,34549,2,PR,1,100,136856
1848641.000,34565,3,PR,1,100,136850
1848681.000,34565,3,PR,1,100,136876
1848721.000,34565,3,PR,1,100,136957
1848761.000,34581,2,PR,1,100,137012
1848801.000,34581,2,PR,1,100,137044
1848841.000,34597,3,PR,1,100,137032
1848881.000,34597,3,PR,1,100,137031
1848921.000,34597,3,PR,1,100,137059
1848961.000,34615,3,PR,1,100,137124
1849001.000,34615,3,PR,1,100,137214
1849041.000,34615,3,PR,1,100,137239
1849081.000,34631,2,PR,1,100,137262
1849121.000,34631,2,PR,1,100,137307
1849161.000,34646,3,PR,1,100,137411
1849201.000,34646,3,PR,1,100,137641
1849241.000,34646,3,PR,1,100,137923
1849281.000,34663,2,PR,1,100,138147
1849321.000,34663,2,PR,1,100,138271
1849361.000,34680,3,PR,1,100,138232
1849401.000,34680,3,PR,1,100,138165
1849441.000,34680,3,PR,1,100,138355
1849481.000,34696,2,PR,1,100,138565
1849521.000,34696,2,PR,1,100,138791
1849561.000,34712,3,PR,1,100,139281
1849601.000,34712,3,PR,1,100,140256
1849641.000,34712,3,PR,1,100,142130
1849681.000,34728,2,PR,1,100,142437
1849721.000,34728,2,PR,1,100,142894
1849761.000,34745,3,PR,1,100,142778
1849801.000,34745,3,PR,1,100,143361
1849841.000,34745,3,PR,1,100,143717
1849881.000,34761,2,PR,1,100,143505
1849921.000,34761,2,PR,1,100,143219
1849961.000,34777,3,PR,1,100,143329
1850001.000,34777,3,PR,1,100,143229
1850041.000,34777,3,PR,1,100,143426
1850081.000,34793,3,PR,1,100,143445
1850121.000,34793,3,PR,1,100,143122
1850161.000,34793,3,PR,1,100,143478
1850201.000,34810,2,PR,1,100,144157
1850241.000,34810,2,PR,1,100,144592
1850280.667,34827,3,PR,1,100,144578
1850320.333,34827,3,PR,1,100,144626
1850360.000,34827,3,PR,1,100,145079
1850400.500,34842,2,PR,1,100,145156
1850441.000,34842,2,PR,1,100,144624
1850480.667,34858,3,PR,1,100,144051
1850520.333,34858,3,PR,1,100,142394
1850560.000,34858,3,PR,1,100,139815
1850600.500,34876,2,PR,1,100,135643
1850641.000,34876,2,PR,1,100,120978
1850681.000,34892,3,PR,1,100,114017
1850721.000,34892,3,PR,1,100,93719
1850761.000,34892,3,PR,1,100,26225
1850801.000,34908,2,PR,1,100,1981
1850841.000,34908,2,PR,1,100,1762
1850880.667,34924,3,PR,1,100,1773
1850920.333,34924,3,PR,1,100,1771
1850960.000,34924,3,PR,1,100,1772
1851000.000,34941,2,PR,1,100,1772
1851040.000,34941,2,PR,1,100,1778
1851080.000,34957,3,PR,1,100,1763
1851120.000,34957,3,PR,1,100,1769
1851160.000,34957,3,PR,1,100,1776
1851200.500,34974,2,PR,1,100,1785
1851241.000,34974,2,PR,1,100,1791
1851281.000,34991,3,PR,1,100,1795
1851321.000,34991,3,PR,1,100,1812
1851361.000,34991,3,PR,1,100,1839
1851400.667,35008,3,PR,1,100,1899
1851440.333,35008,3,PR,1,100,1984
1851480.000,35008,3,PR,1,100,2069
1851520.000,35024,2,PR,1,100,2154
1851560.000,35024,2,PR,1,100,2293
1851600.333,35042,3,PR,1,100,2307
1851640.667,35042,3,PR,1,100,2254
1851681.000,35042,3,PR,1,100,2229
1851720.500,35056,2,PR,1,100,2207
1851760.000,35056,2,PR,1,100,2196
1851800.000,35078,4,PR,1,100,2135
1851840.000,35078,4,PR,1,100,2097
1851880.000,35078,4,PR,1,100,2083
1851920.000,35078,4,PR,1,100,2048
1851960.000,35095,2,PR,1,100,2002
1852000.000,35095,2,PR,1,100,1994
1852040.000,35112,3,PR,1,100,1946
1852080.000,35112,3,PR,1,100,1912
1852120.000,35112,3,PR,1,100,1862
1852160.000,35128,2,PR,1,100,1847
1852200.000,35128,2,PR,1,100,1823
1852240.000,35145,3,PR,1,100,1807
1852280.000,35145,3,PR,1,100,1795
1852320.000,35145,3,PR,1,100,1793
1852360.000,35160,2,PR,1,100,1810
1852400.000,35160,2,PR,1,100,1823
1852440.000,35177,3,PR,1,100,1832
1852480.000,35177,3,PR,1,100,1811
1852520.000,35177,3,PR,1,100,1807
1852560.000,35194,3,PR,1,100,1800
1852600.000,35194,3,PR,1,100,1780
1852640.000,35194,3,PR,1,100,1780
1852680.000,35211,2,PR,1,100,1783
1852720.000,35211,2,PR,1,100,1784
1852760.000,35225,3,PR,1,100,1784
1852800.000,35225,3,PR,1,100,1775
1852840.000,35225,3,PR,1,100,1770
1852880.000,35242,2,PR,1,100,1768
1852920.000,35242,2,PR,1,100,1767
1852960.000,35259,3,PR,1,100,1756
1853000.000,35259,3,PR,1,100,1757
1853040.000,35259,3,PR,1,100,1760
1853080.000,35276,2,PR,1,100,1757
1853120.000,35276,2,PR,1,100,1766
1853160.000,35290,3,PR,1,100,1762
1853200.000,35290,3,PR,1,100,1767
1853240.000,35290,3,PR,1,100,1755
1853280.000,35308,2,PR,1,100,1786
1853320.000,35308,2,PR,1,100,1777
1853360.000,35324,3,PR,1,100,1760
1853400.000,35324,3,PR,1,100,1797
1853440.000,35324,3,PR,1,100,1765
1853480.000,35341,2,PR,1,100,1791
1853520.000,35341,2,PR,1,100,1780
1853560.000,35356,3,PR,1,100,1775
1853600.000,35356,3,PR,1,100,1781
1853640.000,35356,3,PR,1,100,1784
1853680.000,35373,3,PR,1,100,1796
1853720.000,35373,3,PR,1,100,1784
1853760.000,35373,3,PR,1,100,1784
1853800.000,35389,2,PR,1,100,1776
1853840.000,35389,2,PR,1,100,1795
1853880.000,35406,3,PR,1,100,1798
1853920.000,35406,3,PR,1,100,1782
1853960.000,35406,3,PR,1,100,1785
1854000.000,35421,2,PR,1,100,1790
1854040.000,35421,2,PR,1,100,1779
1854080.000,35438,3,PR,1,100,1784
1854120.000,35438,3,PR,1,100,1784
1854160.000,35438,3,PR,1,100,1779
1854200.000,35454,2,PR,1,100,1780
1854240.000,35454,2,PR,1,100,1771
1854280.000,35472,3,PR,1,100,1783
1854320.000,35472,3,PR,1,100,1771
1854360.000,35472,3,PR,1,100,1793
1854400.000,35487,2,PR,1,100,1777
1854440.000,35487,2,PR,1,100,1775
1854480.000,35503,3,PR,1,100,1783
1854520.000,35503,3,PR,1,100,1774
1854560.000,35503,3,PR,1,100,1790
1854600.000,35520,2,PR,1,100,1770
1854640.000,35520,2,PR,1,100,1781
1854680.000,35537,3,PR,1,100,1778
1854720.000,35537,3,PR,1,100,1770
1854760.000,35537,3,PR,1,100,1783
1854800.000,35553,2,PR,1,100,1778
1854840.000,35553,2,PR,1,100,1788
1854880.000,35569,3,PR,1,100,1786
1854920.000,35569,3,PR,1,100,1781
1854960.000,35569,3,PR,1,100,1773
1855000.000,35585,2,PR,1,100,1773
1855040.000,35585,2,PR,1,100,1769
1855080.000,35602,3,PR,1,100,1776
1855120.000,35602,3,PR,1,100,1772
1855160.000,35602,3,PR,1,100,1770
1855200.000,35618,3,PR,1,100,1777
1855240.000,35618,3,PR,1,100,1767
1855280.000,35618,3,PR,1,100,1772
1855320.000,35634,2,PR,1,100,1787
1855360.000,35634,2,PR,1,100,1771
1855400.000,35650,3,PR,1,100,1781
1855440.000,35650,3,PR,1,100,1781
1855480.000,35650,3,PR,1,100,1784
1855520.000,35667,2,PR,1,100,1786
1855560.000,35667,2,PR,1,100,1774
1855600.000,35684,3,PR,1,100,1785
1855640.000,35684,3,PR,1,100,1788
1855680.000,35684,3,PR,1,100,1772
1855720.000,35699,2,PR,1,100,1780
1855760.000,35699,2,PR,1,100,1785
1855800.000,35715,3,PR,1,100,1784
1855840.000,35715,3,PR,1,100,1790
1855880.000,35715,3,PR,1,100,1786
1855920.000,35733,2,PR,1,100,1788
1855960.000,35733,2,PR,1,100,1787
1856000.000,35749,3,PR,1,100,1786
1856040.000,35749,3,PR,1,100,1783
1856080.000,35749,3,PR,1,100,1786
1856120.000,35764,2,PR,1,100,1785
1856160.000,35764,2,PR,1,100,1780
1856200.000,35780,3,PR,1,100,1787
1856240.000,35780,3,PR,1,100,1781
1856280.000,35780,3,PR,1,100,1786
1856320.000,35800,2,PR,1,100,1775
1856360.000,35800,2,PR,1,100,1787
1856400.000,35816,3,PR,1,100,1777
1856440.000,35816,3,PR,1,100,1768
1856480.000,35816,3,PR,1,100,1777
1856520.000,35832,3,PR,1,100,1767
1856560.000,35832,3,PR,1,100,1776
1856600.000,35832,3,PR,1,100,1774
1856640.000,35848,2,PR,1,100,1769
1856680.000,35848,2,PR,1,100,1787
1856720.000,35865,3,PR,1,100,1776
1856760.000,35865,3,PR,1,100,1785
1856800.000,35865,3,PR,1,100,1773
1856840.000,35881,2,PR,1,100,1780
1856880.000,35881,2,PR,1,100,1776
1856920.000,35904,4,PR,1,100,1787
1856960.000,35904,4,PR,1,100,1782
1857000.000,35904,4,PR,1,100,1772
1857040.000,35904,4,PR,1,100,1789
1857080.000,35920,3,PR,1,100,1779
1857120.000,35920,3,PR,1,100,1778
1857160.000,35920,3,PR,1,100,1782
1857200.000,35935,2,PR,1,100,1780
1857240.000,35935,2,PR,1,100,1781
1857280.000,35952,3,PR,1,100,1779
1857320.000,35952,3,PR,1,100,1784
1857360.000,35952,3,PR,1,100,1790
1857400.000,35969,2,PR,1,100,1782
1857440.000,35969,2,PR,1,100,1791
1857480.000,35985,3,PR,1,100,1782
1857520.000,35985,3,PR,1,100,1779
1857560.000,35985,3,PR,1,100,1788
1857600.000,36002,2,PR,1,100,1777
1857640.000,36002,2,PR,1,100,1777
1857680.000,36017,3,PR,1,100,1777
1857720.000,36017,3,PR,1,100,1777
1857760.000,36017,3,PR,1,100,1784
1857800.000,36034,2,PR,1,100,1775
1857840.000,36034,2,PR,1,100,1774
1857880.000,36051,3,PR,1,100,1773
1857920.000,36051,3,PR,1,100,1780
1857960.000,36051,3,PR,1,100,1782
1858000.000,36068,2,PR,1,100,1779
1858040.000,36068,2,PR,1,100,1786
1858080.000,36082,3,PR,1,100,1788
1858120.000,36082,3,PR,1,100,1786
1858160.000,36082,3,PR,1,100,1785
1858200.000,36099,2,PR,1,100,1791
1858240.000,36099,2,PR,1,100,1790
1858280.000,36116,3,PR,1,100,1792
1858320.000,36116,3,PR,1,100,1792
1858360.000,36116,3,PR,1,100,1794
1858400.000,36133,3,PR,1,100,1790
1858440.000,36133,3,PR,1,100,1786
1858480.000,36133,3,PR,1,100,1787
1858520.000,36147,2,PR,1,100,1784
1858560.000,36147,2,PR,1,100,1778
1858600.000,36165,3,PR,1,100,1779
1858640.000,36165,3,PR,1,100,1776
1858680.000,36165,3,PR,1,100,1774
1858720.000,36181,2,PR,1,100,1777
1858760.000,36181,2,PR,1,100,1774
1858800.000,36198,3,PR,1,100,1778
1858840.000,36198,3,PR,1,100,1770
1858880.000,36198,3,PR,1,100,1778
1858920.000,36213,2,PR,1,100,1781
1858960.000,36213,2,PR,1,100,1783
1859000.000,36230,3,PR,1,100,1784
1859040.000,36230,3,PR,1,100,1776
1859080.000,36230,3,PR,1,100,1775
1859120.000,36246,2,PR,1,100,1790
1859160.000,36246,2,PR,1,100,1788
1859200.000,36263,3,PR,1,100,1788
1859240.000,36263,3,PR,1,100,1791
1859280.000,36263,3,PR,1,100,1785
1859320.000,36278,2,PR,1,100,1789
1859360.000,36278,2,PR,1,100,1791
1859400.000,36295,3,PR,1,100,1780
1859440.000,36295,3,PR,1,100,1782
1859480.000,36295,3,PR,1,100,1790
1859520.000,36311,2,PR,1,100,1784
1859560.000,36311,2,PR,1,100,1787
1859600.000,36329,3,PR,1,100,1793
1859640.000,36329,3,PR,1,100,1785
1859680.000,36329,3,PR,1,100,1785
1859720.000,36344,3,PR,1,100,1787
1859760.000,36344,3,PR,1,100,1779
1859800.000,36344,3,PR,1,100,1779
1859840.000,36360,2,PR,1,100,1778
1859880.000,36360,2,PR,1,100,1779
1859920.000,36377,3,PR,1,100,1773
1859960.000,36377,3,PR,1,100,1784
1860000.000,36377,3,PR,1,100,1776
1860040.000,36394,2,PR,1,100,1770
1860080.000,36394,2,PR,1,100,1777
1860120.000,36410,3,PR,1,100,1773
1860160.000,36410,3,PR,1,100,1780
1860200.000,36410,3,PR,1,100,1775
1860240.000,36426,2,PR,1,100,1772
1860280.000,36426,2,PR,1,100,1782
1860319.667,36442,3,PR,1,100,1779
1860359.333,36442,3,PR,1,100,1775
1860399.000,36442,3,PR,1,100,1781
1860439.500,36459,2,PR,1,100,1784
1860480.000,36459,2,PR,1,100,1769
1860520.000,36475,3,PR,1,100,1769
1860560.000,36475,3,PR,1,100,1778
1860600.000,36475,3,PR,1,100,1778
1860640.000,36491,3,PR,1,100,1773
1860680.000,36491,3,PR,1,100,1759
1860720.000,36491,3,PR,1,100,1787
1860759.500,36507,2,PR,1,100,1776
1860799.000,36507,2,PR,1,100,1760
1860839.000,36524,3,PR,1,100,1791
1860879.000,36524,3,PR,1,100,1800
1860919.000,36524,3,PR,1,100,1765
1860959.000,36541,2,PR,1,100,1799
1860999.000,36541,2,PR,1,100,1785
1861039.333,36556,3,PR,1,100,1779
1861079.667,36556,3,PR,1,100,1802
1861120.000,36556,3,PR,1,100,1787
1861159.500,36572,2,PR,1,100,1791
1861199.000,36572,2,PR,1,100,1789
1861239.333,36590,3,PR,1,100,1799
1861279.667,36590,3,PR,1,100,1796
1861320.000,36590,3,PR,1,100,1765
1861359.500,36608,2,PR,1,100,1777
1861399.000,36608,2,PR,1,100,1790
1861439.000,36623,3,PR,1,100,1805
1861479.000,36623,3,PR,1,100,1801
1861519.000,36623,3,PR,1,100,1809
1861559.000,36639,2,PR,1,100,1805
1861599.000,36639,2,PR,1,100,1800
1861639.000,36657,3,PR,1,100,1795
1861679.000,36657,3,PR,1,100,1810
1861719.000,36657,3,PR,1,100,1783
1861759.000,36673,2,PR,1,100,1799
1861799.000,36673,2,PR,1,100,1790
1861839.333,36689,3,PR,1,100,1796
1861879.667,36689,3,PR,1,100,1794
1861920.000,36689,3,PR,1,100,1782
1861959.500,36705,2,PR,1,100,1799
1861999.000,36705,2,PR,1,100,1787
1862039.000,36725,4,PR,1,100,1800
1862079.000,36725,4,PR,1,100,1787
1862119.000,36725,4,PR,1,100,1785
1862159.000,36725,4,PR,1,100,1766
1862199.000,36741,3,PR,1,100,1779
1862239.000,36741,3,PR,1,100,1787
1862279.000,36741,3,PR,1,100,1785
1862319.000,36759,2,PR,1,100,1792
1862359.000,36759,2,PR,1,100,1791
1862399.000,36775,3,PR,1,100,1791
1862439.000,36775,3,PR,1,100,1782
1862479.000,36775,3,PR,1,100,1787
1862519.000,36790,2,PR,1,100,1791
1862559.000,36790,2,PR,1,100,1775
1862599.000,36807,3,PR,1,100,1791
1862639.000,36807,3,PR,1,100,1785
1862679.000,36807,3,PR,1,100,1784
1862719.000,36824,2,PR,1,100,1799
1862759.000,36824,2,PR,1,100,1785
1862799.000,36840,3,PR,1,100,1779
1862839.000,36840,3,PR,1,100,1792
1862879.000,36840,3,PR,1,100,1780
1862919.000,36856,2,PR,1,100,1796
1862959.000,36856,2,PR,1,100,1794
1862999.000,36872,3,PR,1,100,1787
1863039.000,36872,3,PR,1,100,1791
1863079.000,36872,3,PR,1,100,1794
1863119.000,36889,2,PR,1,100,1791
1863159.000,36889,2,PR,1,100,1784
1863199.000,36905,3,PR,1,100,1789
1863239.000,36905,3,PR,1,100,1785
1863279.000,36905,3,PR,1,100,1789
1863319.000,36921,3,PR,1,100,1786
1863359.000,36921,3,PR,1,100,1797
1863399.000,36921,3,PR,1,100,1778
1863439.000,36937,2,PR,1,100,1783
1863479.000,36937,2,PR,1,100,1784
1863519.000,36954,3,PR,1,100,1785
1863559.000,36954,3,PR,1,100,1785
1863599.000,36954,3,PR,1,100,1785
1863639.000,36971,2,PR,1,100,1784
1863679.000,36971,2,PR,1,100,1788
1863719.000,36987,3,PR,1,100,1777
1863759.000,36987,3,PR,1,100,1780
1863799.000,36987,3,PR,1,100,1784
1863839.000,37002,2,PR,1,100,1778
1863879.000,37002,2,PR,1,100,1777
1863919.000,37020,3,PR,1,100,1790
1863959.000,37020,3,PR,1,100,1791
1863999.000,37020,3,PR,1,100,1785
1864039.000,37036,2,PR,1,100,1779
1864079.000,37036,2,PR,1,100,1775
1864119.000,37053,3,PR,1,100,1795
1864159.000,37053,3,PR,1,100,1797
1864199.000,37053,3,PR,1,100,1791
1864239.000,37068,2,PR,1,100,1785
1864279.000,37068,2,PR,1,100,1789
1864319.000,37085,3,PR,1,100,1779
1864359.000,37085,3,PR,1,100,1787
1864399.000,37085,3,PR,1,100,1790
1864439.000,37101,2,PR,1,100,1781
1864479.000,37101,2,PR,1,100,1771
1864519.000,37118,3,PR,1,100,1784
1864559.000,37118,3,PR,1,100,1774
1864599.000,37118,3,PR,1,100,1781
1864639.000,37133,3,PR,1,100,1780
1864679.000,37133,3,PR,1,100,1771
1864719.000,37133,3,PR,1,100,1784
1864759.000,37150,2,PR,1,100,1782
1864799.000,37150,2,PR,1,100,1783
1864839.000,37166,3,PR,1,100,1793
1864879.000,37166,3,PR,1,100,1788
1864919.000,37166,3,PR,1,100,1791
1864959.000,37184,2,PR,1,100,1802
1864999.000,37184,2,PR,1,100,1790
1865039.000,37198,3,PR,1,100,1798
1865079.000,37198,3,PR,1,100,1796
1865119.000,37198,3,PR,1,100,1796
1865159.000,37215,2,PR,1,100,1797
1865199.000,37215,2,PR,1,100,1794
1865239.000,37232,3,PR,1,100,1790
1865279.000,37232,3,PR,1,100,1791
1865319.000,37232,3,PR,1,100,1788
1865359.000,37249,2,PR,1,100,1795
1865399.000,37249,2,PR,1,100,1790
1865439.000,37263,3,PR,1,100,1789
1865479.000,37263,3,PR,1,100,1793
1865519.000,37263,3,PR,1,100,1783
1865559.000,37280,2,PR,1,100,1781
1865599.000,37280,2,PR,1,100,1783
1865639.000,37297,3,PR,1,100,1784
1865679.000,37297,3,PR,1,100,1776
1865719.000,37297,3,PR,1,100,1786
1865759.000,37314,2,PR,1,100,1783
1865799.000,37314,2,PR,1,100,1779
1865839.000,37329,3,PR,1,100,1778
1865879.000,37329,3,PR,1,100,1782
1865919.000,37329,3,PR,1,100,1776
1865959.000,37346,2,PR,1,100,1781
1865999.000,37346,2,PR,1,100,1786
1866039.000,37362,3,PR,1,100,1784
1866079.000,37362,3,PR,1,100,1789
1866119.000,37362,3,PR,1,100,1783
1866159.000,37380,5,PR,1,100,1788
1866199.000,37380,5,PR,1,100,1794
1866239.000,37380,5,PR,1,100,1792
1866279.000,37380,5,PR,1,100,1773
1866319.000,37380,5,PR,1,100,1773
1866359.000,37398,2,PR,1,100,1793
1866399.000,37398,2,PR,1,100,1787
1866439.000,37415,3,PR,1,100,1790
1866479.000,37415,3,PR,1,100,1781
1866519.000,37415,3,PR,1,100,1790
1866559.000,37431,2,PR,1,100,1791
1866599.000,37431,2,PR,1,100,1785
1866639.000,37447,3,PR,1,100,1792
1866679.000,37447,3,PR,1,100,1776
1866719.000,37447,3,PR,1,100,1778
1866759.000,37463,2,PR,1,100,1785
1866799.000,37463,2,PR,1,100,1784
1866839.000,37480,3,PR,1,100,1785
1866879.000,37480,3,PR,1,100,1792
1866919.000,37480,3,PR,1,100,1779
1866959.000,37497,2,PR,1,100,1791
1866999.000,37497,2,PR,1,100,1789
1867039.000,37513,3,PR,1,100,1786
1867079.000,37513,3,PR,1,100,1795
1867119.000,37513,3,PR,1,100,1792
1867159.000,37535,4,PR,1,100,1782
1867199.000,37535,4,PR,1,100,1793
1867239.000,37535,4,PR,1,100,1795
1867279.000,37535,4,PR,1,100,1784
1867319.000,37553,2,PR,1,100,1780
1867359.000,37553,2,PR,1,100,1789
1867399.000,37569,3,PR,1,100,1790
1867439.000,37569,3,PR,1,100,1793
1867479.000,37569,3,PR,1,100,1790
1867519.000,37586,2,PR,1,100,1784
1867559.000,37586,2,PR,1,100,1784
1867599.000,37603,3,PR,1,100,1783
1867639.000,37603,3,PR,1,100,1774
1867679.000,37603,3,PR,1,100,1786
1867719.000,37619,3,PR,1,100,1780
1867759.000,37619,3,PR,1,100,1782
1867799.000,37619,3,PR,1,100,1781
1867839.000,37634,2,PR,1,100,1775
1867879.000,37634,2,PR,1,100,1779
1867919.000,37652,3,PR,1,100,1777
1867959.000,37652,3,PR,1,100,1785
1867999.000,37652,3,PR,1,100,1778
1868039.000,37668,2,PR,1,100,1776
1868079.000,37668,2,PR,1,100,1771
1868119.000,37684,3,PR,1,100,1783
1868159.000,37684,3,PR,1,100,1783
1868199.000,37684,3,PR,1,100,1780
1868239.000,37700,2,PR,1,100,1778
1868279.000,37700,2,PR,1,100,1788
1868319.000,37717,3,PR,1,100,1800
1868359.000,37717,3,PR,1,100,1790
1868399.000,37717,3,PR,1,100,1789
1868439.000,37733,2,PR,1,100,1783
1868479.000,37733,2,PR,1,100,1807
1868519.000,37751,4,PR,1,100,1781
1868559.000,37751,4,PR,1,100,1795
1868599.000,37751,4,PR,1,100,1782
1868639.000,37751,4,PR,1,100,1785
1868679.000,37767,2,PR,1,100,1787
1868719.000,37767,2,PR,1,100,1776
1868759.000,37782,3,PR,1,100,1801
1868799.000,37782,3,PR,1,100,1793
1868839.000,37782,3,PR,1,100,1802
1868879.000,37798,2,PR,1,100,1793
1868919.000,37798,2,PR,1,100,1790
1868959.000,37816,3,PR,1,100,1788
1868999.000,37816,3,PR,1,100,1798
1869039.000,37816,3,PR,1,100,1782
1869079.000,37832,2,PR,1,100,1793
1869119.000,37832,2,PR,1,100,1791
1869159.000,37847,3,PR,1,100,1804
1869199.000,37847,3,PR,1,100,1801
1869239.000,37847,3,PR,1,100,1797
1869279.000,37864,2,PR,1,100,1796
1869319.000,37864,2,PR,1,100,1799
1869359.000,37881,3,PR,1,100,1806
1869399.000,37881,3,PR,1,100,1796
1869439.000,37881,3,PR,1,100,1796
1869479.000,37897,2,PR,1,100,1790
1869519.000,37897,2,PR,1,100,1798
1869559.000,37913,3,PR,1,100,1792
1869599.000,37913,3,PR,1,100,1792
1869639.000,37913,3,PR,1,100,1801
1869679.000,37929,3,PR,1,100,1784
1869719.000,37929,3,PR,1,100,1787
1869759.000,37929,3,PR,1,100,1785
1869799.000,37946,2,PR,1,100,1779
1869839.000,37946,2,PR,1,100,1789
1869879.000,37962,3,PR,1,100,1784
1869919.000,37962,3,PR,1,100,1789
1869959.000,37962,3,PR,1,100,1785
1869999.000,37978,2,PR,1,100,1785
1870039.000,37978,2,PR,1,100,1800
1870079.000,37994,3,PR,1,100,1794
1870119.000,37994,3,PR,1,100,1786
1870159.000,37994,3,PR,1,100,1800
1870199.000,38011,2,PR,1,100,1796
1870239.000,38011,2,PR,1,100,1781
1870278.667,38028,3,PR,1,100,1787
1870318.333,38028,3,PR,1,100,1795
1870358.000,38028,3,PR,1,100,1788
1870398.500,38044,2,PR,1,100,1797
1870439.000,38044,2,PR,1,100,1796
1870479.000,38059,3,PR,1,100,1792
1870519.000,38059,3,PR,1,100,1792
1870559.000,38059,3,PR,1,100,1773
1870598.500,38077,2,PR,1,100,1778
1870638.000,38077,2,PR,1,100,1797
1870678.000,38093,3,PR,1,100,1781
1870718.000,38093,3,PR,1,100,1786
1870758.000,38093,3,PR,1,100,1781
1870798.000,38110,3,PR,1,100,1794
1870838.000,38110,3,PR,1,100,1798
1870878.000,38110,3,PR,1,100,1782
1870918.000,38125,2,PR,1,100,1793
1870958.000,38125,2,PR,1,100,1799
1870998.000,38142,3,PR,1,100,1776
1871038.000,38142,3,PR,1,100,1799
1871078.000,38142,3,PR,1,100,1800
1871118.000,38158,2,PR,1,100,1801
1871158.000,38158,2,PR,1,100,1798
1871198.333,38175,3,PR,1,100,1795
1871238.667,38175,3,PR,1,100,1793
1871279.000,38175,3,PR,1,100,1795
1871319.000,38193,3,PR,1,100,1794
1871359.000,38193,3,PR,1,100,1789
1871399.000,38193,3,PR,1,100,1790
1871438.500,38209,2,PR,1,100,1792
1871478.000,38209,2,PR,1,100,1786
1871518.000,38225,3,PR,1,100,1798
1871558.000,38225,3,PR,1,100,1792
1871598.000,38225,3,PR,1,100,1791
1871638.000,38243,2,PR,1,100,1783
1871678.000,38243,2,PR,1,100,1782
1871718.000,38259,3,PR,1,100,1788
1871758.000,38259,3,PR,1,100,1787
1871798.000,38259,3,PR,1,100,1786
1871838.000,38274,2,PR,1,100,1785
1871878.000,38274,2,PR,1,100,1791
1871918.000,38291,3,PR,1,100,1783
1871958.000,38291,3,PR,1,100,1783
1871998.000,38291,3,PR,1,100,1782
1872038.000,38308,2,PR,1,100,1792
1872078.000,38308,2,PR,1,100,1791
1872118.000,38324,3,PR,1,100,1789
1872158.000,38324,3,PR,1,100,1789
1872198.000,38324,3,PR,1,100,1794
1872238.000,38345,5,PR,1,100,1786
1872278.000,38345,5,PR,1,100,1798
1872318.000,38345,5,PR,1,100,1798
1872358.000,38345,5,PR,1,100,1793
1872398.000,38345,5,PR,1,100,1785
1872438.000,38362,2,PR,1,100,1784
1872478.000,38362,2,PR,1,100,1783
1872518.000,38377,3,PR,1,100,1796
1872558.000,38377,3,PR,1,100,1790
1872598.000,38377,3,PR,1,100,1787
1872638.000,38394,2,PR,1,100,1782
1872678.000,38394,2,PR,1,100,1786
1872718.000,38410,3,PR,1,100,1787
1872758.000,38410,3,PR,1,100,1780
1872798.000,38410,3,PR,1,100,1785
1872838.000,38427,2,PR,1,100,1772
1872878.000,38427,2,PR,1,100,1791
1872918.000,38444,3,PR,1,100,1783
1872958.000,38444,3,PR,1,100,1789
1872998.000,38444,3,PR,1,100,1785
1873038.000,38461,3,PR,1,100,1792
1873078.000,38461,3,PR,1,100,1780
1873118.000,38461,3,PR,1,100,1798
1873158.000,38475,3,PR,1,100,1787
1873198.000,38475,3,PR,1,100,1791
1873238.000,38475,3,PR,1,100,1806
1873278.000,38493,2,PR,1,100,1800
1873318.000,38493,2,PR,1,100,1790
1873358.000,38509,3,PR,1,100,1797
1873398.000,38509,3,PR,1,100,1788
1873438.000,38509,3,PR,1,100,1778
1873478.000,38526,2,PR,1,100,1783
1873518.000,38526,2,PR,1,100,1785
1873558.000,38541,3,PR,1,100,1797
1873598.000,38541,3,PR,1,100,1771
1873638.000,38541,3,PR,1,100,1772
1873678.000,38558,2,PR,1,100,1782
1873718.000,38558,2,PR,1,100,1782
1873758.000,38574,3,PR,1,100,1780
1873798.000,38574,3,PR,1,100,1776
1873838.000,38574,3,PR,1,100,1785
1873878.000,38591,2,PR,1,100,1773
1873918.000,38591,2,PR,1,100,1781
1873958.000,38606,3,PR,1,100,1783
1873998.000,38606,3,PR,1,100,1790
1874038.000,38606,3,PR,1,100,1782
1874078.000,38623,2,PR,1,100,1805
1874118.000,38623,2,PR,1,100,1791
1874158.000,38639,3,PR,1,100,1779
1874198.000,38639,3,PR,1,100,1809
1874238.000,38639,3,PR,1,100,1787
1874278.000,38657,2,PR,1,100,1790
1874318.000,38657,2,PR,1,100,1804
1874358.000,38671,3,PR,1,100,1810
1874398.000,38671,3,PR,1,100,1798
1874438.000,38671,3,PR,1,100,1806
1874478.000,38688,3,PR,1,100,1801
1874518.000,38688,3,PR,1,100,1790
1874558.000,38688,3,PR,1,100,1797
1874598.000,38705,2,PR,1,100,1787
1874638.000,38705,2,PR,1,100,1794
1874678.000,38722,3,PR,1,100,1798
1874718.000,38722,3,PR,1,100,1790
1874758.000,38722,3,PR,1,100,1787
1874798.000,38736,2,PR,1,100,1804
1874838.000,38736,2,PR,1,100,1793
1874878.000,38753,3,PR,1,100,1805
1874918.000,38753,3,PR,1,100,1801
1874958.000,38753,3,PR,1,100,1786
1874998.000,38770,2,PR,1,100,1797
1875038.000,38770,2,PR,1,100,1786
1875078.000,38787,3,PR,1,100,1801
1875118.000,38787,3,PR,1,100,1801
1875158.000,38787,3,PR,1,100,1798
1875198.000,38802,2,PR,1,100,1797
1875238.000,38802,2,PR,1,100,1794
1875278.000,38819,3,PR,1,100,1798
1875318.000,38819,3,PR,1,100,1795
1875358.000,38819,3,PR,1,100,1798
1875398.000,38835,3,PR,1,100,1789
1875438.000,38835,3,PR,1,100,1786
1875478.000,38835,3,PR,1,100,1792
1875518.000,38852,3,PR,1,100,1789
1875558.000,38852,3,PR,1,100,1790
1875598.000,38852,3,PR,1,100,1792
1875638.000,38869,2,PR,1,100,1787
1875678.000,38869,2,PR,1,100,1790
1875718.000,38885,3,PR,1,100,1784
1875758.000,38885,3,PR,1,100,1789
1875798.000,38885,3,PR,1,100,1787
1875838.000,38900,2,PR,1,100,1789
1875878.000,38900,2,PR,1,100,1784
1875918.000,38918,3,PR,1,100,1787
1875958.000,38918,3,PR,1,100,1784
1875998.000,38918,3,PR,1,100,1785
1876038.000,38934,2,PR,1,100,1791
1876078.000,38934,2,PR,1,100,1791
1876118.000,38951,3,PR,1,100,1795
1876158.000,38951,3,PR,1,100,1796
1876198.000,38951,3,PR,1,100,1793
1876238.000,38966,2,PR,1,100,1798
1876278.000,38966,2,PR,1,100,1798
1876318.000,38985,3,PR,1,100,1799
1876358.000,38985,3,PR,1,100,1799
1876398.000,38985,3,PR,1,100,1783
1876438.000,39001,2,PR,1,100,1797
1876478.000,39001,2,PR,1,100,1792
1876518.000,39018,3,PR,1,100,1795
1876558.000,39018,3,PR,1,100,1782
1876598.000,39018,3,PR,1,100,1796
1876638.000,39033,3,PR,1,100,1784
1876678.000,39033,3,PR,1,100,1779
1876718.000,39033,3,PR,1,100,1782
1876758.000,39050,2,PR,1,100,1786
1876798.000,39050,2,PR,1,100,1783
1876838.000,39066,3,PR,1,100,1786
1876878.000,39066,3,PR,1,100,1789
1876918.000,39066,3,PR,1,100,1779
1876958.000,39084,2,PR,1,100,1802
1876998.000,39084,2,PR,1,100,1799
1877038.000,39098,3,PR,1,100,1785
1877078.000,39098,3,PR,1,100,1796
1877118.000,39098,3,PR,1,100,1783
1877158.000,39115,2,PR,1,100,1800
1877198.000,39115,2,PR,1,100,1795
1877238.000,39132,3,PR,1,100,1797
1877278.000,39132,3,PR,1,100,1800
1877318.000,39132,3,PR,1,100,1804
1877358.000,39154,4,PR,1,100,1792
1877398.000,39154,4,PR,1,100,1802
1877438.000,39154,4,PR,1,100,1791
1877478.000,39154,4,PR,1,100,1799
1877518.000,39170,3,PR,1,100,1790
1877558.000,39170,3,PR,1,100,1790
1877598.000,39170,3,PR,1,100,1789
1877638.000,39188,3,PR,1,100,1786
1877678.000,39188,3,PR,1,100,1785
1877718.000,39188,3,PR,1,100,1788
1877758.000,39204,3,PR,1,100,1785
1877798.000,39204,3,PR,1,100,1794
1877838.000,39204,3,PR,1,100,1783
1877878.000,39221,2,PR,1,100,1778
1877918.000,39221,2,PR,1,100,1784
1877958.000,39236,3,PR,1,100,1786
1877998.000,39236,3,PR,1,100,1782
1878038.000,39236,3,PR,1,100,1780
1878078.000,39253,2,PR,1,100,1786
1878118.000,39253,2,PR,1,100,1785
1878158.000,39269,3,PR,1,100,1781
1878198.000,39269,3,PR,1,100,1796
1878238.000,39269,3,PR,1,100,1792
1878278.000,39287,2,PR,1,100,1804
1878318.000,39287,2,PR,1,100,1798
1878358.000,39301,3,PR,1,100,1790
1878398.000,39301,3,PR,1,100,1802
1878438.000,39301,3,PR,1,100,1800
1878478.000,39318,2,PR,1,100,1802
1878518.000,39318,2,PR,1,100,1804
1878558.000,39335,3,PR,1,100,1800
1878598.000,39335,3,PR,1,100,1804
1878638.000,39335,3,PR,1,100,1799
1878678.000,39352,2,PR,1,100,1785
1878718.000,39352,2,PR,1,100,1796
1878758.000,39366,3,PR,1,100,1799
1878798.000,39366,3,PR,1,100,1797
1878838.000,39366,3,PR,1,100,1794
1878878.000,39383,2,PR,1,100,1785
1878918.000,39383,2,PR,1,100,1784
1878958.000,39400,3,PR,1,100,1789
1878998.000,39400,3,PR,1,100,1788
1879038.000,39400,3,PR,1,100,1789
1879078.000,39417,3,PR,1,100,1792
1879118.000,39417,3,PR,1,100,1790
1879158.000,39417,3,PR,1,100,1778
1879198.000,39431,2,PR,1,100,1796
1879238.000,39431,2,PR,1,100,1789
1879278.000,39449,3,PR,1,100,1781
1879318.000,39449,3,PR,1,100,1794
1879358.000,39449,3,PR,1,100,1795
1879398.000,39465,2,PR,1,100,1795
1879438.000,39465,2,PR,1,100,1797
1879478.000,39482,3,PR,1,100,1795
1879518.000,39482,3,PR,1,100,1801
1879558.000,39482,3,PR,1,100,1794
1879598.000,39498,2,PR,1,100,1790
1879638.000,39498,2,PR,1,100,1791
1879678.000,39514,3,PR,1,100,1799
1879718.000,39514,3,PR,1,100,1796
1879758.000,39514,3,PR,1,100,1800
1879797.667,39530,3,PR,1,100,1798
1879837.333,39530,3,PR,1,100,1791
1879877.000,39530,3,PR,1,100,1788
1879917.500,39548,2,PR,1,100,1780
1879958.000,39548,2,PR,1,100,1783
1879998.000,39564,3,PR,1,100,1793
1880038.000,39564,3,PR,1,100,1773
1880078.000,39564,3,PR,1,100,1793
1880118.000,39579,2,PR,1,100,1776
1880158.000,39579,2,PR,1,100,1771
1880198.000,39595,3,PR,1,100,1785
1880238.000,39595,3,PR,1,100,1786
1880278.000,39595,3,PR,1,100,1799
1880317.500,39613,2,PR,1,100,1784
1880357.000,39613,2,PR,1,100,1787
1880397.000,39629,3,PR,1,100,1783
1880437.000,39629,3,PR,1,100,1818
1880477.000,39629,3,PR,1,100,1792
1880517.333,39644,3,PR,1,100,1794
1880557.667,39644,3,PR,1,100,1809
1880598.000,39644,3,PR,1,100,1807
1880638.000,39661,2,PR,1,100,1802
1880678.000,39661,2,PR,1,100,1800
1880717.667,39678,3,PR,1,100,1775
1880757.333,39678,3,PR,1,100,1797
1880797.000,39678,3,PR,1,100,1795
1880837.000,39694,2,PR,1,100,1790
1880877.000,39694,2,PR,1,100,1808
1880917.000,39711,3,PR,1,100,1796
1880957.000,39711,3,PR,1,100,1792
1880997.000,39711,3,PR,1,100,1802
1881037.000,39726,2,PR,1,100,1792
1881077.000,39726,2,PR,1,100,1796
1881117.000,39743,3,PR,1,100,1802
1881157.000,39743,3,PR,1,100,1801
1881197.000,39743,3,PR,1,100,1790
1881237.000,39760,2,PR,1,100,1800
1881277.000,39760,2,PR,1,100,1804
1881324.000,39779,2,PR,1,100,1814
1881371.000,39779,2,PR,1,100,1791
1881406.667,39793,3,PR,1,100,1800
1881442.333,39793,3,PR,1,100,1794
1881478.000,39793,3,PR,1,100,1796
1881522.333,39810,3,PR,1,100,1804
1881566.667,39810,3,PR,1,100,1802
1881611.000,39810,3,PR,1,100,1806
1881651.000,39827,2,PR,1,100,1794
1881691.000,39827,2,PR,1,100,1798
1881731.000,39844,3,PR,1,100,1798
1881771.000,39844,3,PR,1,100,1808
1881811.000,39844,3,PR,1,100,1793
1881851.000,39858,2,PR,1,100,1805
1881891.000,39858,2,PR,1,100,1792
1881931.000,39876,5,PR,1,100,1787
1881971.000,39876,5,PR,1,100,1790
1882011.000,39876,5,PR,1,100,1803
1882051.000,39876,5,PR,1,100,1786
1882091.000,39876,5,PR,1,100,1780
1882131.000,39892,4,PR,1,100,1776
1882171.000,39892,4,PR,1,100,1772
1882211.000,39892,4,PR,1,100,1788
1882251.000,39892,4,PR,1,100,1783
1882291.000,39910,5,PR,1,100,1776
1882331.000,39910,5,PR,1,100,1778
1882371.000,39910,5,PR,1,100,1792
1882411.000,39910,5,PR,1,100,1781
1882451.000,39910,5,PR,1,100,1799
1882491.000,39933,6,PR,1,100,1773
1882531.000,39933,6,PR,1,100,1789
1882571.000,39933,6,PR,1,100,1793
1882611.000,39933,6,PR,1,100,1802
1882651.000,39933,6,PR,1,100,1788
1882691.000,39933,6,PR,1,100,1798
1882731.000,39949,3,PR,1,100,1806
1882771.000,39949,3,PR,1,100,1796
1882811.000,39949,3,PR,1,100,1786
1882851.000,39966,2,PR,1,100,1793
1882891.000,39966,2,PR,1,100,1789
1882931.000,39983,3,PR,1,100,1793
1882971.000,39983,3,PR,1,100,1805
1883011.000,39983,3,PR,1,100,1788
1883051.000,39998,2,PR,1,100,1815
1883091.000,39998,2,PR,1,100,1808
1883131.000,40014,3,PR,1,100,1811
1883171.000,40014,3,PR,1,100,1809
1883211.000,40014,3,PR,1,100,1788
1883251.000,40032,2,PR,1,100,1793
1883291.000,40032,2,PR,1,100,1790
1883331.000,40048,3,PR,1,100,1817
1883371.000,40048,3,PR,1,100,1792
1883411.000,40048,3,PR,1,100,1796
1883451.000,40064,3,PR,1,100,1809
1883491.000,40064,3,PR,1,100,1793
1883531.000,40064,3,PR,1,100,1787
1883571.000,40079,2,PR,1,100,1796
1883611.000,40079,2,PR,1,100,1801
1883651.000,40097,3,PR,1,100,1796
1883691.000,40097,3,PR,1,100,1801
1883731.000,40097,3,PR,1,100,1792
1883771.000,40113,2,PR,1,100,1807
1883811.000,40113,2,PR,1,100,1794
1883851.000,40130,3,PR,1,100,1807
1883891.000,40130,3,PR,1,100,1808
1883931.000,40130,3,PR,1,100,1800
1883971.000,40145,2,PR,1,100,1796
1884011.000,40145,2,PR,1,100,1795
1884051.000,40162,3,PR,1,100,1798
1884091.000,40162,3,PR,1,100,1792
1884131.000,40162,3,PR,1,100,1794
1884171.000,40178,2,PR,1,100,1797
1884211.000,40178,2,PR,1,100,1795
1884251.000,40196,3,PR,1,100,1794
1884291.000,40196,3,PR,1,100,1785
1884331.000,40196,3,PR,1,100,1795
1884371.000,40210,2,PR,1,100,1792
1884411.000,40210,2,PR,1,100,1788
1884450.667,40227,3,PR,1,100,1787
1884490.333,40227,3,PR,1,100,1788
1884530.000,40227,3,PR,1,100,1783
1884570.500,40244,2,PR,1,100,1790
1884611.000,40244,2,PR,1,100,1791
1884650.667,40261,3,PR,1,100,1800
1884690.333,40261,3,PR,1,100,1803
1884730.000,40261,3,PR,1,100,1790
1884770.000,40275,3,PR,1,100,1803
1884810.000,40275,3,PR,1,100,1796
1884850.000,40275,3,PR,1,100,1793
1884890.000,40292,2,PR,1,100,1797
1884930.000,40292,2,PR,1,100,1799
1884970.000,40309,3,PR,1,100,1798
1885010.000,40309,3,PR,1,100,1803
1885050.000,40309,3,PR,1,100,1788
1885090.000,40326,2,PR,1,100,1784
1885130.000,40326,2,PR,1,100,1794
1885170.000,40340,3,PR,1,100,1785
1885210.000,40340,3,PR,1,100,1787
1885250.000,40340,3,PR,1,100,1789
1885290.000,40358,2,PR,1,100,1788
1885330.000,40358,2,PR,1,100,1800
1885370.000,40374,3,PR,1,100,1797
1885410.000,40374,3,PR,1,100,1797
1885450.000,40374,3,PR,1,100,1791
1885490.000,40391,2,PR,1,100,1798
1885530.000,40391,2,PR,1,100,1804
1885570.000,40407,3,PR,1,100,1802
1885610.000,40407,3,PR,1,100,1802
1885650.000,40407,3,PR,1,100,1801
1885690.000,40423,2,PR,1,100,1805
1885730.000,40423,2,PR,1,100,1804
1885770.000,40439,3,PR,1,100,1794
1885810.000,40439,3,PR,1,100,1798
1885850.000,40439,3,PR,1,100,1805
1885890.000,40456,2,PR,1,100,1791
1885930.000,40456,2,PR,1,100,1795
1885970.000,40472,3,PR,1,100,1793
1886010.000,40472,3,PR,1,100,1786
1886050.000,40472,3,PR,1,100,1792
1886090.000,40488,3,PR,1,100,1794
1886130.000,40488,3,PR,1,100,1795
1886170.000,40488,3,PR,1,100,1792
1886210.000,40504,2,PR,1,100,1790
1886250.000,40504,2,PR,1,100,1788
1886290.000,40524,3,PR,1,100,1790
1886330.000,40524,3,PR,1,100,1792
1886370.000,40524,3,PR,1,100,1784
1886410.000,40540,2,PR,1,100,1791
1886450.000,40540,2,PR,1,100,1794
1886490.000,40555,3,PR,1,100,1787
1886530.000,40555,3,PR,1,100,1800
1886570.000,40555,3,PR,1,100,1791
1886610.000,40572,2,PR,1,100,1791
1886650.000,40572,2,PR,1,100,1808
1886690.000,40589,3,PR,1,100,1786
1886730.000,40589,3,PR,1,100,1794
1886770.000,40589,3,PR,1,100,1796
1886810.000,40605,2,PR,1,100,1789
1886850.000,40605,2,PR,1,100,1794
1886890.000,40621,3,PR,1,100,1803
1886930.000,40621,3,PR,1,100,1802
1886970.000,40621,3,PR,1,100,1788
1887010.000,40637,2,PR,1,100,1786
1887050.000,40637,2,PR,1,100,1783
1887090.000,40654,3,PR,1,100,1782
1887130.000,40654,3,PR,1,100,1789
1887170.000,40654,3,PR,1,100,1802
1887210.000,40670,2,PR,1,100,1791
1887250.000,40670,2,PR,1,100,1797
1887290.000,40686,3,PR,1,100,1793
1887330.000,40686,3,PR,1,100,1793
1887370.000,40686,3,PR,1,100,1779
1887410.000,40702,3,PR,1,100,1798
1887450.000,40702,3,PR,1,100,1801
1887490.000,40702,3,PR,1,100,1794
1887530.000,40719,2,PR,1,100,1799
1887570.000,40719,2,PR,1,100,1792
1887610.000,40736,3,PR,1,100,1795
1887650.000,40736,3,PR,1,100,1790
1887690.000,40736,3,PR,1,100,1784
1887730.000,40755,3,PR,1,100,1797
1887770.000,40755,3,PR,1,100,1803
1887810.000,40755,3,PR,1,100,1791
1887850.000,40771,3,PR,1,100,1789
1887890.000,40771,3,PR,1,100,1789
1887930.000,40771,3,PR,1,100,1793
1887970.000,40787,2,PR,1,100,1796
1888010.000,40787,2,PR,1,100,1791
1888050.000,40803,3,PR,1,100,1796
1888090.000,40803,3,PR,1,100,1793
1888130.000,40803,3,PR,1,100,1794
1888170.000,40820,3,PR,1,100,1772
1888210.000,40820,3,PR,1,100,1781
1888250.000,40820,3,PR,1,100,1785
1888290.000,40837,2,PR,1,100,1780
1888330.000,40837,2,PR,1,100,1775
1888370.000,40852,3,PR,1,100,1789
1888410.000,40852,3,PR,1,100,1782
1888450.000,40852,3,PR,1,100,1790
1888490.000,40868,2,PR,1,100,1785
1888530.000,40868,2,PR,1,100,1777
1888570.000,40886,3,PR,1,100,1791
1888610.000,40886,3,PR,1,100,1793
1888650.000,40886,3,PR,1,100,1781
1888690.000,40902,2,PR,1,100,1799
1888730.000,40902,2,PR,1,100,1788
1888770.000,40917,3,PR,1,100,1802
1888810.000,40917,3,PR,1,100,1810
1888850.000,40917,3,PR,1,100,1801
1888890.000,40933,2,PR,1,100,1804
1888930.000,40933,2,PR,1,100,1800
1888970.000,40951,3,PR,1,100,1800
1889010.000,40951,3,PR,1,100,1807
1889050.000,40951,3,PR,1,100,1814
1889090.000,40967,2,PR,1,100,1792
1889130.000,40967,2,PR,1,100,1800
1889170.000,40983,3,PR,1,100,1807
1889210.000,40983,3,PR,1,100,1794
1889250.000,40983,3,PR,1,100,1792
1889290.000,40999,2,PR,1,100,1795
1889330.000,40999,2,PR,1,100,1797
1889370.000,41016,3,PR,1,100,1791
1889410.000,41016,3,PR,1,100,1803
1889450.000,41016,3,PR,1,100,1805
1889490.000,41032,2,PR,1,100,1804
1889530.000,41032,2,PR,1,100,1807
1889570.000,41049,3,PR,1,100,1801
1889610.000,41049,3,PR,1,100,1801
1889650.000,41049,3,PR,1,100,1801
1889690.000,41064,3,PR,1,100,1802
1889730.000,41064,3,PR,1,100,1802
1889770.000,41064,3,PR,1,100,1793
1889810.000,41081,2,PR,1,100,1798
1889850.000,41081,2,PR,1,100,1797
1889890.000,41098,3,PR,1,100,1793
1889930.000,41098,3,PR,1,100,1788
1889970.000,41098,3,PR,1,100,1798
1890010.000,41115,2,PR,1,100,1783
1890050.000,41115,2,PR,1,100,1795
1890090.000,41129,3,PR,1,100,1791
1890130.000,41129,3,PR,1,100,1793
1890170.000,41129,3,PR,1,100,1788
1890210.000,41146,2,PR,1,100,1786
1890250.000,41146,2,PR,1,100,1793
1890290.000,41163,3,PR,1,100,1782
1890330.000,41163,3,PR,1,100,1789
1890370.000,41163,3,PR,1,100,1785
1890410.000,41180,2,PR,1,100,1795
1890450.000,41180,2,PR,1,100,1788
1890490.000,41194,3,PR,1,100,1797
1890530.000,41194,3,PR,1,100,1802
1890570.000,41194,3,PR,1,100,1801
1890610.000,41212,2,PR,1,100,1798
1890650.000,41212,2,PR,1,100,1795
1890690.000,41228,3,PR,1,100,1802
1890730.000,41228,3,PR,1,100,1795
1890770.000,41228,3,PR,1,100,1796
1890810.000,41245,2,PR,1,100,1794
1890850.000,41245,2,PR,1,100,1785
1890890.000,41260,3,PR,1,100,1794
1890930.000,41260,3,PR,1,100,1793
1890970.000,41260,3,PR,1,100,1789
1891010.000,41277,3,PR,1,100,1790
1891050.000,41277,3,PR,1,100,1802
1891090.000,41277,3,PR,1,100,1783
1891130.000,41293,2,PR,1,100,1791
1891170.000,41293,2,PR,1,100,1793
1891210.000,41310,3,PR,1,100,1798
1891250.000,41310,3,PR,1,100,1770
1891290.000,41310,3,PR,1,100,1795
1891330.000,41327,2,PR,1,100,1790
1891370.000,41327,2,PR,1,100,1801
1891410.000,41344,3,PR,1,100,1784
1891450.000,41344,3,PR,1,100,1806
1891490.000,41344,3,PR,1,100,1797
1891530.000,41360,2,PR,1,100,1805
1891570.000,41360,2,PR,1,100,1798
1891610.000,41378,3,PR,1,100,1798
1891650.000,41378,3,PR,1,100,1808
1891690.000,41378,3,PR,1,100,1795
1891730.000,41393,2,PR,1,100,1797
1891770.000,41393,2,PR,1,100,1790
1891810.000,41409,3,PR,1,100,1792
1891850.000,41409,3,PR,1,100,1793
1891890.000,41409,3,PR,1,100,1792
1891930.000,41426,2,PR,1,100,1794
1891970.000,41426,2,PR,1,100,1790
1892010.000,41443,3,PR,1,100,1792
1892050.000,41443,3,PR,1,100,1781
1892090.000,41443,3,PR,1,100,1791
1892130.000,41459,2,PR,1,100,1788
1892170.000,41459,2,PR,1,100,1782
1892210.000,41475,3,PR,1,100,1784
1892250.000,41475,3,PR,1,100,1788
1892290.000,41475,3,PR,1,100,1802
1892330.000,41491,2,PR,1,100,1787
1892370.000,41491,2,PR,1,100,1786
1892410.000,41508,3,PR,1,100,1783
1892450.000,41508,3,PR,1,100,1795
1892490.000,41508,3,PR,1,100,1787
1892530.000,41524,3,PR,1,100,1789
1892570.000,41524,3,PR,1,100,1799
1892610.000,41524,3,PR,1,100,1803
1892650.000,41540,2,PR,1,100,1799
1892690.000,41540,2,PR,1,100,1795
1892730.000,41556,3,PR,1,100,1803
1892770.000,41556,3,PR,1,100,1805
1892810.000,41556,3,PR,1,100,1795
1892850.000,41579,3,PR,1,100,1798
1892890.000,41579,3,PR,1,100,1794
1892930.000,41579,3,PR,1,100,1798
1892970.000,41596,3,PR,1,100,1781
1893010.000,41596,3,PR,1,100,1791
1893050.000,41596,3,PR,1,100,1800
1893090.000,41613,2,PR,1,100,1785
1893130.000,41613,2,PR,1,100,1791
1893170.000,41628,3,PR,1,100,1783
1893210.000,41628,3,PR,1,100,1797
1893250.000,41628,3,PR,1,100,1792
1893290.000,41645,2,PR,1,100,1803
1893330.000,41645,2,PR,1,100,1788
1893370.000,41661,3,PR,1,100,1782
1893410.000,41661,3,PR,1,100,1802
1893450.000,41661,3,PR,1,100,1801
1893489.500,41678,2,PR,1,100,1788
1893529.000,41678,2,PR,1,100,1803
1893569.333,41694,3,PR,1,100,1802
1893609.667,41694,3,PR,1,100,1798
1893650.000,41694,3,PR,1,100,1803
1893690.000,41710,2,PR,1,100,1782
1893730.000,41710,2,PR,1,100,1799
1893769.667,41726,3,PR,1,100,1801
1893809.333,41726,3,PR,1,100,1797
1893849.000,41726,3,PR,1,100,1802
1893889.333,41744,3,PR,1,100,1784
1893929.667,41744,3,PR,1,100,1785
1893970.000,41744,3,PR,1,100,1791
1894009.500,41760,2,PR,1,100,1798
1894049.000,41760,2,PR,1,100,1797
1894089.333,41775,3,PR,1,100,1799
1894129.667,41775,3,PR,1,100,1794
1894170.000,41775,3,PR,1,100,1797
1894209.500,41791,2,PR,1,100,1791
1894249.000,41791,2,PR,1,100,1801
1894289.333,41809,3,PR,1,100,1790
1894329.667,41809,3,PR,1,100,1782
1894370.000,41809,3,PR,1,100,1790
1894410.000,41825,2,PR,1,100,1791
1894450.000,41825,2,PR,1,100,1807
1894490.000,41840,3,PR,1,100,1788
1894530.000,41840,3,PR,1,100,1787
1894570.000,41840,3,PR,1,100,1784
1894609.500,41857,2,PR,1,100,1784
1894649.000,41857,2,PR,1,100,1789
1894689.000,41874,3,PR,1,100,1791
1894729.000,41874,3,PR,1,100,1778
1894769.000,41874,3,PR,1,100,1778
1894809.000,41890,2,PR,1,100,1786
1894849.000,41890,2,PR,1,100,1790
1894889.000,41906,3,PR,1,100,1788
1894929.000,41906,3,PR,1,100,1796
1894969.000,41906,3,PR,1,100,1798
1895009.000,41922,3,PR,1,100,1805
1895049.000,41922,3,PR,1,100,1799
1895089.000,41922,3,PR,1,100,1806
1895129.000,41939,2,PR,1,100,1808
1895169.000,41939,2,PR,1,100,1819
1895209.000,41955,3,PR,1,100,1808
1895249.000,41955,3,PR,1,100,1813
1895289.000,41955,3,PR,1,100,1809
1895329.000,41971,2,PR,1,100,1807
1895369.000,41971,2,PR,1,100,1793
1895409.000,41987,3,PR,1,100,1799
1895449.000,41987,3,PR,1,100,1795
1895489.000,41987,3,PR,1,100,1787
1895529.000,42004,2,PR,1,100,1800
1895569.000,42004,2,PR,1,100,1796
1895609.000,42021,3,PR,1,100,1807
1895649.000,42021,3,PR,1,100,1800
1895689.000,42021,3,PR,1,100,1799
1895729.000,42037,2,PR,1,100,1804
1895769.000,42037,2,PR,1,100,1800
1895809.000,42052,3,PR,1,100,1800
1895849.000,42052,3,PR,1,100,1800
1895889.000,42052,3,PR,1,100,1809
1895929.000,42070,2,PR,1,100,1799
1895969.000,42070,2,PR,1,100,1799
1896009.000,42086,3,PR,1,100,1796
1896049.000,42086,3,PR,1,100,1804
1896089.000,42086,3,PR,1,100,1802
1896129.000,42103,2,PR,1,100,1801
1896169.000,42103,2,PR,1,100,1795
1896209.000,42118,3,PR,1,100,1800
1896249.000,42118,3,PR,1,100,1804
1896289.000,42118,3,PR,1,100,1786
1896329.000,42137,2,PR,1,100,1795
1896369.000,42137,2,PR,1,100,1796
1896409.000,42153,3,PR,1,100,1789
1896449.000,42153,3,PR,1,100,1790
1896489.000,42153,3,PR,1,100,1796
1896529.000,42170,3,PR,1,100,1788
1896569.000,42170,3,PR,1,100,1800
1896609.000,42170,3,PR,1,100,1786
1896649.000,42185,2,PR,1,100,1788
1896689.000,42185,2,PR,1,100,1786
1896729.000,42202,3,PR,1,100,1793
1896769.000,42202,3,PR,1,100,1780
1896809.000,42202,3,PR,1,100,1785
1896849.000,42218,2,PR,1,100,1785
1896889.000,42218,2,PR,1,100,1783
1896929.000,42236,3,PR,1,100,1800
1896969.000,42236,3,PR,1,100,1805
1897009.000,42236,3,PR,1,100,1791
1897049.000,42250,2,PR,1,100,1805
1897089.000,42250,2,PR,1,100,1802
1897129.000,42267,3,PR,1,100,1803
1897169.000,42267,3,PR,1,100,1789
1897209.000,42267,3,PR,1,100,1798
1897249.000,42284,2,PR,1,100,1791
1897289.000,42284,2,PR,1,100,1794
1897329.000,42301,3,PR,1,100,1801
1897369.000,42301,3,PR,1,100,1792
1897409.000,42301,3,PR,1,100,1786
1897449.000,42315,2,PR,1,100,1796
1897489.000,42315,2,PR,1,100,1807
1897529.000,42332,3,PR,1,100,1805
1897569.000,42332,3,PR,1,100,1799
1897609.000,42332,3,PR,1,100,1794
1897649.000,42349,2,PR,1,100,1792
1897689.000,42349,2,PR,1,100,1789
1897729.000,42366,3,PR,1,100,1806
1897769.000,42366,3,PR,1,100,1809
1897809.000,42366,3,PR,1,100,1804
1897849.000,42381,3,PR,1,100,1800
1897889.000,42381,3,PR,1,100,1792
1897929.000,42381,3,PR,1,100,1801
1897969.000,42403,3,PR,1,100,1799
1898009.000,42403,3,PR,1,100,1803
1898049.000,42403,3,PR,1,100,1805
1898089.000,42419,3,PR,1,100,1796
1898129.000,42419,3,PR,1,100,1787
1898169.000,42419,3,PR,1,100,1794
1898209.000,42436,2,PR,1,100,1793
1898249.000,42436,2,PR,1,100,1797
1898289.000,42453,3,PR,1,100,1797
1898329.000,42453,3,PR,1,100,1799
1898369.000,42453,3,PR,1,100,1791
1898409.000,42470,2,PR,1,100,1793
1898449.000,42470,2,PR,1,100,1797
1898489.000,42484,3,PR,1,100,1798
1898529.000,42484,3,PR,1,100,1797
1898569.000,42484,3,PR,1,100,1784
1898609.000,42502,2,PR,1,100,1785
1898649.000,42502,2,PR,1,100,1791
1898689.000,42518,3,PR,1,100,1794
1898729.000,42518,3,PR,1,100,1789
1898769.000,42518,3,PR,1,100,1792
1898809.000,42535,2,PR,1,100,1779
1898849.000,42535,2,PR,1,100,1795
1898889.000,42550,3,PR,1,100,1794
1898929.000,42550,3,PR,1,100,1789
1898969.000,42550,3,PR,1,100,1790
1899009.000,42567,2,PR,1,100,1784
1899049.000,42567,2,PR,1,100,1786
1899089.000,42583,3,PR,1,100,1786
1899129.000,42583,3,PR,1,100,1786
1899169.000,42583,3,PR,1,100,1788
1899209.000,42600,3,PR,1,100,1797
1899249.000,42600,3,PR,1,100,1795
1899289.000,42600,3,PR,1,100,1788
1899329.000,42615,2,PR,1,100,1800
1899369.000,42615,2,PR,1,100,1792
1899409.000,42632,3,PR,1,100,1792
1899449.000,42632,3,PR,1,100,1803
1899489.000,42632,3,PR,1,100,1799
1899529.000,42648,2,PR,1,100,1795
1899569.000,42648,2,PR,1,100,1802
1899609.000,42666,3,PR,1,100,1793
1899649.000,42666,3,PR,1,100,1802
1899689.000,42666,3,PR,1,100,1806
1899729.000,42681,2,PR,1,100,1792
1899769.000,42681,2,PR,1,100,1790
1899809.000,42697,3,PR,1,100,1797
1899849.000,42697,3,PR,1,100,1786
1899889.000,42697,3,PR,1,100,1790
1899929.000,42714,2,PR,1,100,1801
1899969.000,42714,2,PR,1,100,1784
1900009.000,42731,3,PR,1,100,1793
1900049.000,42731,3,PR,1,100,1796
1900089.000,42731,3,PR,1,100,1791
1900129.000,42746,2,PR,1,100,1793
1900169.000,42746,2,PR,1,100,1790
1900209.000,42763,3,PR,1,100,1797
1900249.000,42763,3,PR,1,100,1803
1900289.000,42763,3,PR,1,100,1796
1900329.000,42779,2,PR,1,100,1799
1900369.000,42779,2,PR,1,100,1805
1900409.000,42796,3,PR,1,100,1797
1900449.000,42796,3,PR,1,100,1789
1900489.000,42796,3,PR,1,100,1802
1900529.000,42812,2,PR,1,100,1789
1900569.000,42812,2,PR,1,100,1792
1900609.000,42828,3,PR,1,100,1794
1900649.000,42828,3,PR,1,100,1784
1900689.000,42828,3,PR,1,100,1792
1900729.000,42844,3,PR,1,100,1781
1900769.000,42844,3,PR,1,100,1776
1900809.000,42844,3,PR,1,100,1791
1900849.000,42861,2,PR,1,100,1778
1900889.000,42861,2,PR,1,100,1782
1900929.000,42878,3,PR,1,100,1796
1900969.000,42878,3,PR,1,100,1782
1901009.000,42878,3,PR,1,100,1778
1901049.000,42893,2,PR,1,100,1795
1901089.000,42893,2,PR,1,100,1794
1901129.000,42909,3,PR,1,100,1789
1901169.000,42909,3,PR,1,100,1789
1901209.000,42909,3,PR,1,100,1799
1901249.000,42927,2,PR,1,100,1804
1901289.000,42927,2,PR,1,100,1807
1901329.000,42945,3,PR,1,100,1801
1901369.000,42945,3,PR,1,100,1814
1901409.000,42945,3,PR,1,100,1813
1901449.000,42960,2,PR,1,100,1797
1901489.000,42960,2,PR,1,100,1796
1901529.000,42976,3,PR,1,100,1795
1901569.000,42976,3,PR,1,100,1809
1901609.000,42976,3,PR,1,100,1792
1901649.000,42994,2,PR,1,100,1800
1901689.000,42994,2,PR,1,100,1804
1901729.000,43010,3,PR,1,100,1798
1901769.000,43010,3,PR,1,100,1799
1901809.000,43010,3,PR,1,100,1798
1901849.000,43025,2,PR,1,100,1810
1901889.000,43025,2,PR,1,100,1797
1901929.000,43042,3,PR,1,100,1797
1901969.000,43042,3,PR,1,100,1800
1902009.000,43042,3,PR,1,100,1796
1902049.000,43059,3,PR,1,100,1799
1902089.000,43059,3,PR,1,100,1798
1902129.000,43059,3,PR,1,100,1801
1902169.000,43077,4,PR,1,100,1789
1902209.000,43077,4,PR,1,100,1806
1902249.000,43077,4,PR,1,100,1790
1902289.000,43077,4,PR,1,100,1777
1902329.000,43093,3,PR,1,100,1795
1902369.000,43093,3,PR,1,100,1789
1902409.000,43093,3,PR,1,100,1797
1902449.000,43110,2,PR,1,100,1790
1902489.000,43110,2,PR,1,100,1797
1902529.000,43126,3,PR,1,100,1791
1902569.000,43126,3,PR,1,100,1793
1902609.000,43126,3,PR,1,100,1786
1902649.000,43142,2,PR,1,100,1796
1902689.000,43142,2,PR,1,100,1793
1902729.000,43158,3,PR,1,100,1786
1902769.000,43158,3,PR,1,100,1797
1902809.000,43158,3,PR,1,100,1785
1902849.000,43175,2,PR,1,100,1794
1902889.000,43175,2,PR,1,100,1795
1902929.000,43192,3,PR,1,100,1805
1902969.000,43192,3,PR,1,100,1800
1903009.000,43192,3,PR,1,100,1799
1903049.000,43212,4,PR,1,100,1787
1903089.000,43212,4,PR,1,100,1797
1903129.000,43212,4,PR,1,100,1797
1903169.000,43212,4,PR,1,100,1799
1903209.000,43228,2,PR,1,100,1788
1903249.000,43228,2,PR,1,100,1793
1903289.000,43244,3,PR,1,100,1802
1903329.000,43244,3,PR,1,100,1799
1903369.000,43244,3,PR,1,100,1785
1903409.000,43260,2,PR,1,100,1791
1903449.000,43260,2,PR,1,100,1789
1903489.000,43277,3,PR,1,100,1802
1903529.000,43277,3,PR,1,100,1804
1903569.000,43277,3,PR,1,100,1798
1903609.000,43294,3,PR,1,100,1793
1903649.000,43294,3,PR,1,100,1791
1903689.000,43294,3,PR,1,100,1791
1903729.000,43309,2,PR,1,100,1802
1903769.000,43309,2,PR,1,100,1800
1903808.667,43325,3,PR,1,100,1805
1903848.333,43325,3,PR,1,100,1797
1903888.000,43325,3,PR,1,100,1794
1903928.500,43343,2,PR,1,100,1796
1903969.000,43343,2,PR,1,100,1792
1904009.000,43359,3,PR,1,100,1798
1904049.000,43359,3,PR,1,100,1795
1904089.000,43359,3,PR,1,100,1794
1904129.000,43375,2,PR,1,100,1794
1904169.000,43375,2,PR,1,100,1792
1904209.000,43390,3,PR,1,100,1790
1904249.000,43390,3,PR,1,100,1786
1904289.000,43390,3,PR,1,100,1796
1904328.500,43408,2,PR,1,100,1785
1904368.000,43408,2,PR,1,100,1793
1904408.000,43424,3,PR,1,100,1796
1904448.000,43424,3,PR,1,100,1789
1904488.000,43424,3,PR,1,100,1782
1904528.000,43442,3,PR,1,100,1799
1904568.000,43442,3,PR,1,100,1801
1904608.000,43442,3,PR,1,100,1801
1904648.000,43458,3,PR,1,100,1801
1904688.000,43458,3,PR,1,100,1798
1904728.000,43458,3,PR,1,100,1798
1904768.000,43473,2,PR,1,100,1798
1904808.000,43473,2,PR,1,100,1792
1904848.000,43489,3,PR,1,100,1804
1904888.000,43489,3,PR,1,100,1790
1904928.000,43489,3,PR,1,100,1799
1904968.000,43507,2,PR,1,100,1779
1905008.000,43507,2,PR,1,100,1787
1905048.000,43523,3,PR,1,100,1802
1905088.000,43523,3,PR,1,100,1791
1905128.000,43523,3,PR,1,100,1794
1905168.000,43538,2,PR,1,100,1792
1905208.000,43538,2,PR,1,100,1798
1905248.000,43555,3,PR,1,100,1786
1905288.000,43555,3,PR,1,100,1799
1905328.000,43555,3,PR,1,100,1786
1905368.000,43572,3,PR,1,100,1796
1905408.000,43572,3,PR,1,100,1800
1905448.000,43572,3,PR,1,100,1789
1905488.000,43588,2,PR,1,100,1798
1905528.000,43588,2,PR,1,100,1802
1905568.000,43604,3,PR,1,100,1799
1905608.000,43604,3,PR,1,100,1791
1905648.000,43604,3,PR,1,100,1801
1905688.000,43620,2,PR,1,100,1799
1905728.000,43620,2,PR,1,100,1803
1905768.000,43637,3,PR,1,100,1792
1905808.000,43637,3,PR,1,100,1791
1905848.000,43637,3,PR,1,100,1802
1905888.000,43653,2,PR,1,100,1783
1905928.000,43653,2,PR,1,100,1792
1905968.000,43669,3,PR,1,100,1783
1906008.000,43669,3,PR,1,100,1793
1906048.000,43669,3,PR,1,100,1784
1906088.000,43685,2,PR,1,100,1783
1906128.000,43685,2,PR,1,100,1793
1906168.000,43702,3,PR,1,100,1779
1906208.000,43702,3,PR,1,100,1786
1906248.000,43702,3,PR,1,100,1786
1906288.000,43719,2,PR,1,100,1783
1906328.000,43719,2,PR,1,100,1778
1906368.000,43736,3,PR,1,100,1778
1906408.000,43736,3,PR,1,100,1795
1906448.000,43736,3,PR,1,100,1786
1906488.000,43752,2,PR,1,100,1786
1906528.000,43752,2,PR,1,100,1812
1906568.000,43770,3,PR,1,100,1775
1906608.000,43770,3,PR,1,100,1805
1906648.000,43770,3,PR,1,100,1781
1906688.000,43786,2,PR,1,100,1780
1906728.000,43786,2,PR,1,100,1812
1906768.000,43802,3,PR,1,100,1814
1906808.000,43802,3,PR,1,100,1786
1906848.000,43802,3,PR,1,100,1805
1906888.000,43818,3,PR,1,100,1808
1906928.000,43818,3,PR,1,100,1797
1906968.000,43818,3,PR,1,100,1821
1907008.000,43835,3,PR,1,100,1790
1907048.000,43835,3,PR,1,100,1803
1907088.000,43835,3,PR,1,100,1804
1907128.000,43851,2,PR,1,100,1799
1907168.000,43851,2,PR,1,100,1804
1907208.000,43868,3,PR,1,100,1799
1907248.000,43868,3,PR,1,100,1796
1907288.000,43868,3,PR,1,100,1802
1907328.000,43884,2,PR,1,100,1798
1907368.000,43884,2,PR,1,100,1815
1907408.000,43900,3,PR,1,100,1800
1907448.000,43900,3,PR,1,100,1788
1907488.000,43900,3,PR,1,100,1803
1907528.000,43916,2,PR,1,100,1791
1907568.000,43916,2,PR,1,100,1800
1907608.000,43934,3,PR,1,100,1785
1907648.000,43934,3,PR,1,100,1783
1907688.000,43934,3,PR,1,100,1797
1907728.000,43949,2,PR,1,100,1785
1907768.000,43949,2,PR,1,100,1783
1907808.000,43965,3,PR,1,100,1791
1907848.000,43965,3,PR,1,100,1789
1907888.000,43965,3,PR,1,100,1791
1907928.000,43982,2,PR,1,100,1791
1907968.000,43982,2,PR,1,100,1788
1908008.000,43999,3,PR,1,100,1795
1908048.000,43999,3,PR,1,100,1796
1908088.000,43999,3,PR,1,100,1779
1908128.000,44020,4,PR,1,100,1800
1908168.000,44020,4,PR,1,100,1792
1908208.000,44020,4,PR,1,100,1799
1908248.000,44020,4,PR,1,100,1805
1908288.000,44038,3,PR,1,100,1792
1908328.000,44038,3,PR,1,100,1804
1908368.000,44038,3,PR,1,100,1796
1908408.000,44054,3,PR,1,100,1801
1908448.000,44054,3,PR,1,100,1800
1908488.000,44054,3,PR,1,100,1794
1908528.000,44069,2,PR,1,100,1794
1908568.000,44069,2,PR,1,100,1787
1908608.000,44086,3,PR,1,100,1783
1908648.000,44086,3,PR,1,100,1787
1908688.000,44086,3,PR,1,100,1787
1908728.000,44103,2,PR,1,100,1788
1908768.000,44103,2,PR,1,100,1783
1908808.000,44119,3,PR,1,100,1781
1908848.000,44119,3,PR,1,100,1787
1908888.000,44119,3,PR,1,100,1792
1908928.000,44136,2,PR,1,100,1798
1908968.000,44136,2,PR,1,100,1794
1909008.000,44151,3,PR,1,100,1806
1909048.000,44151,3,PR,1,100,1804
1909088.000,44151,3,PR,1,100,1795
1909128.000,44168,3,PR,1,100,1794
1909168.000,44168,3,PR,1,100,1796
1909208.000,44168,3,PR,1,100,1804
1909248.000,44185,2,PR,1,100,1795
1909288.000,44185,2,PR,1,100,1798
1909328.000,44202,3,PR,1,100,1802
1909368.000,44202,3,PR,1,100,1792
1909408.000,44202,3,PR,1,100,1802
1909448.000,44216,2,PR,1,100,1791
1909488.000,44216,2,PR,1,100,1790
1909528.000,44233,3,PR,1,100,1792
1909568.000,44233,3,PR,1,100,1787
1909608.000,44233,3,PR,1,100,1787
1909648.000,44250,2,PR,1,100,1788
1909688.000,44250,2,PR,1,100,1793
1909728.000,44267,3,PR,1,100,1791
1909768.000,44267,3,PR,1,100,1788
1909808.000,44267,3,PR,1,100,1788
1909848.000,44281,2,PR,1,100,1793
1909888.000,44281,2,PR,1,100,1802
1909928.000,44299,3,PR,1,100,1801
1909968.000,44299,3,PR,1,100,1802
1910008.000,44299,3,PR,1,100,1790
1910048.000,44315,2,PR,1,100,1801
1910088.000,44315,2,PR,1,100,1806
1910128.000,44332,3,PR,1,100,1793
1910168.000,44332,3,PR,1,100,1795
1910208.000,44332,3,PR,1,100,1800
1910248.000,44348,3,PR,1,100,1804
1910288.000,44348,3,PR,1,100,1790
1910328.000,44348,3,PR,1,100,1801
1910368.000,44364,2,PR,1,100,1791
1910408.000,44364,2,PR,1,100,1786
1910448.000,44380,3,PR,1,100,1799
1910488.000,44380,3,PR,1,100,1798
1910528.000,44380,3,PR,1,100,1789
1910568.000,44397,2,PR,1,100,1790
1910608.000,44397,2,PR,1,100,1798
1910648.000,44413,3,PR,1,100,1798
1910688.000,44413,3,PR,1,100,1789
1910728.000,44413,3,PR,1,100,1802
1910768.000,44429,2,PR,1,100,1798
1910808.000,44429,2,PR,1,100,1795
1910848.000,44445,3,PR,1,100,1785
1910888.000,44445,3,PR,1,100,1793
1910928.000,44445,3,PR,1,100,1799
1910968.000,44463,2,PR,1,100,1802
1911008.000,44463,2,PR,1,100,1795
1911048.000,44479,3,PR,1,100,1785
1911088.000,44479,3,PR,1,100,1788
1911128.000,44479,3,PR,1,100,1782
1911168.000,44494,2,PR,1,100,1801
1911208.000,44494,2,PR,1,100,1792
1911248.000,44512,4,PR,1,100,1791
1911288.000,44512,4,PR,1,100,1795
1911328.000,44512,4,PR,1,100,1783
1911368.000,44512,4,PR,1,100,1774
1911408.000,44530,2,PR,1,100,1787
1911448.000,44530,2,PR,1,100,1796
1911488.000,44547,3,PR,1,100,1783
1911528.000,44547,3,PR,1,100,1782
1911568.000,44547,3,PR,1,100,1776
1911608.000,44564,2,PR,1,100,1778
1911648.000,44564,2,PR,1,100,1781
1911688.000,44579,3,PR,1,100,1780
1911728.000,44579,3,PR,1,100,1787
1911768.000,44579,3,PR,1,100,1773
1911808.000,44595,2,PR,1,100,1792
1911848.000,44595,2,PR,1,100,1784
1911888.000,44613,3,PR,1,100,1776
1911928.000,44613,3,PR,1,100,1798
1911968.000,44613,3,PR,1,100,1779
1912008.000,44629,2,PR,1,100,1800
1912048.000,44629,2,PR,1,100,1795
1912088.000,44644,3,PR,1,100,1797
1912128.000,44644,3,PR,1,100,1813
1912168.000,44644,3,PR,1,100,1808
1912208.000,44660,3,PR,1,100,1800
1912248.000,44660,3,PR,1,100,1815
1912288.000,44660,3,PR,1,100,1800
1912328.000,44678,2,PR,1,100,1790
1912368.000,44678,2,PR,1,100,1801
1912408.000,44694,3,PR,1,100,1788
1912448.000,44694,3,PR,1,100,1801
1912488.000,44694,3,PR,1,100,1808
1912528.000,44709,2,PR,1,100,1795
1912568.000,44709,2,PR,1,100,1806
1912614.500,44726,2,PR,1,100,1814
1912661.000,44726,2,PR,1,100,1810
1912701.000,44743,3,PR,1,100,1811
1912741.000,44743,3,PR,1,100,1803
1912781.000,44743,3,PR,1,100,1786
1912821.000,44759,2,PR,1,100,1805
1912861.000,44759,2,PR,1,100,1795
1912901.000,44776,3,PR,1,100,1803
1912941.000,44776,3,PR,1,100,1796
1912981.000,44776,3,PR,1,100,1795
1913021.000,44791,2,PR,1,100,1800
1913061.000,44791,2,PR,1,100,1794
1913101.000,44808,3,PR,1,100,1799
1913141.000,44808,3,PR,1,100,1790
1913181.000,44808,3,PR,1,100,1794
1913221.000,44829,5,PR,1,100,1784
1913261.000,44829,5,PR,1,100,1792
1913301.000,44829,5,PR,1,100,1789
1913341.000,44829,5,PR,1,100,1789
1913381.000,44829,5,PR,1,100,1797
1913421.000,44845,3,PR,1,100,1785
1913461.000,44845,3,PR,1,100,1788
1913501.000,44845,3,PR,1,100,1770
