EmotiBitTimestamp,PacketNumber,DataLength,TypeTag,ProtocolVersion,DataReliability,AZ
1839561.000,33088,1,AZ,1,100,0.453
1839601.000,33103,2,AZ,1,100,0.468
1839641.000,33103,2,AZ,1,100,0.488
1839681.000,33120,3,AZ,1,100,0.456
1839721.000,33120,3,AZ,1,100,0.440
1839761.000,33120,3,AZ,1,100,0.482
1839801.000,33138,3,AZ,1,100,0.460
1839841.000,33138,3,AZ,1,100,0.454
1839881.000,33138,3,AZ,1,100,0.447
1839921.000,33156,2,AZ,1,100,0.464
1839961.000,33156,2,AZ,1,100,0.447
1840001.000,33170,3,AZ,1,100,0.463
1840041.000,33170,3,AZ,1,100,0.466
1840081.000,33170,3,AZ,1,100,0.452
1840121.000,33187,2,AZ,1,100,0.464
1840161.000,33187,2,AZ,1,100,0.447
1840201.000,33203,3,AZ,1,100,0.460
1840241.000,33203,3,AZ,1,100,0.469
1840281.000,33203,3,AZ,1,100,0.442
1840321.000,33221,2,AZ,1,100,0.459
1840361.000,33221,2,AZ,1,100,0.467
1840401.000,33235,3,AZ,1,100,0.436
1840441.000,33235,3,AZ,1,100,0.479
1840481.000,33235,3,AZ,1,100,0.396
1840521.000,33252,2,AZ,1,100,0.458
1840561.000,33252,2,AZ,1,100,0.463
1840601.000,33269,3,AZ,1,100,0.426
1840641.000,33269,3,AZ,1,100,0.454
1840681.000,33269,3,AZ,1,100,0.452
1840721.000,33286,2,AZ,1,100,0.431
1840761.000,33286,2,AZ,1,100,0.471
1840801.000,33300,3,AZ,1,100,0.433
1840841.000,33300,3,AZ,1,100,0.446
1840881.000,33300,3,AZ,1,100,0.455
1840921.000,33318,2,AZ,1,100,0.432
1840961.000,33318,2,AZ,1,100,0.452
1841001.000,33336,3,AZ,1,100,0.443
1841041.000,33336,3,AZ,1,100,0.446
1841081.000,33336,3,AZ,1,100,0.452
1841121.000,33353,3,AZ,1,100,0.439
1841161.000,33353,3,AZ,1,100,0.440
1841201.000,33353,3,AZ,1,100,0.447
1841241.000,33370,2,AZ,1,100,0.439
1841281.000,33370,2,AZ,1,100,0.441
1841321.000,33387,3,AZ,1,100,0.450
1841361.000,33387,3,AZ,1,100,0.449
1841401.000,33387,3,AZ,1,100,0.430
1841441.000,33403,2,AZ,1,100,0.431
1841481.000,33403,2,AZ,1,100,0.447
1841521.000,33426,5,AZ,1,100,0.444
1841561.000,33426,5,AZ,1,100,0.441
1841601.000,33426,5,AZ,1,100,0.436
1841641.000,33426,5,AZ,1,100,0.442
1841681.000,33426,5,AZ,1,100,0.447
1841721.000,33442,2,AZ,1,100,0.443
1841761.000,33442,2,AZ,1,100,0.438
1841801.000,33459,3,AZ,1,100,0.451
1841841.000,33459,3,AZ,1,100,0.428
1841881.000,33459,3,AZ,1,100,0.441
1841921.000,33476,2,AZ,1,100,0.447
1841961.000,33476,2,AZ,1,100,0.437
1842001.000,33491,3,AZ,1,100,0.437
1842041.000,33491,3,AZ,1,100,0.438
1842081.000,33491,3,AZ,1,100,0.447
1842121.000,33507,2,AZ,1,100,0.431
1842161.000,33507,2,AZ,1,100,0.450
1842201.000,33524,3,AZ,1,100,0.431
1842241.000,33524,3,AZ,1,100,0.451
1842281.000,33524,3,AZ,1,100,0.446
1842321.000,33541,2,AZ,1,100,0.443
1842361.000,33541,2,AZ,1,100,0.446
1842401.000,33556,3,AZ,1,100,0.442
1842441.000,33556,3,AZ,1,100,0.433
1842481.000,33556,3,AZ,1,100,0.445
1842521.000,33574,2,AZ,1,100,0.455
1842561.000,33574,2,AZ,1,100,0.431
1842601.000,33592,3,AZ,1,100,0.448
1842641.000,33592,3,AZ,1,100,0.453
1842681.000,33592,3,AZ,1,100,0.437
1842721.000,33608,3,AZ,1,100,0.450
1842761.000,33608,3,AZ,1,100,0.452
1842801.000,33608,3,AZ,1,100,0.437
1842841.000,33624,2,AZ,1,100,0.464
1842881.000,33624,2,AZ,1,100,0.451
1842921.000,33640,3,AZ,1,100,0.442
1842961.000,33640,3,AZ,1,100,0.444
1843001.000,33640,3,AZ,1,100,0.447
1843041.000,33657,2,AZ,1,100,0.442
1843081.000,33657,2,AZ,1,100,0.453
1843121.000,33673,3,AZ,1,100,0.452
1843161.000,33673,3,AZ,1,100,0.431
1843201.000,33673,3,AZ,1,100,0.448
1843241.000,33691,2,AZ,1,100,0.450
1843281.000,33691,2,AZ,1,100,0.458
1843321.000,33705,3,AZ,1,100,0.432
1843361.000,33705,3,AZ,1,100,0.443
1843401.000,33705,3,AZ,1,100,0.443
1843441.000,33722,2,AZ,1,100,0.435
1843481.000,33722,2,AZ,1,100,0.445
1843521.000,33738,3,AZ,1,100,0.443
1843561.000,33738,3,AZ,1,100,0.401
1843601.000,33738,3,AZ,1,100,0.466
1843640.500,33756,2,AZ,1,100,0.441
1843680.000,33756,2,AZ,1,100,0.442
1843720.000,33770,3,AZ,1,100,0.454
1843760.000,33770,3,AZ,1,100,0.420
1843800.000,33770,3,AZ,1,100,0.481
1843840.333,33787,3,AZ,1,100,0.443
1843880.667,33787,3,AZ,1,100,0.431
1843921.000,33787,3,AZ,1,100,0.456
1843961.000,33804,2,AZ,1,100,0.436
1844001.000,33804,2,AZ,1,100,0.446
1844041.000,33821,3,AZ,1,100,0.464
1844081.000,33821,3,AZ,1,100,0.424
1844121.000,33821,3,AZ,1,100,0.448
1844161.000,33835,2,AZ,1,100,0.460
1844201.000,33835,2,AZ,1,100,0.425
1844241.000,33855,2,AZ,1,100,0.456
1844281.000,33855,2,AZ,1,100,0.448
1844325.333,33871,3,AZ,1,100,0.422
1844369.667,33871,3,AZ,1,100,0.466
1844414.000,33871,3,AZ,1,100,0.435
1844454.000,33890,2,AZ,1,100,0.454
1844494.000,33890,2,AZ,1,100,0.448
1844534.000,33904,3,AZ,1,100,0.432
1844574.000,33904,3,AZ,1,100,0.453
1844614.000,33904,3,AZ,1,100,0.434
1844654.000,33922,2,AZ,1,100,0.466
1844694.000,33922,2,AZ,1,100,0.440
1844734.000,33938,3,AZ,1,100,0.416
1844774.000,33938,3,AZ,1,100,0.472
1844814.000,33938,3,AZ,1,100,0.439
1844854.000,33955,3,AZ,1,100,0.429
1844894.000,33955,3,AZ,1,100,0.445
1844934.000,33955,3,AZ,1,100,0.438
1844974.000,33971,2,AZ,1,100,0.456
1845014.000,33971,2,AZ,1,100,0.441
1845054.000,33987,3,AZ,1,100,0.431
1845094.000,33987,3,AZ,1,100,0.458
1845134.000,33987,3,AZ,1,100,0.462
1845174.000,34005,2,AZ,1,100,0.444
1845214.000,34005,2,AZ,1,100,0.387
1845254.000,34023,3,AZ,1,100,0.464
1845294.000,34023,3,AZ,1,100,0.413
1845334.000,34023,3,AZ,1,100,0.442
1845374.000,34039,2,AZ,1,100,0.450
1845414.000,34039,2,AZ,1,100,0.442
1845454.000,34054,3,AZ,1,100,0.421
1845494.000,34054,3,AZ,1,100,0.435
1845534.000,34054,3,AZ,1,100,0.454
1845574.000,34071,2,AZ,1,100,0.433
1845614.000,34071,2,AZ,1,100,0.435
1845654.000,34088,3,AZ,1,100,0.431
1845694.000,34088,3,AZ,1,100,0.440
1845734.000,34088,3,AZ,1,100,0.435
1845774.000,34104,2,AZ,1,100,0.438
1845814.000,34104,2,AZ,1,100,0.434
1845854.000,34119,3,AZ,1,100,0.421
1845894.000,34119,3,AZ,1,100,0.440
1845934.000,34119,3,AZ,1,100,0.447
1845974.000,34136,3,AZ,1,100,0.443
1846014.000,34136,3,AZ,1,100,0.427
1846054.000,34136,3,AZ,1,100,0.419
1846094.000,34155,2,AZ,1,100,0.433
1846134.000,34155,2,AZ,1,100,0.445
1846174.000,34171,3,AZ,1,100,0.456
1846214.000,34171,3,AZ,1,100,0.422
1846254.000,34171,3,AZ,1,100,0.421
1846294.000,34187,2,AZ,1,100,0.411
1846334.000,34187,2,AZ,1,100,0.420
1846369.667,34205,3,AZ,1,100,0.458
1846405.333,34205,3,AZ,1,100,0.388
1846441.000,34205,3,AZ,1,100,0.427
1846481.000,34222,2,AZ,1,100,0.453
1846521.000,34222,2,AZ,1,100,0.430
1846561.000,34239,3,AZ,1,100,0.394
1846601.000,34239,3,AZ,1,100,0.407
1846641.000,34239,3,AZ,1,100,0.449
1846685.000,34261,3,AZ,1,100,0.416
1846729.000,34261,3,AZ,1,100,0.379
1846773.000,34261,3,AZ,1,100,0.420
1846813.333,34277,3,AZ,1,100,0.401
1846853.667,34277,3,AZ,1,100,0.421
1846894.000,34277,3,AZ,1,100,0.428
1846934.000,34295,2,AZ,1,100,0.389
1846974.000,34295,2,AZ,1,100,0.421
1847013.667,34311,3,AZ,1,100,0.413
1847053.333,34311,3,AZ,1,100,0.380
1847093.000,34311,3,AZ,1,100,0.382
1847133.333,34328,3,AZ,1,100,0.395
1847173.667,34328,3,AZ,1,100,0.401
1847214.000,34328,3,AZ,1,100,0.392
1847254.000,34345,2,AZ,1,100,0.414
1847294.000,34345,2,AZ,1,100,0.427
1847334.000,34360,3,AZ,1,100,0.359
1847374.000,34360,3,AZ,1,100,0.328
1847414.000,34360,3,AZ,1,100,0.390
1847454.000,34376,2,AZ,1,100,0.407
1847494.000,34376,2,AZ,1,100,0.378
1847534.000,34393,3,AZ,1,100,0.393
1847574.000,34393,3,AZ,1,100,0.371
1847614.000,34393,3,AZ,1,100,0.341
1847653.500,34410,2,AZ,1,100,0.385
1847693.000,34410,2,AZ,1,100,0.379
1847733.333,34425,3,AZ,1,100,0.350
1847773.667,34425,3,AZ,1,100,0.343
1847814.000,34425,3,AZ,1,100,0.330
1847854.000,34441,2,AZ,1,100,0.336
1847894.000,34441,2,AZ,1,100,0.381
1847933.667,34459,3,AZ,1,100,0.391
1847973.333,34459,3,AZ,1,100,0.402
1848013.000,34459,3,AZ,1,100,0.304
1848053.500,34475,2,AZ,1,100,0.520
1848094.000,34475,2,AZ,1,100,0.451
1848134.000,34490,3,AZ,1,100,0.489
1848174.000,34490,3,AZ,1,100,0.708
1848214.000,34490,3,AZ,1,100,0.602
1848253.667,34507,3,AZ,1,100,0.510
1848293.333,34507,3,AZ,1,100,0.491
1848333.000,34507,3,AZ,1,100,0.560
1848373.000,34524,2,AZ,1,100,0.491
1848413.000,34524,2,AZ,1,100,0.609
1848453.000,34540,3,AZ,1,100,0.510
1848493.000,34540,3,AZ,1,100,0.503
1848533.000,34540,3,AZ,1,100,0.563
1848573.000,34556,2,AZ,1,100,0.555
1848613.000,34556,2,AZ,1,100,0.542
1848653.000,34572,3,AZ,1,100,0.605
1848693.000,34572,3,AZ,1,100,0.589
1848733.000,34572,3,AZ,1,100,0.598
1848773.000,34589,2,AZ,1,100,0.623
1848813.000,34589,2,AZ,1,100,0.555
1848853.000,34605,3,AZ,1,100,0.432
1848893.000,34605,3,AZ,1,100,0.531
1848933.000,34605,3,AZ,1,100,0.646
1848973.000,34623,2,AZ,1,100,0.607
1849013.000,34623,2,AZ,1,100,0.593
1849053.000,34637,3,AZ,1,100,0.611
1849093.000,34637,3,AZ,1,100,0.663
1849133.000,34637,3,AZ,1,100,0.890
1849173.000,34654,2,AZ,1,100,1.170
1849213.000,34654,2,AZ,1,100,1.110
1849253.000,34671,3,AZ,1,100,1.314
1849293.000,34671,3,AZ,1,100,0.699
1849333.000,34671,3,AZ,1,100,0.410
1849373.000,34688,2,AZ,1,100,0.398
1849413.000,34688,2,AZ,1,100,0.348
1849453.000,34702,3,AZ,1,100,0.304
1849493.000,34702,3,AZ,1,100,0.357
1849533.000,34702,3,AZ,1,100,0.475
1849573.000,34720,3,AZ,1,100,0.254
1849613.000,34720,3,AZ,1,100,0.707
1849653.000,34720,3,AZ,1,100,0.771
1849693.000,34736,2,AZ,1,100,0.825
1849733.000,34736,2,AZ,1,100,0.722
1849773.000,34753,3,AZ,1,100,0.678
1849813.000,34753,3,AZ,1,100,0.634
1849853.000,34753,3,AZ,1,100,0.604
1849893.000,34767,2,AZ,1,100,0.693
1849933.000,34767,2,AZ,1,100,0.648
1849973.000,34785,3,AZ,1,100,0.597
1850013.000,34785,3,AZ,1,100,0.625
1850053.000,34785,3,AZ,1,100,0.460
1850093.000,34801,2,AZ,1,100,0.413
1850133.000,34801,2,AZ,1,100,0.339
1850173.000,34818,3,AZ,1,100,0.323
1850213.000,34818,3,AZ,1,100,0.415
1850253.000,34818,3,AZ,1,100,0.504
1850293.000,34833,2,AZ,1,100,0.572
1850333.000,34833,2,AZ,1,100,0.759
1850373.000,34850,3,AZ,1,100,0.807
1850413.000,34850,3,AZ,1,100,0.722
1850453.000,34850,3,AZ,1,100,0.567
1850493.000,34866,2,AZ,1,100,0.543
1850533.000,34866,2,AZ,1,100,0.404
1850573.000,34884,3,AZ,1,100,0.510
1850613.000,34884,3,AZ,1,100,0.492
1850653.000,34884,3,AZ,1,100,0.608
1850693.000,34899,2,AZ,1,100,0.406
1850733.000,34899,2,AZ,1,100,0.699
1850773.000,34915,3,AZ,1,100,0.449
1850813.000,34915,3,AZ,1,100,0.533
1850853.000,34915,3,AZ,1,100,0.556
1850893.000,34932,3,AZ,1,100,0.641
1850933.000,34932,3,AZ,1,100,0.610
1850973.000,34932,3,AZ,1,100,0.075
1851013.000,34949,2,AZ,1,100,-0.190
1851053.000,34949,2,AZ,1,100,-0.088
1851093.000,34965,3,AZ,1,100,0.406
1851133.000,34965,3,AZ,1,100,0.649
1851173.000,34965,3,AZ,1,100,0.986
1851213.000,34980,2,AZ,1,100,1.176
1851253.000,34980,2,AZ,1,100,1.300
1851293.000,34999,3,AZ,1,100,1.293
1851333.000,34999,3,AZ,1,100,1.045
1851373.000,34999,3,AZ,1,100,1.331
1851413.000,35016,2,AZ,1,100,1.178
1851453.000,35016,2,AZ,1,100,0.839
1851493.000,35032,3,AZ,1,100,0.912
1851533.000,35032,3,AZ,1,100,0.744
1851573.000,35032,3,AZ,1,100,0.734
1851613.000,35048,2,AZ,1,100,0.593
1851653.000,35048,2,AZ,1,100,0.702
1851693.000,35064,3,AZ,1,100,0.807
1851733.000,35064,3,AZ,1,100,0.616
1851773.000,35064,3,AZ,1,100,0.438
1851813.000,35086,4,AZ,1,100,0.396
1851853.000,35086,4,AZ,1,100,0.340
1851893.000,35086,4,AZ,1,100,0.299
1851933.000,35086,4,AZ,1,100,0.441
1851973.000,35103,2,AZ,1,100,0.385
1852013.000,35103,2,AZ,1,100,0.266
1852053.000,35120,3,AZ,1,100,0.369
1852093.000,35120,3,AZ,1,100,0.261
1852133.000,35120,3,AZ,1,100,0.248
1852173.000,35135,2,AZ,1,100,0.176
1852213.000,35135,2,AZ,1,100,0.103
1852253.000,35152,3,AZ,1,100,0.013
1852293.000,35152,3,AZ,1,100,-0.070
1852333.000,35152,3,AZ,1,100,-0.054
1852373.000,35168,2,AZ,1,100,-0.132
1852413.000,35168,2,AZ,1,100,-0.165
1852453.000,35185,3,AZ,1,100,-0.234
1852493.000,35185,3,AZ,1,100,-0.244
1852533.000,35185,3,AZ,1,100,-0.561
1852573.000,35202,2,AZ,1,100,-0.479
1852613.000,35202,2,AZ,1,100,-0.421
1852653.000,35217,3,AZ,1,100,-0.432
1852693.000,35217,3,AZ,1,100,-0.428
1852733.000,35217,3,AZ,1,100,-0.352
1852773.000,35233,2,AZ,1,100,-0.362
1852813.000,35233,2,AZ,1,100,-0.631
1852853.000,35250,3,AZ,1,100,-0.615
1852893.000,35250,3,AZ,1,100,-0.668
1852933.000,35250,3,AZ,1,100,-0.659
1852973.000,35267,2,AZ,1,100,-0.673
1853013.000,35267,2,AZ,1,100,-0.746
1853053.000,35282,3,AZ,1,100,-0.708
1853093.000,35282,3,AZ,1,100,-0.705
1853133.000,35282,3,AZ,1,100,-0.714
1853173.000,35298,3,AZ,1,100,-0.888
1853213.000,35298,3,AZ,1,100,-0.883
1853253.000,35298,3,AZ,1,100,-0.963
1853293.000,35316,2,AZ,1,100,-0.912
1853333.000,35316,2,AZ,1,100,-0.914
1853373.000,35332,3,AZ,1,100,-0.942
1853413.000,35332,3,AZ,1,100,-1.023
1853453.000,35332,3,AZ,1,100,-0.976
1853493.000,35347,2,AZ,1,100,-1.031
1853533.000,35347,2,AZ,1,100,-0.993
1853573.000,35364,3,AZ,1,100,-0.992
1853613.000,35364,3,AZ,1,100,-1.015
1853653.000,35364,3,AZ,1,100,-0.997
1853693.000,35381,2,AZ,1,100,-1.008
1853733.000,35381,2,AZ,1,100,-0.996
1853773.000,35397,3,AZ,1,100,-1.012
1853813.000,35397,3,AZ,1,100,-1.011
1853853.000,35397,3,AZ,1,100,-1.011
1853893.000,35412,2,AZ,1,100,-1.007
1853933.000,35412,2,AZ,1,100,-0.998
1853973.000,35429,3,AZ,1,100,-1.010
1854013.000,35429,3,AZ,1,100,-1.009
1854053.000,35429,3,AZ,1,100,-1.006
1854093.000,35446,2,AZ,1,100,-1.005
1854133.000,35446,2,AZ,1,100,-1.009
1854173.000,35462,3,AZ,1,100,-1.003
1854213.000,35462,3,AZ,1,100,-1.010
1854253.000,35462,3,AZ,1,100,-1.008
1854293.000,35479,2,AZ,1,100,-1.007
1854333.000,35479,2,AZ,1,100,-1.012
1854373.000,35494,3,AZ,1,100,-1.008
1854413.000,35494,3,AZ,1,100,-0.999
1854453.000,35494,3,AZ,1,100,-0.983
1854493.000,35511,2,AZ,1,100,-1.026
1854533.000,35511,2,AZ,1,100,-0.962
1854573.000,35528,3,AZ,1,100,-0.988
1854613.000,35528,3,AZ,1,100,-0.886
1854653.000,35528,3,AZ,1,100,-0.773
1854693.000,35545,3,AZ,1,100,-0.727
1854733.000,35545,3,AZ,1,100,-0.735
1854773.000,35545,3,AZ,1,100,-0.721
1854813.000,35559,2,AZ,1,100,-0.476
1854853.000,35559,2,AZ,1,100,-0.343
1854893.000,35577,3,AZ,1,100,-0.350
1854933.000,35577,3,AZ,1,100,-0.479
1854973.000,35577,3,AZ,1,100,-0.240
1855013.000,35593,2,AZ,1,100,-0.400
1855053.000,35593,2,AZ,1,100,-0.419
1855093.000,35610,3,AZ,1,100,-0.509
1855133.000,35610,3,AZ,1,100,-0.250
1855173.000,35610,3,AZ,1,100,-0.392
1855213.000,35624,2,AZ,1,100,-0.427
1855253.000,35624,2,AZ,1,100,-0.423
1855293.000,35642,3,AZ,1,100,-0.389
1855333.000,35642,3,AZ,1,100,-0.385
1855373.000,35642,3,AZ,1,100,-0.389
1855413.000,35658,2,AZ,1,100,-0.387
1855453.000,35658,2,AZ,1,100,-0.386
1855493.000,35675,3,AZ,1,100,-0.388
1855533.000,35675,3,AZ,1,100,-0.388
1855573.000,35675,3,AZ,1,100,-0.387
1855613.000,35690,2,AZ,1,100,-0.384
1855653.000,35690,2,AZ,1,100,-0.387
1855693.000,35707,3,AZ,1,100,-0.389
1855733.000,35707,3,AZ,1,100,-0.385
1855773.000,35707,3,AZ,1,100,-0.389
1855813.000,35723,2,AZ,1,100,-0.386
1855853.000,35723,2,AZ,1,100,-0.385
1855893.000,35741,3,AZ,1,100,-0.389
1855933.000,35741,3,AZ,1,100,-0.386
1855973.000,35741,3,AZ,1,100,-0.390
1856013.000,35755,3,AZ,1,100,-0.392
1856053.000,35755,3,AZ,1,100,-0.380
1856093.000,35755,3,AZ,1,100,-0.388
1856133.000,35772,2,AZ,1,100,-0.390
1856173.000,35772,2,AZ,1,100,-0.380
1856213.000,35788,3,AZ,1,100,-0.388
1856253.000,35788,3,AZ,1,100,-0.388
1856293.000,35788,3,AZ,1,100,-0.385
1856333.000,35808,2,AZ,1,100,-0.386
1856373.000,35808,2,AZ,1,100,-0.378
1856413.000,35823,3,AZ,1,100,-0.381
1856453.000,35823,3,AZ,1,100,-0.395
1856493.000,35823,3,AZ,1,100,-0.389
1856533.000,35839,2,AZ,1,100,-0.379
1856573.000,35839,2,AZ,1,100,-0.385
1856613.000,35856,3,AZ,1,100,-0.392
1856653.000,35856,3,AZ,1,100,-0.390
1856693.000,35856,3,AZ,1,100,-0.382
1856733.000,35873,2,AZ,1,100,-0.381
1856773.000,35873,2,AZ,1,100,-0.390
1856813.000,35889,3,AZ,1,100,-0.393
1856853.000,35889,3,AZ,1,100,-0.386
1856893.000,35889,3,AZ,1,100,-0.382
1856933.000,35912,4,AZ,1,100,-0.393
1856973.000,35912,4,AZ,1,100,-0.392
1857013.000,35912,4,AZ,1,100,-0.383
1857053.000,35912,4,AZ,1,100,-0.383
1857093.000,35926,2,AZ,1,100,-0.389
1857133.000,35926,2,AZ,1,100,-0.392
1857173.000,35943,3,AZ,1,100,-0.387
1857213.000,35943,3,AZ,1,100,-0.385
1857253.000,35943,3,AZ,1,100,-0.390
1857293.000,35960,2,AZ,1,100,-0.391
1857333.000,35960,2,AZ,1,100,-0.385
1857373.000,35977,3,AZ,1,100,-0.383
1857413.000,35977,3,AZ,1,100,-0.385
1857453.000,35977,3,AZ,1,100,-0.391
1857492.500,35992,2,AZ,1,100,-0.387
1857532.000,35992,2,AZ,1,100,-0.381
1857572.000,36009,3,AZ,1,100,-0.389
1857612.000,36009,3,AZ,1,100,-0.391
1857652.000,36009,3,AZ,1,100,-0.388
1857692.333,36025,3,AZ,1,100,-0.386
1857732.667,36025,3,AZ,1,100,-0.386
1857773.000,36025,3,AZ,1,100,-0.392
1857812.500,36042,2,AZ,1,100,-0.387
1857852.000,36042,2,AZ,1,100,-0.384
1857892.000,36059,3,AZ,1,100,-0.388
1857932.000,36059,3,AZ,1,100,-0.388
1857972.000,36059,3,AZ,1,100,-0.387
1858012.500,36074,2,AZ,1,100,-0.388
1858053.000,36074,2,AZ,1,100,-0.386
1858093.000,36090,3,AZ,1,100,-0.387
1858133.000,36090,3,AZ,1,100,-0.388
1858173.000,36090,3,AZ,1,100,-0.388
1858213.000,36107,2,AZ,1,100,-0.387
1858253.000,36107,2,AZ,1,100,-0.389
1858292.667,36124,3,AZ,1,100,-0.387
1858332.333,36124,3,AZ,1,100,-0.386
1858372.000,36124,3,AZ,1,100,-0.385
1858412.000,36139,2,AZ,1,100,-0.386
1858452.000,36139,2,AZ,1,100,-0.388
1858492.000,36155,3,AZ,1,100,-0.387
1858532.000,36155,3,AZ,1,100,-0.387
1858572.000,36155,3,AZ,1,100,-0.388
1858612.000,36173,2,AZ,1,100,-0.385
1858652.000,36173,2,AZ,1,100,-0.385
1858692.000,36189,3,AZ,1,100,-0.387
1858732.000,36189,3,AZ,1,100,-0.386
1858772.000,36189,3,AZ,1,100,-0.390
1858812.000,36204,2,AZ,1,100,-0.387
1858852.000,36204,2,AZ,1,100,-0.385
1858892.000,36221,3,AZ,1,100,-0.387
1858932.000,36221,3,AZ,1,100,-0.387
1858972.000,36221,3,AZ,1,100,-0.390
1859012.000,36238,2,AZ,1,100,-0.383
1859052.000,36238,2,AZ,1,100,-0.386
1859092.000,36254,3,AZ,1,100,-0.391
1859132.000,36254,3,AZ,1,100,-0.383
1859172.000,36254,3,AZ,1,100,-0.387
1859212.000,36269,3,AZ,1,100,-0.391
1859252.000,36269,3,AZ,1,100,-0.385
1859292.000,36269,3,AZ,1,100,-0.389
1859332.000,36286,2,AZ,1,100,-0.383
1859372.000,36286,2,AZ,1,100,-0.388
1859412.000,36303,3,AZ,1,100,-0.391
1859452.000,36303,3,AZ,1,100,-0.384
1859492.000,36303,3,AZ,1,100,-0.387
1859532.000,36319,2,AZ,1,100,-0.388
1859572.000,36319,2,AZ,1,100,-0.389
1859612.000,36336,3,AZ,1,100,-0.391
1859652.000,36336,3,AZ,1,100,-0.385
1859692.000,36336,3,AZ,1,100,-0.382
1859732.000,36351,2,AZ,1,100,-0.391
1859772.000,36351,2,AZ,1,100,-0.388
1859812.000,36368,3,AZ,1,100,-0.383
1859852.000,36368,3,AZ,1,100,-0.387
1859892.000,36368,3,AZ,1,100,-0.389
1859932.000,36385,2,AZ,1,100,-0.390
1859972.000,36385,2,AZ,1,100,-0.386
1860012.000,36402,3,AZ,1,100,-0.383
1860052.000,36402,3,AZ,1,100,-0.388
1860092.000,36402,3,AZ,1,100,-0.389
1860132.000,36416,2,AZ,1,100,-0.387
1860172.000,36416,2,AZ,1,100,-0.385
1860212.000,36434,3,AZ,1,100,-0.385
1860252.000,36434,3,AZ,1,100,-0.388
1860292.000,36434,3,AZ,1,100,-0.388
1860332.000,36450,3,AZ,1,100,-0.385
1860372.000,36450,3,AZ,1,100,-0.385
1860412.000,36450,3,AZ,1,100,-0.389
1860452.000,36467,2,AZ,1,100,-0.387
1860492.000,36467,2,AZ,1,100,-0.386
1860532.000,36481,3,AZ,1,100,-0.389
1860572.000,36481,3,AZ,1,100,-0.388
1860612.000,36481,3,AZ,1,100,-0.388
1860652.000,36499,2,AZ,1,100,-0.383
1860692.000,36499,2,AZ,1,100,-0.387
1860732.000,36515,3,AZ,1,100,-0.390
1860772.000,36515,3,AZ,1,100,-0.384
1860812.000,36515,3,AZ,1,100,-0.385
1860852.000,36532,2,AZ,1,100,-0.387
1860892.000,36532,2,AZ,1,100,-0.388
1860932.000,36547,3,AZ,1,100,-0.388
1860972.000,36547,3,AZ,1,100,-0.384
1861012.000,36547,3,AZ,1,100,-0.386
1861052.000,36564,2,AZ,1,100,-0.390
1861092.000,36564,2,AZ,1,100,-0.388
1861132.000,36580,3,AZ,1,100,-0.387
1861172.000,36580,3,AZ,1,100,-0.384
1861212.000,36580,3,AZ,1,100,-0.389
1861252.000,36598,2,AZ,1,100,-0.388
1861292.000,36598,2,AZ,1,100,-0.386
1861332.000,36614,3,AZ,1,100,-0.385
1861372.000,36614,3,AZ,1,100,-0.385
1861412.000,36614,3,AZ,1,100,-0.389
1861452.000,36631,2,AZ,1,100,-0.388
1861492.000,36631,2,AZ,1,100,-0.387
1861532.000,36647,3,AZ,1,100,-0.389
1861572.000,36647,3,AZ,1,100,-0.388
1861612.000,36647,3,AZ,1,100,-0.387
1861652.000,36665,3,AZ,1,100,-0.386
1861692.000,36665,3,AZ,1,100,-0.387
1861732.000,36665,3,AZ,1,100,-0.389
1861772.000,36680,2,AZ,1,100,-0.385
1861812.000,36680,2,AZ,1,100,-0.387
1861852.000,36696,3,AZ,1,100,-0.389
1861892.000,36696,3,AZ,1,100,-0.388
1861932.000,36696,3,AZ,1,100,-0.386
1861972.000,36713,2,AZ,1,100,-0.388
1862012.000,36713,2,AZ,1,100,-0.386
1862052.000,36733,4,AZ,1,100,-0.387
1862092.000,36733,4,AZ,1,100,-0.385
1862132.000,36733,4,AZ,1,100,-0.386
1862172.000,36733,4,AZ,1,100,-0.388
1862212.000,36749,2,AZ,1,100,-0.388
1862252.000,36749,2,AZ,1,100,-0.386
1862292.000,36767,3,AZ,1,100,-0.386
1862332.000,36767,3,AZ,1,100,-0.388
1862372.000,36767,3,AZ,1,100,-0.388
1862412.000,36781,2,AZ,1,100,-0.385
1862452.000,36781,2,AZ,1,100,-0.385
1862492.000,36798,3,AZ,1,100,-0.387
1862532.000,36798,3,AZ,1,100,-0.388
1862572.000,36798,3,AZ,1,100,-0.385
1862612.000,36815,2,AZ,1,100,-0.384
1862652.000,36815,2,AZ,1,100,-0.385
1862692.000,36832,3,AZ,1,100,-0.387
1862732.000,36832,3,AZ,1,100,-0.386
1862772.000,36832,3,AZ,1,100,-0.385
1862812.000,36846,2,AZ,1,100,-0.388
1862852.000,36846,2,AZ,1,100,-0.387
1862892.000,36864,3,AZ,1,100,-0.385
1862932.000,36864,3,AZ,1,100,-0.387
1862972.000,36864,3,AZ,1,100,-0.388
1863012.000,36880,3,AZ,1,100,-0.387
1863052.000,36880,3,AZ,1,100,-0.388
1863092.000,36880,3,AZ,1,100,-0.385
1863132.000,36897,2,AZ,1,100,-0.387
1863172.000,36897,2,AZ,1,100,-0.390
1863212.000,36911,3,AZ,1,100,-0.390
1863252.000,36911,3,AZ,1,100,-0.382
1863292.000,36911,3,AZ,1,100,-0.386
1863332.000,36929,2,AZ,1,100,-0.388
1863372.000,36929,2,AZ,1,100,-0.387
1863412.000,36945,3,AZ,1,100,-0.387
1863452.000,36945,3,AZ,1,100,-0.384
1863492.000,36945,3,AZ,1,100,-0.388
1863532.000,36962,2,AZ,1,100,-0.390
1863572.000,36962,2,AZ,1,100,-0.382
1863612.000,36978,3,AZ,1,100,-0.385
1863652.000,36978,3,AZ,1,100,-0.389
1863692.000,36978,3,AZ,1,100,-0.387
1863732.000,36994,2,AZ,1,100,-0.386
1863772.000,36994,2,AZ,1,100,-0.385
1863812.000,37010,3,AZ,1,100,-0.386
1863852.000,37010,3,AZ,1,100,-0.389
1863892.000,37010,3,AZ,1,100,-0.387
1863932.000,37028,2,AZ,1,100,-0.386
1863972.000,37028,2,AZ,1,100,-0.390
1864012.000,37044,3,AZ,1,100,-0.389
1864052.000,37044,3,AZ,1,100,-0.387
1864092.000,37044,3,AZ,1,100,-0.387
1864132.000,37059,2,AZ,1,100,-0.386
1864172.000,37059,2,AZ,1,100,-0.388
1864212.000,37076,3,AZ,1,100,-0.384
1864252.000,37076,3,AZ,1,100,-0.385
1864292.000,37076,3,AZ,1,100,-0.390
1864332.000,37093,3,AZ,1,100,-0.386
1864372.000,37093,3,AZ,1,100,-0.383
1864412.000,37093,3,AZ,1,100,-0.389
1864452.000,37109,2,AZ,1,100,-0.387
1864492.000,37109,2,AZ,1,100,-0.386
1864532.000,37124,3,AZ,1,100,-0.386
1864572.000,37124,3,AZ,1,100,-0.385
1864612.000,37124,3,AZ,1,100,-0.389
1864652.000,37141,2,AZ,1,100,-0.386
1864692.000,37141,2,AZ,1,100,-0.385
1864732.000,37158,3,AZ,1,100,-0.391
1864772.000,37158,3,AZ,1,100,-0.388
1864812.000,37158,3,AZ,1,100,-0.385
1864852.000,37174,2,AZ,1,100,-0.390
1864892.000,37174,2,AZ,1,100,-0.386
1864932.000,37190,3,AZ,1,100,-0.390
1864972.000,37190,3,AZ,1,100,-0.386
1865012.000,37190,3,AZ,1,100,-0.385
1865052.000,37206,2,AZ,1,100,-0.388
1865092.000,37206,2,AZ,1,100,-0.391
1865132.000,37223,3,AZ,1,100,-0.383
1865172.000,37223,3,AZ,1,100,-0.388
1865212.000,37223,3,AZ,1,100,-0.386
1865252.000,37240,2,AZ,1,100,-0.388
1865292.000,37240,2,AZ,1,100,-0.389
1865332.000,37255,3,AZ,1,100,-0.385
1865372.000,37255,3,AZ,1,100,-0.385
1865412.000,37255,3,AZ,1,100,-0.390
1865452.000,37271,3,AZ,1,100,-0.387
1865492.000,37271,3,AZ,1,100,-0.387
1865532.000,37271,3,AZ,1,100,-0.388
1865572.000,37288,2,AZ,1,100,-0.389
1865612.000,37288,2,AZ,1,100,-0.389
1865652.000,37305,3,AZ,1,100,-0.389
1865692.000,37305,3,AZ,1,100,-0.386
1865732.000,37305,3,AZ,1,100,-0.385
1865772.000,37321,2,AZ,1,100,-0.385
1865812.000,37321,2,AZ,1,100,-0.385
1865852.000,37336,3,AZ,1,100,-0.388
1865892.000,37336,3,AZ,1,100,-0.388
1865932.000,37336,3,AZ,1,100,-0.388
1865972.000,37354,2,AZ,1,100,-0.387
1866012.000,37354,2,AZ,1,100,-0.388
1866052.000,37370,3,AZ,1,100,-0.389
1866092.000,37370,3,AZ,1,100,-0.389
1866132.000,37370,3,AZ,1,100,-0.385
1866171.750,37388,4,AZ,1,100,-0.386
1866211.500,37388,4,AZ,1,100,-0.392
1866251.250,37388,4,AZ,1,100,-0.388
1866291.000,37388,4,AZ,1,100,-0.385
1866331.333,37406,3,AZ,1,100,-0.385
1866371.667,37406,3,AZ,1,100,-0.388
1866412.000,37406,3,AZ,1,100,-0.388
1866452.000,37423,2,AZ,1,100,-0.384
1866492.000,37423,2,AZ,1,100,-0.383
1866532.000,37437,3,AZ,1,100,-0.387
1866572.000,37437,3,AZ,1,100,-0.385
1866612.000,37437,3,AZ,1,100,-0.386
1866652.000,37455,2,AZ,1,100,-0.383
1866692.000,37455,2,AZ,1,100,-0.385
1866732.000,37471,3,AZ,1,100,-0.389
1866772.000,37471,3,AZ,1,100,-0.385
1866812.000,37471,3,AZ,1,100,-0.388
1866852.000,37488,3,AZ,1,100,-0.385
1866892.000,37488,3,AZ,1,100,-0.385
1866932.000,37488,3,AZ,1,100,-0.387
1866972.000,37504,2,AZ,1,100,-0.384
1867012.000,37504,2,AZ,1,100,-0.384
1867052.000,37520,3,AZ,1,100,-0.386
1867092.000,37520,3,AZ,1,100,-0.387
1867132.000,37520,3,AZ,1,100,-0.389
1867171.750,37543,4,AZ,1,100,-0.386
1867211.500,37543,4,AZ,1,100,-0.386
1867251.250,37543,4,AZ,1,100,-0.387
1867291.000,37543,4,AZ,1,100,-0.387
1867331.000,37561,2,AZ,1,100,-0.384
1867371.000,37561,2,AZ,1,100,-0.387
1867411.000,37577,3,AZ,1,100,-0.389
1867451.000,37577,3,AZ,1,100,-0.386
1867491.000,37577,3,AZ,1,100,-0.385
1867531.000,37594,2,AZ,1,100,-0.388
1867571.000,37594,2,AZ,1,100,-0.392
1867611.000,37610,3,AZ,1,100,-0.385
1867651.000,37610,3,AZ,1,100,-0.385
1867691.000,37610,3,AZ,1,100,-0.386
1867731.000,37626,2,AZ,1,100,-0.390
1867771.000,37626,2,AZ,1,100,-0.387
1867811.333,37642,3,AZ,1,100,-0.381
1867851.667,37642,3,AZ,1,100,-0.385
1867892.000,37642,3,AZ,1,100,-0.391
1867931.500,37660,2,AZ,1,100,-0.386
1867971.000,37660,2,AZ,1,100,-0.379
1868011.333,37675,3,AZ,1,100,-0.382
1868051.667,37675,3,AZ,1,100,-0.386
1868092.000,37675,3,AZ,1,100,-0.388
1868131.500,37691,2,AZ,1,100,-0.387
1868171.000,37691,2,AZ,1,100,-0.385
1868211.000,37708,3,AZ,1,100,-0.389
1868251.000,37708,3,AZ,1,100,-0.389
1868291.000,37708,3,AZ,1,100,-0.384
1868331.500,37725,2,AZ,1,100,-0.386
1868372.000,37725,2,AZ,1,100,-0.387
1868411.667,37741,3,AZ,1,100,-0.391
1868451.333,37741,3,AZ,1,100,-0.386
1868491.000,37741,3,AZ,1,100,-0.383
1868531.000,37759,3,AZ,1,100,-0.387
1868571.000,37759,3,AZ,1,100,-0.390
1868611.000,37759,3,AZ,1,100,-0.388
1868651.000,37773,3,AZ,1,100,-0.385
1868691.000,37773,3,AZ,1,100,-0.385
1868731.000,37773,3,AZ,1,100,-0.389
1868771.000,37790,2,AZ,1,100,-0.389
1868811.000,37790,2,AZ,1,100,-0.383
1868851.000,37806,3,AZ,1,100,-0.387
1868891.000,37806,3,AZ,1,100,-0.390
1868931.000,37806,3,AZ,1,100,-0.387
1868971.000,37824,2,AZ,1,100,-0.386
1869011.000,37824,2,AZ,1,100,-0.384
1869051.000,37838,3,AZ,1,100,-0.387
1869091.000,37838,3,AZ,1,100,-0.387
1869131.000,37838,3,AZ,1,100,-0.386
1869171.000,37855,3,AZ,1,100,-0.387
1869211.000,37855,3,AZ,1,100,-0.388
1869251.000,37855,3,AZ,1,100,-0.390
1869291.000,37872,2,AZ,1,100,-0.384
1869331.000,37872,2,AZ,1,100,-0.386
1869371.333,37889,3,AZ,1,100,-0.387
1869411.667,37889,3,AZ,1,100,-0.388
1869452.000,37889,3,AZ,1,100,-0.384
1869491.500,37903,2,AZ,1,100,-0.388
1869531.000,37903,2,AZ,1,100,-0.387
1869571.000,37921,3,AZ,1,100,-0.388
1869611.000,37921,3,AZ,1,100,-0.387
1869651.000,37921,3,AZ,1,100,-0.384
1869691.000,37937,2,AZ,1,100,-0.386
1869731.000,37937,2,AZ,1,100,-0.389
1869771.000,37954,3,AZ,1,100,-0.383
1869811.000,37954,3,AZ,1,100,-0.385
1869851.000,37954,3,AZ,1,100,-0.387
1869891.000,37968,2,AZ,1,100,-0.387
1869931.000,37968,2,AZ,1,100,-0.389
1869971.000,37986,3,AZ,1,100,-0.383
1870011.000,37986,3,AZ,1,100,-0.385
1870051.000,37986,3,AZ,1,100,-0.394
1870091.000,38002,2,AZ,1,100,-0.385
1870131.000,38002,2,AZ,1,100,-0.382
1870171.000,38019,3,AZ,1,100,-0.390
1870211.000,38019,3,AZ,1,100,-0.388
1870251.000,38019,3,AZ,1,100,-0.388
1870291.000,38035,2,AZ,1,100,-0.386
1870331.000,38035,2,AZ,1,100,-0.385
1870371.000,38051,3,AZ,1,100,-0.389
1870411.000,38051,3,AZ,1,100,-0.388
1870451.000,38051,3,AZ,1,100,-0.384
1870491.000,38067,2,AZ,1,100,-0.385
1870531.000,38067,2,AZ,1,100,-0.386
1870571.000,38085,3,AZ,1,100,-0.388
1870611.000,38085,3,AZ,1,100,-0.388
1870651.000,38085,3,AZ,1,100,-0.384
1870691.000,38101,3,AZ,1,100,-0.386
1870731.000,38101,3,AZ,1,100,-0.387
1870771.000,38101,3,AZ,1,100,-0.386
1870811.000,38116,3,AZ,1,100,-0.385
1870851.000,38116,3,AZ,1,100,-0.385
1870891.000,38116,3,AZ,1,100,-0.385
1870931.000,38133,2,AZ,1,100,-0.387
1870971.000,38133,2,AZ,1,100,-0.385
1871011.000,38150,3,AZ,1,100,-0.386
1871051.000,38150,3,AZ,1,100,-0.386
1871091.000,38150,3,AZ,1,100,-0.387
1871131.000,38166,2,AZ,1,100,-0.384
1871171.000,38166,2,AZ,1,100,-0.388
1871211.000,38182,3,AZ,1,100,-0.389
1871251.000,38182,3,AZ,1,100,-0.384
1871291.000,38182,3,AZ,1,100,-0.383
1871331.000,38200,2,AZ,1,100,-0.388
1871371.000,38200,2,AZ,1,100,-0.389
1871411.000,38217,3,AZ,1,100,-0.383
1871451.000,38217,3,AZ,1,100,-0.385
1871491.000,38217,3,AZ,1,100,-0.387
1871531.000,38233,2,AZ,1,100,-0.385
1871571.000,38233,2,AZ,1,100,-0.386
1871611.000,38251,3,AZ,1,100,-0.386
1871651.000,38251,3,AZ,1,100,-0.384
1871691.000,38251,3,AZ,1,100,-0.385
1871731.000,38265,2,AZ,1,100,-0.385
1871771.000,38265,2,AZ,1,100,-0.385
1871811.000,38282,3,AZ,1,100,-0.388
1871851.000,38282,3,AZ,1,100,-0.385
1871891.000,38282,3,AZ,1,100,-0.384
1871931.000,38299,2,AZ,1,100,-0.386
1871971.000,38299,2,AZ,1,100,-0.386
1872011.000,38316,3,AZ,1,100,-0.386
1872051.000,38316,3,AZ,1,100,-0.390
1872091.000,38316,3,AZ,1,100,-0.386
1872131.000,38330,3,AZ,1,100,-0.387
1872171.000,38330,3,AZ,1,100,-0.386
1872211.000,38330,3,AZ,1,100,-0.386
1872251.000,38353,4,AZ,1,100,-0.388
1872291.000,38353,4,AZ,1,100,-0.385
1872331.000,38353,4,AZ,1,100,-0.388
1872371.000,38353,4,AZ,1,100,-0.386
1872411.000,38369,3,AZ,1,100,-0.388
1872451.000,38369,3,AZ,1,100,-0.386
1872491.000,38369,3,AZ,1,100,-0.389
1872531.000,38384,2,AZ,1,100,-0.388
1872571.000,38384,2,AZ,1,100,-0.387
1872611.000,38402,3,AZ,1,100,-0.385
1872651.000,38402,3,AZ,1,100,-0.387
1872691.000,38402,3,AZ,1,100,-0.388
1872731.000,38418,2,AZ,1,100,-0.388
1872771.000,38418,2,AZ,1,100,-0.388
1872811.000,38435,3,AZ,1,100,-0.385
1872851.000,38435,3,AZ,1,100,-0.387
1872891.000,38435,3,AZ,1,100,-0.391
1872931.000,38452,3,AZ,1,100,-0.391
1872971.000,38452,3,AZ,1,100,-0.384
1873011.000,38452,3,AZ,1,100,-0.385
1873051.000,38467,3,AZ,1,100,-0.390
1873091.000,38467,3,AZ,1,100,-0.388
1873131.000,38467,3,AZ,1,100,-0.387
1873171.000,38483,2,AZ,1,100,-0.385
1873211.000,38483,2,AZ,1,100,-0.390
1873251.000,38501,3,AZ,1,100,-0.389
1873291.000,38501,3,AZ,1,100,-0.385
1873331.000,38501,3,AZ,1,100,-0.385
1873371.000,38517,2,AZ,1,100,-0.387
1873411.000,38517,2,AZ,1,100,-0.386
1873451.000,38532,3,AZ,1,100,-0.386
1873491.000,38532,3,AZ,1,100,-0.385
1873531.000,38532,3,AZ,1,100,-0.388
1873571.000,38549,2,AZ,1,100,-0.387
1873611.000,38549,2,AZ,1,100,-0.386
1873651.000,38566,3,AZ,1,100,-0.388
1873691.000,38566,3,AZ,1,100,-0.388
1873731.000,38566,3,AZ,1,100,-0.386
1873771.000,38582,2,AZ,1,100,-0.386
1873811.000,38582,2,AZ,1,100,-0.387
1873851.000,38597,3,AZ,1,100,-0.386
1873891.000,38597,3,AZ,1,100,-0.384
1873931.000,38597,3,AZ,1,100,-0.386
1873971.000,38614,3,AZ,1,100,-0.385
1874011.000,38614,3,AZ,1,100,-0.388
1874051.000,38614,3,AZ,1,100,-0.388
1874091.000,38631,2,AZ,1,100,-0.389
1874131.000,38631,2,AZ,1,100,-0.385
1874171.000,38647,3,AZ,1,100,-0.385
1874211.000,38647,3,AZ,1,100,-0.387
1874251.000,38647,3,AZ,1,100,-0.387
1874291.000,38663,2,AZ,1,100,-0.384
1874331.000,38663,2,AZ,1,100,-0.386
1874371.000,38679,3,AZ,1,100,-0.387
1874411.000,38679,3,AZ,1,100,-0.387
1874451.000,38679,3,AZ,1,100,-0.387
1874491.000,38696,2,AZ,1,100,-0.384
1874531.000,38696,2,AZ,1,100,-0.385
1874571.000,38713,3,AZ,1,100,-0.388
1874611.000,38713,3,AZ,1,100,-0.386
1874651.000,38713,3,AZ,1,100,-0.388
1874691.000,38728,2,AZ,1,100,-0.386
1874731.000,38728,2,AZ,1,100,-0.382
1874771.000,38744,3,AZ,1,100,-0.386
1874811.000,38744,3,AZ,1,100,-0.390
1874851.000,38744,3,AZ,1,100,-0.386
1874891.000,38761,2,AZ,1,100,-0.386
1874931.000,38761,2,AZ,1,100,-0.385
1874971.000,38778,3,AZ,1,100,-0.390
1875011.000,38778,3,AZ,1,100,-0.389
1875051.000,38778,3,AZ,1,100,-0.379
1875091.000,38794,2,AZ,1,100,-0.384
1875131.000,38794,2,AZ,1,100,-0.389
1875171.000,38809,3,AZ,1,100,-0.384
1875211.000,38809,3,AZ,1,100,-0.383
1875251.000,38809,3,AZ,1,100,-0.387
1875291.000,38827,3,AZ,1,100,-0.388
1875331.000,38827,3,AZ,1,100,-0.389
1875371.000,38827,3,AZ,1,100,-0.383
1875411.000,38843,3,AZ,1,100,-0.382
1875451.000,38843,3,AZ,1,100,-0.388
1875491.000,38843,3,AZ,1,100,-0.386
1875531.000,38860,2,AZ,1,100,-0.385
1875571.000,38860,2,AZ,1,100,-0.385
1875611.000,38876,3,AZ,1,100,-0.386
1875651.000,38876,3,AZ,1,100,-0.386
1875691.000,38876,3,AZ,1,100,-0.385
1875731.000,38892,2,AZ,1,100,-0.387
1875771.000,38892,2,AZ,1,100,-0.387
1875811.000,38908,3,AZ,1,100,-0.387
1875851.000,38908,3,AZ,1,100,-0.384
1875891.000,38908,3,AZ,1,100,-0.384
1875931.000,38926,2,AZ,1,100,-0.388
1875971.000,38926,2,AZ,1,100,-0.387
1876011.000,38942,3,AZ,1,100,-0.387
1876051.000,38942,3,AZ,1,100,-0.382
1876091.000,38942,3,AZ,1,100,-0.386
1876131.000,38957,2,AZ,1,100,-0.389
1876171.000,38957,2,AZ,1,100,-0.386
1876211.000,38974,3,AZ,1,100,-0.382
1876251.000,38974,3,AZ,1,100,-0.388
1876291.000,38974,3,AZ,1,100,-0.389
1876331.000,38993,2,AZ,1,100,-0.387
1876371.000,38993,2,AZ,1,100,-0.384
1876411.000,39009,3,AZ,1,100,-0.384
1876451.000,39009,3,AZ,1,100,-0.389
1876491.000,39009,3,AZ,1,100,-0.387
1876531.000,39024,3,AZ,1,100,-0.382
1876571.000,39024,3,AZ,1,100,-0.385
1876611.000,39024,3,AZ,1,100,-0.387
1876651.000,39041,2,AZ,1,100,-0.386
1876691.000,39041,2,AZ,1,100,-0.386
1876731.000,39058,3,AZ,1,100,-0.386
1876771.000,39058,3,AZ,1,100,-0.386
1876811.000,39058,3,AZ,1,100,-0.386
1876851.000,39074,2,AZ,1,100,-0.383
1876891.000,39074,2,AZ,1,100,-0.388
1876931.000,39090,3,AZ,1,100,-0.386
1876971.000,39090,3,AZ,1,100,-0.387
1877011.000,39090,3,AZ,1,100,-0.385
1877051.000,39106,2,AZ,1,100,-0.386
1877091.000,39106,2,AZ,1,100,-0.387
1877131.000,39123,3,AZ,1,100,-0.386
1877171.000,39123,3,AZ,1,100,-0.383
1877211.000,39123,3,AZ,1,100,-0.386
1877250.667,39140,3,AZ,1,100,-0.388
1877290.333,39140,3,AZ,1,100,-0.387
1877330.000,39140,3,AZ,1,100,-0.387
1877370.000,39162,4,AZ,1,100,-0.385
1877410.000,39162,4,AZ,1,100,-0.389
1877450.000,39162,4,AZ,1,100,-0.386
1877490.000,39162,4,AZ,1,100,-0.386
1877530.000,39178,3,AZ,1,100,-0.388
1877570.000,39178,3,AZ,1,100,-0.387
1877610.000,39178,3,AZ,1,100,-0.388
1877650.000,39196,3,AZ,1,100,-0.387
1877690.000,39196,3,AZ,1,100,-0.385
1877730.000,39196,3,AZ,1,100,-0.387
1877770.500,39212,2,AZ,1,100,-0.386
1877811.000,39212,2,AZ,1,100,-0.389
1877851.000,39227,3,AZ,1,100,-0.386
1877891.000,39227,3,AZ,1,100,-0.392
1877931.000,39227,3,AZ,1,100,-0.384
1877971.000,39244,2,AZ,1,100,-0.383
1878011.000,39244,2,AZ,1,100,-0.391
1878051.000,39261,3,AZ,1,100,-0.389
1878091.000,39261,3,AZ,1,100,-0.383
1878131.000,39261,3,AZ,1,100,-0.382
1878170.500,39277,2,AZ,1,100,-0.386
1878210.000,39277,2,AZ,1,100,-0.390
1878250.000,39293,3,AZ,1,100,-0.385
1878290.000,39293,3,AZ,1,100,-0.384
1878330.000,39293,3,AZ,1,100,-0.388
1878370.000,39309,3,AZ,1,100,-0.389
1878410.000,39309,3,AZ,1,100,-0.383
1878450.000,39309,3,AZ,1,100,-0.384
1878490.000,39326,2,AZ,1,100,-0.387
1878530.000,39326,2,AZ,1,100,-0.389
1878570.000,39343,3,AZ,1,100,-0.387
1878610.000,39343,3,AZ,1,100,-0.384
1878650.000,39343,3,AZ,1,100,-0.386
1878690.000,39358,2,AZ,1,100,-0.389
1878730.000,39358,2,AZ,1,100,-0.387
1878770.000,39374,3,AZ,1,100,-0.386
1878810.000,39374,3,AZ,1,100,-0.386
1878850.000,39374,3,AZ,1,100,-0.388
1878890.000,39391,2,AZ,1,100,-0.387
1878930.000,39391,2,AZ,1,100,-0.385
1878970.000,39408,3,AZ,1,100,-0.387
1879010.000,39408,3,AZ,1,100,-0.391
1879050.000,39408,3,AZ,1,100,-0.383
1879090.000,39423,2,AZ,1,100,-0.385
1879130.000,39423,2,AZ,1,100,-0.387
1879170.000,39439,3,AZ,1,100,-0.387
1879210.000,39439,3,AZ,1,100,-0.387
1879250.000,39439,3,AZ,1,100,-0.383
1879290.000,39457,2,AZ,1,100,-0.388
1879330.000,39457,2,AZ,1,100,-0.387
1879370.000,39473,3,AZ,1,100,-0.383
1879410.000,39473,3,AZ,1,100,-0.383
1879450.000,39473,3,AZ,1,100,-0.386
1879490.000,39489,2,AZ,1,100,-0.388
1879530.000,39489,2,AZ,1,100,-0.388
1879570.000,39505,3,AZ,1,100,-0.387
1879610.000,39505,3,AZ,1,100,-0.389
1879650.000,39505,3,AZ,1,100,-0.387
1879690.000,39522,2,AZ,1,100,-0.381
1879730.000,39522,2,AZ,1,100,-0.383
1879770.000,39538,3,AZ,1,100,-0.386
1879810.000,39538,3,AZ,1,100,-0.384
1879850.000,39538,3,AZ,1,100,-0.389
1879890.000,39556,3,AZ,1,100,-0.385
1879930.000,39556,3,AZ,1,100,-0.386
1879970.000,39556,3,AZ,1,100,-0.388
1880010.000,39570,2,AZ,1,100,-0.384
1880050.000,39570,2,AZ,1,100,-0.385
1880090.000,39587,3,AZ,1,100,-0.389
1880130.000,39587,3,AZ,1,100,-0.388
1880170.000,39587,3,AZ,1,100,-0.387
1880210.000,39603,3,AZ,1,100,-0.385
1880250.000,39603,3,AZ,1,100,-0.380
1880290.000,39603,3,AZ,1,100,-0.387
1880330.000,39621,2,AZ,1,100,-0.385
1880370.000,39621,2,AZ,1,100,-0.386
1880410.000,39635,3,AZ,1,100,-0.384
1880450.000,39635,3,AZ,1,100,-0.384
1880490.000,39635,3,AZ,1,100,-0.389
1880530.000,39652,2,AZ,1,100,-0.385
1880570.000,39652,2,AZ,1,100,-0.383
1880610.000,39669,3,AZ,1,100,-0.388
1880650.000,39669,3,AZ,1,100,-0.387
1880690.000,39669,3,AZ,1,100,-0.385
1880730.000,39686,2,AZ,1,100,-0.386
1880770.000,39686,2,AZ,1,100,-0.383
1880810.000,39701,3,AZ,1,100,-0.385
1880850.000,39701,3,AZ,1,100,-0.385
1880890.000,39701,3,AZ,1,100,-0.386
1880930.000,39718,2,AZ,1,100,-0.385
1880970.000,39718,2,AZ,1,100,-0.387
1881010.000,39734,3,AZ,1,100,-0.386
1881050.000,39734,3,AZ,1,100,-0.385
1881090.000,39734,3,AZ,1,100,-0.386
1881130.000,39751,2,AZ,1,100,-0.386
1881170.000,39751,2,AZ,1,100,-0.386
1881210.000,39768,3,AZ,1,100,-0.383
1881250.000,39768,3,AZ,1,100,-0.386
1881290.000,39768,3,AZ,1,100,-0.390
1881330.500,39785,2,AZ,1,100,-0.383
1881371.000,39785,2,AZ,1,100,-0.384
1881410.667,39801,3,AZ,1,100,-0.387
1881450.333,39801,3,AZ,1,100,-0.382
1881490.000,39801,3,AZ,1,100,-0.378
1881530.333,39818,3,AZ,1,100,-0.384
1881570.667,39818,3,AZ,1,100,-0.383
1881611.000,39818,3,AZ,1,100,-0.388
1881651.000,39835,2,AZ,1,100,-0.384
1881691.000,39835,2,AZ,1,100,-0.381
1881731.000,39850,3,AZ,1,100,-0.391
1881771.000,39850,3,AZ,1,100,-0.385
1881811.000,39850,3,AZ,1,100,-0.381
1881851.000,39866,2,AZ,1,100,-0.388
1881891.000,39866,2,AZ,1,100,-0.386
1881931.000,39884,5,AZ,1,100,-0.385
1881971.000,39884,5,AZ,1,100,-0.386
1882011.000,39884,5,AZ,1,100,-0.385
1882051.000,39884,5,AZ,1,100,-0.387
1882091.000,39884,5,AZ,1,100,-0.387
1882131.000,39900,4,AZ,1,100,-0.383
1882171.000,39900,4,AZ,1,100,-0.385
1882211.000,39900,4,AZ,1,100,-0.388
1882251.000,39900,4,AZ,1,100,-0.389
1882291.000,39918,5,AZ,1,100,-0.386
1882331.000,39918,5,AZ,1,100,-0.385
1882371.000,39918,5,AZ,1,100,-0.387
1882411.000,39918,5,AZ,1,100,-0.387
1882451.000,39918,5,AZ,1,100,-0.386
1882491.000,39941,6,AZ,1,100,-0.385
1882531.000,39941,6,AZ,1,100,-0.387
1882571.000,39941,6,AZ,1,100,-0.387
1882611.000,39941,6,AZ,1,100,-0.387
1882651.000,39941,6,AZ,1,100,-0.386
1882691.000,39941,6,AZ,1,100,-0.388
1882731.000,39957,3,AZ,1,100,-0.388
1882771.000,39957,3,AZ,1,100,-0.387
1882811.000,39957,3,AZ,1,100,-0.385
1882851.000,39974,2,AZ,1,100,-0.386
1882891.000,39974,2,AZ,1,100,-0.389
1882931.000,39989,3,AZ,1,100,-0.386
1882971.000,39989,3,AZ,1,100,-0.385
1883011.000,39989,3,AZ,1,100,-0.390
1883051.000,40006,2,AZ,1,100,-0.379
1883091.000,40006,2,AZ,1,100,-0.385
1883131.000,40022,3,AZ,1,100,-0.389
1883171.000,40022,3,AZ,1,100,-0.383
1883211.000,40022,3,AZ,1,100,-0.385
1883251.000,40040,2,AZ,1,100,-0.383
1883291.000,40040,2,AZ,1,100,-0.389
1883331.000,40055,3,AZ,1,100,-0.388
1883371.000,40055,3,AZ,1,100,-0.382
1883411.000,40055,3,AZ,1,100,-0.389
1883451.000,40071,3,AZ,1,100,-0.386
1883491.000,40071,3,AZ,1,100,-0.386
1883531.000,40071,3,AZ,1,100,-0.388
1883571.000,40087,2,AZ,1,100,-0.385
1883611.000,40087,2,AZ,1,100,-0.388
1883651.000,40105,3,AZ,1,100,-0.388
1883691.000,40105,3,AZ,1,100,-0.385
1883731.000,40105,3,AZ,1,100,-0.387
1883771.000,40121,2,AZ,1,100,-0.388
1883811.000,40121,2,AZ,1,100,-0.388
1883851.000,40136,3,AZ,1,100,-0.388
1883891.000,40136,3,AZ,1,100,-0.385
1883931.000,40136,3,AZ,1,100,-0.386
1883971.000,40153,2,AZ,1,100,-0.389
1884011.000,40153,2,AZ,1,100,-0.387
1884051.000,40170,3,AZ,1,100,-0.382
1884091.000,40170,3,AZ,1,100,-0.385
1884131.000,40170,3,AZ,1,100,-0.389
1884171.000,40186,2,AZ,1,100,-0.385
1884211.000,40186,2,AZ,1,100,-0.385
1884251.000,40202,3,AZ,1,100,-0.388
1884291.000,40202,3,AZ,1,100,-0.385
1884331.000,40202,3,AZ,1,100,-0.386
1884371.000,40218,2,AZ,1,100,-0.385
1884411.000,40218,2,AZ,1,100,-0.385
1884450.667,40235,3,AZ,1,100,-0.386
1884490.333,40235,3,AZ,1,100,-0.388
1884530.000,40235,3,AZ,1,100,-0.384
1884570.500,40252,2,AZ,1,100,-0.385
1884611.000,40252,2,AZ,1,100,-0.385
1884650.667,40267,3,AZ,1,100,-0.386
1884690.333,40267,3,AZ,1,100,-0.389
1884730.000,40267,3,AZ,1,100,-0.383
1884770.000,40283,3,AZ,1,100,-0.386
1884810.000,40283,3,AZ,1,100,-0.386
1884850.000,40283,3,AZ,1,100,-0.386
1884890.000,40300,2,AZ,1,100,-0.385
1884930.000,40300,2,AZ,1,100,-0.388
1884970.000,40317,3,AZ,1,100,-0.386
1885010.000,40317,3,AZ,1,100,-0.384
1885050.000,40317,3,AZ,1,100,-0.389
1885090.000,40332,2,AZ,1,100,-0.386
1885130.000,40332,2,AZ,1,100,-0.387
1885170.000,40348,3,AZ,1,100,-0.385
1885210.000,40348,3,AZ,1,100,-0.385
1885250.000,40348,3,AZ,1,100,-0.389
1885290.000,40366,2,AZ,1,100,-0.386
1885330.000,40366,2,AZ,1,100,-0.383
1885370.000,40382,3,AZ,1,100,-0.385
1885410.000,40382,3,AZ,1,100,-0.387
1885450.000,40382,3,AZ,1,100,-0.387
1885490.000,40398,2,AZ,1,100,-0.385
1885530.000,40398,2,AZ,1,100,-0.385
1885570.000,40414,3,AZ,1,100,-0.388
1885610.000,40414,3,AZ,1,100,-0.388
1885650.000,40414,3,AZ,1,100,-0.386
1885690.000,40431,2,AZ,1,100,-0.385
1885730.000,40431,2,AZ,1,100,-0.387
1885770.000,40447,3,AZ,1,100,-0.388
1885810.000,40447,3,AZ,1,100,-0.389
1885850.000,40447,3,AZ,1,100,-0.382
1885890.000,40463,2,AZ,1,100,-0.385
1885930.000,40463,2,AZ,1,100,-0.391
1885970.000,40479,3,AZ,1,100,-0.383
1886010.000,40479,3,AZ,1,100,-0.387
1886050.000,40479,3,AZ,1,100,-0.384
1886090.000,40496,3,AZ,1,100,-0.389
1886130.000,40496,3,AZ,1,100,-0.387
1886170.000,40496,3,AZ,1,100,-0.384
1886210.000,40512,2,AZ,1,100,-0.381
1886250.000,40512,2,AZ,1,100,-0.385
1886290.000,40532,3,AZ,1,100,-0.390
1886330.000,40532,3,AZ,1,100,-0.388
1886370.000,40532,3,AZ,1,100,-0.386
1886410.000,40546,2,AZ,1,100,-0.378
1886450.000,40546,2,AZ,1,100,-0.388
1886490.000,40563,3,AZ,1,100,-0.386
1886530.000,40563,3,AZ,1,100,-0.403
1886570.000,40563,3,AZ,1,100,-0.381
1886610.000,40580,2,AZ,1,100,-0.370
1886650.000,40580,2,AZ,1,100,-0.403
1886690.000,40597,3,AZ,1,100,-0.390
1886730.000,40597,3,AZ,1,100,-0.379
1886770.000,40597,3,AZ,1,100,-0.380
1886810.000,40611,2,AZ,1,100,-0.386
1886850.000,40611,2,AZ,1,100,-0.387
1886890.000,40629,3,AZ,1,100,-0.394
1886930.000,40629,3,AZ,1,100,-0.382
1886970.000,40629,3,AZ,1,100,-0.374
1887010.000,40645,2,AZ,1,100,-0.392
1887050.000,40645,2,AZ,1,100,-0.394
1887090.000,40662,3,AZ,1,100,-0.381
1887130.000,40662,3,AZ,1,100,-0.375
1887170.000,40662,3,AZ,1,100,-0.389
1887210.000,40676,2,AZ,1,100,-0.392
1887250.000,40676,2,AZ,1,100,-0.390
1887290.000,40694,3,AZ,1,100,-0.375
1887330.000,40694,3,AZ,1,100,-0.384
1887370.000,40694,3,AZ,1,100,-0.396
1887410.000,40710,3,AZ,1,100,-0.385
1887450.000,40710,3,AZ,1,100,-0.376
1887490.000,40710,3,AZ,1,100,-0.385
1887530.000,40727,2,AZ,1,100,-0.395
1887570.000,40727,2,AZ,1,100,-0.387
1887610.000,40742,3,AZ,1,100,-0.378
1887650.000,40742,3,AZ,1,100,-0.381
1887690.000,40742,3,AZ,1,100,-0.394
1887730.000,40763,3,AZ,1,100,-0.388
1887770.000,40763,3,AZ,1,100,-0.381
1887810.000,40763,3,AZ,1,100,-0.384
1887850.000,40777,3,AZ,1,100,-0.390
1887890.000,40777,3,AZ,1,100,-0.388
1887930.000,40777,3,AZ,1,100,-0.384
1887970.000,40795,2,AZ,1,100,-0.382
1888010.000,40795,2,AZ,1,100,-0.386
1888050.000,40811,3,AZ,1,100,-0.388
1888090.000,40811,3,AZ,1,100,-0.383
1888130.000,40811,3,AZ,1,100,-0.383
1888170.000,40828,3,AZ,1,100,-0.386
1888210.000,40828,3,AZ,1,100,-0.387
1888250.000,40828,3,AZ,1,100,-0.385
1888290.000,40843,2,AZ,1,100,-0.384
1888330.000,40843,2,AZ,1,100,-0.389
1888370.000,40860,3,AZ,1,100,-0.389
1888410.000,40860,3,AZ,1,100,-0.383
1888450.000,40860,3,AZ,1,100,-0.380
1888490.000,40876,2,AZ,1,100,-0.387
1888530.000,40876,2,AZ,1,100,-0.390
1888570.000,40894,3,AZ,1,100,-0.386
1888610.000,40894,3,AZ,1,100,-0.380
1888650.000,40894,3,AZ,1,100,-0.385
1888696.500,40908,2,AZ,1,100,-0.387
1888743.000,40908,2,AZ,1,100,-0.385
1888778.667,40925,3,AZ,1,100,-0.384
1888814.333,40925,3,AZ,1,100,-0.382
1888850.000,40925,3,AZ,1,100,-0.388
1888896.500,40941,2,AZ,1,100,-0.385
1888943.000,40941,2,AZ,1,100,-0.384
1888983.000,40959,3,AZ,1,100,-0.385
1889023.000,40959,3,AZ,1,100,-0.387
1889063.000,40959,3,AZ,1,100,-0.384
1889103.000,40974,2,AZ,1,100,-0.385
1889143.000,40974,2,AZ,1,100,-0.384
1889183.000,40990,3,AZ,1,100,-0.387
1889223.000,40990,3,AZ,1,100,-0.386
1889263.000,40990,3,AZ,1,100,-0.386
1889303.000,41007,2,AZ,1,100,-0.384
1889343.000,41007,2,AZ,1,100,-0.387
1889383.000,41024,3,AZ,1,100,-0.385
1889423.000,41024,3,AZ,1,100,-0.384
1889463.000,41024,3,AZ,1,100,-0.391
1889503.000,41039,2,AZ,1,100,-0.385
1889543.000,41039,2,AZ,1,100,-0.385
1889583.000,41056,3,AZ,1,100,-0.389
1889623.000,41056,3,AZ,1,100,-0.383
1889663.000,41056,3,AZ,1,100,-0.385
1889703.000,41072,2,AZ,1,100,-0.388
1889743.000,41072,2,AZ,1,100,-0.382
1889783.000,41089,3,AZ,1,100,-0.385
1889823.000,41089,3,AZ,1,100,-0.385
1889863.000,41089,3,AZ,1,100,-0.383
1889903.000,41106,2,AZ,1,100,-0.387
1889943.000,41106,2,AZ,1,100,-0.383
1889983.000,41121,3,AZ,1,100,-0.384
1890023.000,41121,3,AZ,1,100,-0.388
1890063.000,41121,3,AZ,1,100,-0.384
1890103.000,41137,2,AZ,1,100,-0.387
1890143.000,41137,2,AZ,1,100,-0.382
1890183.000,41154,3,AZ,1,100,-0.386
1890223.000,41154,3,AZ,1,100,-0.389
1890263.000,41154,3,AZ,1,100,-0.386
1890302.500,41171,2,AZ,1,100,-0.382
1890342.000,41171,2,AZ,1,100,-0.387
1890382.333,41186,3,AZ,1,100,-0.387
1890422.667,41186,3,AZ,1,100,-0.385
1890463.000,41186,3,AZ,1,100,-0.385
1890503.000,41202,3,AZ,1,100,-0.385
1890543.000,41202,3,AZ,1,100,-0.388
1890583.000,41202,3,AZ,1,100,-0.388
1890623.000,41220,2,AZ,1,100,-0.384
1890663.000,41220,2,AZ,1,100,-0.383
1890703.000,41236,3,AZ,1,100,-0.390
1890743.000,41236,3,AZ,1,100,-0.386
1890783.000,41236,3,AZ,1,100,-0.384
1890823.000,41251,2,AZ,1,100,-0.385
1890863.000,41251,2,AZ,1,100,-0.384
1890902.667,41268,3,AZ,1,100,-0.386
1890942.333,41268,3,AZ,1,100,-0.385
1890982.000,41268,3,AZ,1,100,-0.386
1891022.000,41285,2,AZ,1,100,-0.388
1891062.000,41285,2,AZ,1,100,-0.387
1891102.000,41301,3,AZ,1,100,-0.384
1891142.000,41301,3,AZ,1,100,-0.387
1891182.000,41301,3,AZ,1,100,-0.386
1891222.500,41316,2,AZ,1,100,-0.385
1891263.000,41316,2,AZ,1,100,-0.384
1891303.000,41335,3,AZ,1,100,-0.385
1891343.000,41335,3,AZ,1,100,-0.386
1891383.000,41335,3,AZ,1,100,-0.386
1891423.000,41352,2,AZ,1,100,-0.385
1891463.000,41352,2,AZ,1,100,-0.383
1891502.667,41368,3,AZ,1,100,-0.387
1891542.333,41368,3,AZ,1,100,-0.389
1891582.000,41368,3,AZ,1,100,-0.389
1891622.000,41385,2,AZ,1,100,-0.384
1891662.000,41385,2,AZ,1,100,-0.383
1891702.000,41400,3,AZ,1,100,-0.389
1891742.000,41400,3,AZ,1,100,-0.384
1891782.000,41400,3,AZ,1,100,-0.384
1891822.000,41417,3,AZ,1,100,-0.386
1891862.000,41417,3,AZ,1,100,-0.385
1891902.000,41417,3,AZ,1,100,-0.386
1891942.500,41434,2,AZ,1,100,-0.386
1891983.000,41434,2,AZ,1,100,-0.388
1892022.667,41451,3,AZ,1,100,-0.385
1892062.333,41451,3,AZ,1,100,-0.383
1892102.000,41451,3,AZ,1,100,-0.388
1892142.000,41465,2,AZ,1,100,-0.388
1892182.000,41465,2,AZ,1,100,-0.385
1892222.000,41483,3,AZ,1,100,-0.381
1892262.000,41483,3,AZ,1,100,-0.386
1892302.000,41483,3,AZ,1,100,-0.391
1892342.000,41499,2,AZ,1,100,-0.387
1892382.000,41499,2,AZ,1,100,-0.383
1892422.000,41516,3,AZ,1,100,-0.383
1892462.000,41516,3,AZ,1,100,-0.391
1892502.000,41516,3,AZ,1,100,-0.385
1892542.000,41530,2,AZ,1,100,-0.383
1892582.000,41530,2,AZ,1,100,-0.385
1892622.000,41548,3,AZ,1,100,-0.389
1892662.000,41548,3,AZ,1,100,-0.390
1892702.000,41548,3,AZ,1,100,-0.382
1892742.000,41564,2,AZ,1,100,-0.384
1892782.000,41564,2,AZ,1,100,-0.393
1892822.000,41587,4,AZ,1,100,-0.388
1892862.000,41587,4,AZ,1,100,-0.381
1892902.000,41587,4,AZ,1,100,-0.383
1892942.000,41587,4,AZ,1,100,-0.390
1892982.000,41604,3,AZ,1,100,-0.388
1893022.000,41604,3,AZ,1,100,-0.385
1893062.000,41604,3,AZ,1,100,-0.382
1893102.000,41620,2,AZ,1,100,-0.387
1893142.000,41620,2,AZ,1,100,-0.387
1893182.000,41635,3,AZ,1,100,-0.383
1893222.000,41635,3,AZ,1,100,-0.383
1893262.000,41635,3,AZ,1,100,-0.388
1893302.000,41653,2,AZ,1,100,-0.388
1893342.000,41653,2,AZ,1,100,-0.385
1893382.000,41669,3,AZ,1,100,-0.382
1893422.000,41669,3,AZ,1,100,-0.388
1893462.000,41669,3,AZ,1,100,-0.388
1893502.000,41685,2,AZ,1,100,-0.384
1893542.000,41685,2,AZ,1,100,-0.384
1893582.000,41701,3,AZ,1,100,-0.386
1893622.000,41701,3,AZ,1,100,-0.385
1893662.000,41701,3,AZ,1,100,-0.386
1893702.000,41718,2,AZ,1,100,-0.384
1893742.000,41718,2,AZ,1,100,-0.385
1893782.000,41734,3,AZ,1,100,-0.388
1893822.000,41734,3,AZ,1,100,-0.386
1893862.000,41734,3,AZ,1,100,-0.384
1893902.000,41752,2,AZ,1,100,-0.388
1893942.000,41752,2,AZ,1,100,-0.386
1893982.000,41766,3,AZ,1,100,-0.384
1894022.000,41766,3,AZ,1,100,-0.387
1894062.000,41766,3,AZ,1,100,-0.389
1894102.000,41783,2,AZ,1,100,-0.388
1894142.000,41783,2,AZ,1,100,-0.386
1894182.000,41799,3,AZ,1,100,-0.384
1894222.000,41799,3,AZ,1,100,-0.387
1894262.000,41799,3,AZ,1,100,-0.385
1894302.000,41817,2,AZ,1,100,-0.383
1894342.000,41817,2,AZ,1,100,-0.385
1894382.000,41831,3,AZ,1,100,-0.386
1894422.000,41831,3,AZ,1,100,-0.389
1894462.000,41831,3,AZ,1,100,-0.385
1894502.000,41848,3,AZ,1,100,-0.383
1894542.000,41848,3,AZ,1,100,-0.385
1894582.000,41848,3,AZ,1,100,-0.387
1894622.000,41865,2,AZ,1,100,-0.386
1894662.000,41865,2,AZ,1,100,-0.383
1894702.000,41882,3,AZ,1,100,-0.386
1894742.000,41882,3,AZ,1,100,-0.391
1894782.000,41882,3,AZ,1,100,-0.383
1894822.000,41896,2,AZ,1,100,-0.382
1894862.000,41896,2,AZ,1,100,-0.389
1894902.000,41914,3,AZ,1,100,-0.386
1894942.000,41914,3,AZ,1,100,-0.384
1894982.000,41914,3,AZ,1,100,-0.383
1895022.000,41930,2,AZ,1,100,-0.387
1895062.000,41930,2,AZ,1,100,-0.389
1895102.000,41947,3,AZ,1,100,-0.385
1895142.000,41947,3,AZ,1,100,-0.381
1895182.000,41947,3,AZ,1,100,-0.387
1895222.000,41961,2,AZ,1,100,-0.390
1895262.000,41961,2,AZ,1,100,-0.386
1895302.000,41979,3,AZ,1,100,-0.383
1895342.000,41979,3,AZ,1,100,-0.383
1895382.000,41979,3,AZ,1,100,-0.387
1895422.000,41995,2,AZ,1,100,-0.387
1895462.000,41995,2,AZ,1,100,-0.382
1895502.000,42012,3,AZ,1,100,-0.385
1895542.000,42012,3,AZ,1,100,-0.388
1895582.000,42012,3,AZ,1,100,-0.388
1895622.000,42028,2,AZ,1,100,-0.385
1895662.000,42028,2,AZ,1,100,-0.382
1895702.000,42044,3,AZ,1,100,-0.387
1895742.000,42044,3,AZ,1,100,-0.387
1895782.000,42044,3,AZ,1,100,-0.382
1895822.000,42060,2,AZ,1,100,-0.384
1895862.000,42060,2,AZ,1,100,-0.386
1895902.000,42078,3,AZ,1,100,-0.387
1895942.000,42078,3,AZ,1,100,-0.386
1895982.000,42078,3,AZ,1,100,-0.384
1896022.000,42094,3,AZ,1,100,-0.383
1896062.000,42094,3,AZ,1,100,-0.389
1896102.000,42094,3,AZ,1,100,-0.385
1896142.000,42109,2,AZ,1,100,-0.384
1896182.000,42109,2,AZ,1,100,-0.386
1896222.000,42126,3,AZ,1,100,-0.389
1896262.000,42126,3,AZ,1,100,-0.385
1896302.000,42126,3,AZ,1,100,-0.387
1896342.000,42145,2,AZ,1,100,-0.385
1896382.000,42145,2,AZ,1,100,-0.386
1896422.000,42161,3,AZ,1,100,-0.386
1896462.000,42161,3,AZ,1,100,-0.384
1896502.000,42161,3,AZ,1,100,-0.386
1896542.000,42176,2,AZ,1,100,-0.389
1896582.000,42176,2,AZ,1,100,-0.385
1896622.000,42193,3,AZ,1,100,-0.384
1896662.000,42193,3,AZ,1,100,-0.386
1896702.000,42193,3,AZ,1,100,-0.386
1896742.000,42210,2,AZ,1,100,-0.388
1896782.000,42210,2,AZ,1,100,-0.385
1896822.000,42226,3,AZ,1,100,-0.382
1896862.000,42226,3,AZ,1,100,-0.385
1896902.000,42226,3,AZ,1,100,-0.386
1896942.000,42242,2,AZ,1,100,-0.386
1896982.000,42242,2,AZ,1,100,-0.385
1897022.000,42258,3,AZ,1,100,-0.386
1897062.000,42258,3,AZ,1,100,-0.383
1897102.000,42258,3,AZ,1,100,-0.385
1897142.000,42275,2,AZ,1,100,-0.384
1897182.000,42275,2,AZ,1,100,-0.386
1897222.000,42292,3,AZ,1,100,-0.388
1897262.000,42292,3,AZ,1,100,-0.385
1897302.000,42292,3,AZ,1,100,-0.385
1897342.000,42307,2,AZ,1,100,-0.385
1897382.000,42307,2,AZ,1,100,-0.384
1897422.000,42323,3,AZ,1,100,-0.388
1897462.000,42323,3,AZ,1,100,-0.388
1897502.000,42323,3,AZ,1,100,-0.387
1897542.000,42340,3,AZ,1,100,-0.382
1897582.000,42340,3,AZ,1,100,-0.385
1897622.000,42340,3,AZ,1,100,-0.387
1897662.000,42357,2,AZ,1,100,-0.388
1897702.000,42357,2,AZ,1,100,-0.383
1897742.000,42373,3,AZ,1,100,-0.384
1897782.000,42373,3,AZ,1,100,-0.388
1897822.000,42373,3,AZ,1,100,-0.385
1897862.000,42388,2,AZ,1,100,-0.383
1897902.000,42388,2,AZ,1,100,-0.386
1897942.000,42411,4,AZ,1,100,-0.388
1897982.000,42411,4,AZ,1,100,-0.384
1898022.000,42411,4,AZ,1,100,-0.384
1898062.000,42411,4,AZ,1,100,-0.386
1898102.000,42427,2,AZ,1,100,-0.387
1898142.000,42427,2,AZ,1,100,-0.384
1898182.000,42444,3,AZ,1,100,-0.385
1898222.000,42444,3,AZ,1,100,-0.385
1898262.000,42444,3,AZ,1,100,-0.387
1898302.000,42461,2,AZ,1,100,-0.387
1898342.000,42461,2,AZ,1,100,-0.383
1898382.000,42476,3,AZ,1,100,-0.388
1898422.000,42476,3,AZ,1,100,-0.388
1898462.000,42476,3,AZ,1,100,-0.386
1898502.000,42492,3,AZ,1,100,-0.384
1898542.000,42492,3,AZ,1,100,-0.384
1898582.000,42492,3,AZ,1,100,-0.386
1898622.000,42510,2,AZ,1,100,-0.388
1898662.000,42510,2,AZ,1,100,-0.385
1898702.000,42526,3,AZ,1,100,-0.383
1898742.000,42526,3,AZ,1,100,-0.386
1898782.000,42526,3,AZ,1,100,-0.387
1898822.000,42541,2,AZ,1,100,-0.385
1898862.000,42541,2,AZ,1,100,-0.384
1898902.000,42558,3,AZ,1,100,-0.388
1898942.000,42558,3,AZ,1,100,-0.390
1898982.000,42558,3,AZ,1,100,-0.387
1899022.000,42575,2,AZ,1,100,-0.384
1899062.000,42575,2,AZ,1,100,-0.386
1899102.000,42591,3,AZ,1,100,-0.389
1899142.000,42591,3,AZ,1,100,-0.387
1899182.000,42591,3,AZ,1,100,-0.384
1899222.000,42606,2,AZ,1,100,-0.385
1899262.000,42606,2,AZ,1,100,-0.384
1899302.000,42623,3,AZ,1,100,-0.385
1899342.000,42623,3,AZ,1,100,-0.385
1899382.000,42623,3,AZ,1,100,-0.387
1899422.000,42640,2,AZ,1,100,-0.389
1899462.000,42640,2,AZ,1,100,-0.385
1899502.000,42656,3,AZ,1,100,-0.385
1899542.000,42656,3,AZ,1,100,-0.387
1899582.000,42656,3,AZ,1,100,-0.385
1899622.000,42673,2,AZ,1,100,-0.385
1899662.000,42673,2,AZ,1,100,-0.384
1899702.000,42688,3,AZ,1,100,-0.386
1899742.000,42688,3,AZ,1,100,-0.386
1899782.000,42688,3,AZ,1,100,-0.386
1899822.000,42705,2,AZ,1,100,-0.387
1899862.000,42705,2,AZ,1,100,-0.385
1899902.000,42722,3,AZ,1,100,-0.387
1899942.000,42722,3,AZ,1,100,-0.385
1899982.000,42722,3,AZ,1,100,-0.382
1900022.000,42738,2,AZ,1,100,-0.385
1900062.000,42738,2,AZ,1,100,-0.385
1900102.000,42753,3,AZ,1,100,-0.391
1900142.000,42753,3,AZ,1,100,-0.385
1900182.000,42753,3,AZ,1,100,-0.382
1900222.000,42771,3,AZ,1,100,-0.387
1900262.000,42771,3,AZ,1,100,-0.391
1900302.000,42771,3,AZ,1,100,-0.383
1900342.000,42787,2,AZ,1,100,-0.379
1900382.000,42787,2,AZ,1,100,-0.386
1900422.000,42804,3,AZ,1,100,-0.389
1900462.000,42804,3,AZ,1,100,-0.385
1900502.000,42804,3,AZ,1,100,-0.385
1900542.000,42818,2,AZ,1,100,-0.385
1900582.000,42818,2,AZ,1,100,-0.388
1900622.000,42836,3,AZ,1,100,-0.386
1900662.000,42836,3,AZ,1,100,-0.383
1900702.000,42836,3,AZ,1,100,-0.387
1900741.500,42852,2,AZ,1,100,-0.389
1900781.000,42852,2,AZ,1,100,-0.386
1900821.333,42869,3,AZ,1,100,-0.383
1900861.667,42869,3,AZ,1,100,-0.387
1900902.000,42869,3,AZ,1,100,-0.388
1900942.000,42884,2,AZ,1,100,-0.388
1900982.000,42884,2,AZ,1,100,-0.383
1901022.000,42901,3,AZ,1,100,-0.386
1901062.000,42901,3,AZ,1,100,-0.389
1901102.000,42901,3,AZ,1,100,-0.389
1901141.500,42917,2,AZ,1,100,-0.383
1901181.000,42917,2,AZ,1,100,-0.383
1901221.333,42935,3,AZ,1,100,-0.387
1901261.667,42935,3,AZ,1,100,-0.389
1901302.000,42935,3,AZ,1,100,-0.385
1901342.000,42951,2,AZ,1,100,-0.382
1901382.000,42951,2,AZ,1,100,-0.385
1901422.000,42968,3,AZ,1,100,-0.388
1901462.000,42968,3,AZ,1,100,-0.384
1901502.000,42968,3,AZ,1,100,-0.386
1901542.000,42984,3,AZ,1,100,-0.383
1901582.000,42984,3,AZ,1,100,-0.386
1901622.000,42984,3,AZ,1,100,-0.389
1901662.000,43002,2,AZ,1,100,-0.385
1901702.000,43002,2,AZ,1,100,-0.387
1901741.667,43016,3,AZ,1,100,-0.386
1901781.333,43016,3,AZ,1,100,-0.386
1901821.000,43016,3,AZ,1,100,-0.386
1901861.000,43033,2,AZ,1,100,-0.385
1901901.000,43033,2,AZ,1,100,-0.389
1901941.000,43050,3,AZ,1,100,-0.386
1901981.000,43050,3,AZ,1,100,-0.386
1902021.000,43050,3,AZ,1,100,-0.387
1902061.500,43067,2,AZ,1,100,-0.387
1902102.000,43067,2,AZ,1,100,-0.386
1902141.800,43085,5,AZ,1,100,-0.384
1902181.600,43085,5,AZ,1,100,-0.389
1902221.400,43085,5,AZ,1,100,-0.389
1902261.200,43085,5,AZ,1,100,-0.387
1902301.000,43085,5,AZ,1,100,-0.385
1902341.000,43101,2,AZ,1,100,-0.385
1902381.000,43101,2,AZ,1,100,-0.387
1902421.000,43118,3,AZ,1,100,-0.386
1902461.000,43118,3,AZ,1,100,-0.384
1902501.000,43118,3,AZ,1,100,-0.385
1902541.000,43132,2,AZ,1,100,-0.388
1902581.000,43132,2,AZ,1,100,-0.385
1902621.000,43150,3,AZ,1,100,-0.384
1902661.000,43150,3,AZ,1,100,-0.384
1902701.000,43150,3,AZ,1,100,-0.390
1902741.000,43166,3,AZ,1,100,-0.387
1902781.000,43166,3,AZ,1,100,-0.383
1902821.000,43166,3,AZ,1,100,-0.385
1902861.000,43183,2,AZ,1,100,-0.385
1902901.000,43183,2,AZ,1,100,-0.385
1902941.000,43198,3,AZ,1,100,-0.387
1902981.000,43198,3,AZ,1,100,-0.386
1903021.000,43198,3,AZ,1,100,-0.388
1903061.000,43220,4,AZ,1,100,-0.386
1903101.000,43220,4,AZ,1,100,-0.383
1903141.000,43220,4,AZ,1,100,-0.385
1903181.000,43220,4,AZ,1,100,-0.388
1903221.000,43234,2,AZ,1,100,-0.386
1903261.000,43234,2,AZ,1,100,-0.385
1903301.000,43252,3,AZ,1,100,-0.385
1903341.000,43252,3,AZ,1,100,-0.388
1903381.000,43252,3,AZ,1,100,-0.387
1903421.000,43268,2,AZ,1,100,-0.386
1903461.000,43268,2,AZ,1,100,-0.383
1903501.000,43285,3,AZ,1,100,-0.386
1903541.000,43285,3,AZ,1,100,-0.387
1903581.000,43285,3,AZ,1,100,-0.386
1903621.000,43300,2,AZ,1,100,-0.383
1903661.000,43300,2,AZ,1,100,-0.384
1903701.000,43317,3,AZ,1,100,-0.386
1903741.000,43317,3,AZ,1,100,-0.386
1903781.000,43317,3,AZ,1,100,-0.389
1903821.000,43333,2,AZ,1,100,-0.385
1903861.000,43333,2,AZ,1,100,-0.386
1903901.000,43351,3,AZ,1,100,-0.385
1903941.000,43351,3,AZ,1,100,-0.386
1903981.000,43351,3,AZ,1,100,-0.385
1904021.000,43366,2,AZ,1,100,-0.385
1904061.000,43366,2,AZ,1,100,-0.387
1904101.000,43382,3,AZ,1,100,-0.388
1904141.000,43382,3,AZ,1,100,-0.388
1904181.000,43382,3,AZ,1,100,-0.386
1904221.000,43398,2,AZ,1,100,-0.386
1904261.000,43398,2,AZ,1,100,-0.385
1904301.000,43416,3,AZ,1,100,-0.385
1904341.000,43416,3,AZ,1,100,-0.387
1904381.000,43416,3,AZ,1,100,-0.387
1904421.000,43432,3,AZ,1,100,-0.382
1904461.000,43432,3,AZ,1,100,-0.383
1904501.000,43432,3,AZ,1,100,-0.389
1904541.000,43450,3,AZ,1,100,-0.388
1904581.000,43450,3,AZ,1,100,-0.385
1904621.000,43450,3,AZ,1,100,-0.385
1904661.000,43464,2,AZ,1,100,-0.391
1904701.000,43464,2,AZ,1,100,-0.390
1904741.000,43481,3,AZ,1,100,-0.381
1904781.000,43481,3,AZ,1,100,-0.382
1904821.000,43481,3,AZ,1,100,-0.389
1904861.000,43497,2,AZ,1,100,-0.389
1904901.000,43497,2,AZ,1,100,-0.387
1904941.000,43515,3,AZ,1,100,-0.384
1904981.000,43515,3,AZ,1,100,-0.390
1905021.000,43515,3,AZ,1,100,-0.390
1905061.000,43529,3,AZ,1,100,-0.389
1905101.000,43529,3,AZ,1,100,-0.387
1905141.000,43529,3,AZ,1,100,-0.385
1905181.000,43546,2,AZ,1,100,-0.387
1905221.000,43546,2,AZ,1,100,-0.388
1905261.000,43563,3,AZ,1,100,-0.386
1905301.000,43563,3,AZ,1,100,-0.385
1905341.000,43563,3,AZ,1,100,-0.384
1905381.000,43580,2,AZ,1,100,-0.388
1905421.000,43580,2,AZ,1,100,-0.389
1905461.000,43594,3,AZ,1,100,-0.385
1905501.000,43594,3,AZ,1,100,-0.384
1905541.000,43594,3,AZ,1,100,-0.387
1905581.000,43612,2,AZ,1,100,-0.387
1905621.000,43612,2,AZ,1,100,-0.382
1905661.000,43628,3,AZ,1,100,-0.387
1905701.000,43628,3,AZ,1,100,-0.390
1905741.000,43628,3,AZ,1,100,-0.389
1905781.000,43645,2,AZ,1,100,-0.382
1905821.000,43645,2,AZ,1,100,-0.383
1905861.000,43659,3,AZ,1,100,-0.389
1905901.000,43659,3,AZ,1,100,-0.391
1905941.000,43659,3,AZ,1,100,-0.382
1905981.000,43677,2,AZ,1,100,-0.383
1906021.000,43677,2,AZ,1,100,-0.390
1906061.000,43693,3,AZ,1,100,-0.391
1906101.000,43693,3,AZ,1,100,-0.384
1906141.000,43693,3,AZ,1,100,-0.383
1906181.000,43710,2,AZ,1,100,-0.386
1906221.000,43710,2,AZ,1,100,-0.390
1906261.000,43725,3,AZ,1,100,-0.386
1906301.000,43725,3,AZ,1,100,-0.385
1906341.000,43725,3,AZ,1,100,-0.382
1906381.000,43744,3,AZ,1,100,-0.389
1906421.000,43744,3,AZ,1,100,-0.389
1906461.000,43744,3,AZ,1,100,-0.382
1906501.000,43760,2,AZ,1,100,-0.383
1906541.000,43760,2,AZ,1,100,-0.391
1906581.000,43778,3,AZ,1,100,-0.387
1906621.000,43778,3,AZ,1,100,-0.382
1906661.000,43778,3,AZ,1,100,-0.382
1906701.000,43793,2,AZ,1,100,-0.389
1906741.000,43793,2,AZ,1,100,-0.388
1906781.000,43809,3,AZ,1,100,-0.384
1906821.000,43809,3,AZ,1,100,-0.382
1906861.000,43809,3,AZ,1,100,-0.388
1906901.000,43826,3,AZ,1,100,-0.386
1906941.000,43826,3,AZ,1,100,-0.384
1906981.000,43826,3,AZ,1,100,-0.386
1907021.000,43843,2,AZ,1,100,-0.390
1907061.000,43843,2,AZ,1,100,-0.386
1907101.000,43859,3,AZ,1,100,-0.379
1907141.000,43859,3,AZ,1,100,-0.382
1907181.000,43859,3,AZ,1,100,-0.387
1907221.000,43875,2,AZ,1,100,-0.389
1907261.000,43875,2,AZ,1,100,-0.380
1907301.000,43891,3,AZ,1,100,-0.382
1907341.000,43891,3,AZ,1,100,-0.391
1907381.000,43891,3,AZ,1,100,-0.387
1907421.000,43908,2,AZ,1,100,-0.379
1907461.000,43908,2,AZ,1,100,-0.385
1907501.000,43924,3,AZ,1,100,-0.386
1907541.000,43924,3,AZ,1,100,-0.389
1907581.000,43924,3,AZ,1,100,-0.385
1907621.000,43941,2,AZ,1,100,-0.381
1907661.000,43941,2,AZ,1,100,-0.387
1907701.000,43956,3,AZ,1,100,-0.390
1907741.000,43956,3,AZ,1,100,-0.383
1907781.000,43956,3,AZ,1,100,-0.385
1907821.000,43973,3,AZ,1,100,-0.391
1907861.000,43973,3,AZ,1,100,-0.383
1907901.000,43973,3,AZ,1,100,-0.383
1907941.000,43990,2,AZ,1,100,-0.386
1907981.000,43990,2,AZ,1,100,-0.385
1908021.000,44007,3,AZ,1,100,-0.388
1908061.000,44007,3,AZ,1,100,-0.385
1908101.000,44007,3,AZ,1,100,-0.384
1908141.000,44028,4,AZ,1,100,-0.386
1908181.000,44028,4,AZ,1,100,-0.386
1908221.000,44028,4,AZ,1,100,-0.381
1908261.000,44028,4,AZ,1,100,-0.388
1908301.000,44046,3,AZ,1,100,-0.388
1908341.000,44046,3,AZ,1,100,-0.388
1908381.000,44046,3,AZ,1,100,-0.388
1908421.000,44060,2,AZ,1,100,-0.385
1908461.000,44060,2,AZ,1,100,-0.389
1908501.000,44077,3,AZ,1,100,-0.385
1908541.000,44077,3,AZ,1,100,-0.385
1908581.000,44077,3,AZ,1,100,-0.385
1908621.000,44094,2,AZ,1,100,-0.386
1908661.000,44094,2,AZ,1,100,-0.386
1908701.000,44111,3,AZ,1,100,-0.387
1908741.000,44111,3,AZ,1,100,-0.387
1908781.000,44111,3,AZ,1,100,-0.384
1908821.000,44126,2,AZ,1,100,-0.386
1908861.000,44126,2,AZ,1,100,-0.385
1908901.000,44143,3,AZ,1,100,-0.387
1908941.000,44143,3,AZ,1,100,-0.385
1908981.000,44143,3,AZ,1,100,-0.386
1909021.000,44159,3,AZ,1,100,-0.387
1909061.000,44159,3,AZ,1,100,-0.384
1909101.000,44159,3,AZ,1,100,-0.388
1909141.000,44176,2,AZ,1,100,-0.387
1909181.000,44176,2,AZ,1,100,-0.384
1909221.000,44193,3,AZ,1,100,-0.385
1909261.000,44193,3,AZ,1,100,-0.387
1909301.000,44193,3,AZ,1,100,-0.387
1909341.000,44208,2,AZ,1,100,-0.386
1909381.000,44208,2,AZ,1,100,-0.385
1909421.000,44224,3,AZ,1,100,-0.388
1909461.000,44224,3,AZ,1,100,-0.386
1909501.000,44224,3,AZ,1,100,-0.388
1909541.000,44241,3,AZ,1,100,-0.388
1909581.000,44241,3,AZ,1,100,-0.384
1909621.000,44241,3,AZ,1,100,-0.386
1909661.000,44258,2,AZ,1,100,-0.390
1909701.000,44258,2,AZ,1,100,-0.384
1909741.000,44273,3,AZ,1,100,-0.385
1909781.000,44273,3,AZ,1,100,-0.389
1909821.000,44273,3,AZ,1,100,-0.388
1909861.000,44289,2,AZ,1,100,-0.389
1909901.000,44289,2,AZ,1,100,-0.385
1909941.000,44307,3,AZ,1,100,-0.385
1909981.000,44307,3,AZ,1,100,-0.392
1910021.000,44307,3,AZ,1,100,-0.384
1910061.000,44323,2,AZ,1,100,-0.381
1910101.000,44323,2,AZ,1,100,-0.389
1910140.667,44339,3,AZ,1,100,-0.389
1910180.333,44339,3,AZ,1,100,-0.386
1910220.000,44339,3,AZ,1,100,-0.385
1910260.500,44355,2,AZ,1,100,-0.388
1910301.000,44355,2,AZ,1,100,-0.388
1910340.667,44372,3,AZ,1,100,-0.381
1910380.333,44372,3,AZ,1,100,-0.385
1910420.000,44372,3,AZ,1,100,-0.387
1910460.500,44388,2,AZ,1,100,-0.388
1910501.000,44388,2,AZ,1,100,-0.386
1910541.000,44404,3,AZ,1,100,-0.383
1910581.000,44404,3,AZ,1,100,-0.388
1910621.000,44404,3,AZ,1,100,-0.388
1910661.000,44420,2,AZ,1,100,-0.386
1910701.000,44420,2,AZ,1,100,-0.384
1910741.000,44437,3,AZ,1,100,-0.387
1910781.000,44437,3,AZ,1,100,-0.389
1910821.000,44437,3,AZ,1,100,-0.389
1910860.500,44453,2,AZ,1,100,-0.386
1910900.000,44453,2,AZ,1,100,-0.384
1910940.000,44471,3,AZ,1,100,-0.388
1910980.000,44471,3,AZ,1,100,-0.387
1911020.000,44471,3,AZ,1,100,-0.384
1911060.500,44485,2,AZ,1,100,-0.386
1911101.000,44485,2,AZ,1,100,-0.385
1911141.000,44502,3,AZ,1,100,-0.391
1911181.000,44502,3,AZ,1,100,-0.385
1911221.000,44502,3,AZ,1,100,-0.385
1911260.667,44520,3,AZ,1,100,-0.385
1911300.333,44520,3,AZ,1,100,-0.384
1911340.000,44520,3,AZ,1,100,-0.385
1911380.333,44538,3,AZ,1,100,-0.387
1911420.667,44538,3,AZ,1,100,-0.386
1911461.000,44538,3,AZ,1,100,-0.385
1911500.500,44555,2,AZ,1,100,-0.385
1911540.000,44555,2,AZ,1,100,-0.389
1911580.000,44570,3,AZ,1,100,-0.389
1911620.000,44570,3,AZ,1,100,-0.384
1911660.000,44570,3,AZ,1,100,-0.387
1911700.000,44587,3,AZ,1,100,-0.386
1911740.000,44587,3,AZ,1,100,-0.387
1911780.000,44587,3,AZ,1,100,-0.385
1911820.000,44603,2,AZ,1,100,-0.383
1911860.000,44603,2,AZ,1,100,-0.388
1911900.000,44621,3,AZ,1,100,-0.391
1911940.000,44621,3,AZ,1,100,-0.386
1911980.000,44621,3,AZ,1,100,-0.383
1912020.500,44635,2,AZ,1,100,-0.385
1912061.000,44635,2,AZ,1,100,-0.389
1912100.667,44652,3,AZ,1,100,-0.389
1912140.333,44652,3,AZ,1,100,-0.387
1912180.000,44652,3,AZ,1,100,-0.385
1912220.000,44668,2,AZ,1,100,-0.386
1912260.000,44668,2,AZ,1,100,-0.387
1912300.000,44686,3,AZ,1,100,-0.387
1912340.000,44686,3,AZ,1,100,-0.386
1912380.000,44686,3,AZ,1,100,-0.387
1912420.000,44700,2,AZ,1,100,-0.385
1912460.000,44700,2,AZ,1,100,-0.387
1912500.000,44717,3,AZ,1,100,-0.388
1912540.000,44717,3,AZ,1,100,-0.387
1912580.000,44717,3,AZ,1,100,-0.387
1912620.500,44734,2,AZ,1,100,-0.386
1912661.000,44734,2,AZ,1,100,-0.387
1912701.000,44751,3,AZ,1,100,-0.388
1912741.000,44751,3,AZ,1,100,-0.387
1912781.000,44751,3,AZ,1,100,-0.384
1912821.000,44766,2,AZ,1,100,-0.384
1912861.000,44766,2,AZ,1,100,-0.386
1912901.000,44783,3,AZ,1,100,-0.386
1912941.000,44783,3,AZ,1,100,-0.386
1912981.000,44783,3,AZ,1,100,-0.385
1913021.000,44799,3,AZ,1,100,-0.388
1913061.000,44799,3,AZ,1,100,-0.386
1913101.000,44799,3,AZ,1,100,-0.388
1913141.000,44816,2,AZ,1,100,-0.385
1913181.000,44816,2,AZ,1,100,-0.387
1913221.000,44837,5,AZ,1,100,-0.387
1913261.000,44837,5,AZ,1,100,-0.388
1913301.000,44837,5,AZ,1,100,-0.387
1913341.000,44837,5,AZ,1,100,-0.388
1913381.000,44837,5,AZ,1,100,-0.388
1913421.000,44853,3,AZ,1,100,-0.386
1913461.000,44853,3,AZ,1,100,-0.385
1913501.000,44853,3,AZ,1,100,-0.386
