EmotiBitTimestamp,PacketNumber,DataLength,TypeTag,ProtocolVersion,DataReliability,AY
1839561.000,33087,1,AY,1,100,0.312
1839601.000,33102,2,AY,1,100,0.315
1839641.000,33102,2,AY,1,100,0.317
1839681.000,33119,3,AY,1,100,0.315
1839721.000,33119,3,AY,1,100,0.322
1839761.000,33119,3,AY,1,100,0.318
1839801.000,33137,3,AY,1,100,0.319
1839841.000,33137,3,AY,1,100,0.318
1839881.000,33137,3,AY,1,100,0.323
1839921.000,33155,2,AY,1,100,0.322
1839961.000,33155,2,AY,1,100,0.318
1840001.000,33169,3,AY,1,100,0.324
1840041.000,33169,3,AY,1,100,0.319
1840081.000,33169,3,AY,1,100,0.326
1840121.000,33186,2,AY,1,100,0.319
1840161.000,33186,2,AY,1,100,0.324
1840201.000,33202,3,AY,1,100,0.328
1840241.000,33202,3,AY,1,100,0.319
1840281.000,33202,3,AY,1,100,0.323
1840321.000,33220,2,AY,1,100,0.333
1840361.000,33220,2,AY,1,100,0.318
1840401.000,33234,3,AY,1,100,0.331
1840441.000,33234,3,AY,1,100,0.333
1840481.000,33234,3,AY,1,100,0.333
1840521.000,33251,2,AY,1,100,0.326
1840561.000,33251,2,AY,1,100,0.332
1840601.000,33268,3,AY,1,100,0.330
1840641.000,33268,3,AY,1,100,0.329
1840681.000,33268,3,AY,1,100,0.332
1840721.000,33285,2,AY,1,100,0.332
1840761.000,33285,2,AY,1,100,0.327
1840801.000,33299,3,AY,1,100,0.327
1840841.000,33299,3,AY,1,100,0.331
1840881.000,33299,3,AY,1,100,0.332
1840921.000,33317,2,AY,1,100,0.330
1840961.000,33317,2,AY,1,100,0.326
1841001.000,33335,3,AY,1,100,0.331
1841041.000,33335,3,AY,1,100,0.337
1841081.000,33335,3,AY,1,100,0.334
1841121.000,33352,3,AY,1,100,0.329
1841161.000,33352,3,AY,1,100,0.329
1841201.000,33352,3,AY,1,100,0.335
1841241.000,33369,2,AY,1,100,0.337
1841281.000,33369,2,AY,1,100,0.325
1841321.000,33386,3,AY,1,100,0.333
1841361.000,33386,3,AY,1,100,0.336
1841401.000,33386,3,AY,1,100,0.334
1841441.000,33402,2,AY,1,100,0.324
1841481.000,33402,2,AY,1,100,0.333
1841521.000,33425,5,AY,1,100,0.336
1841561.000,33425,5,AY,1,100,0.326
1841601.000,33425,5,AY,1,100,0.333
1841641.000,33425,5,AY,1,100,0.333
1841681.000,33425,5,AY,1,100,0.333
1841721.000,33441,2,AY,1,100,0.330
1841761.000,33441,2,AY,1,100,0.333
1841801.000,33458,3,AY,1,100,0.335
1841841.000,33458,3,AY,1,100,0.331
1841881.000,33458,3,AY,1,100,0.331
1841921.000,33475,2,AY,1,100,0.327
1841961.000,33475,2,AY,1,100,0.332
1842001.000,33490,3,AY,1,100,0.332
1842041.000,33490,3,AY,1,100,0.333
1842081.000,33490,3,AY,1,100,0.330
1842121.000,33506,2,AY,1,100,0.333
1842161.000,33506,2,AY,1,100,0.331
1842201.000,33523,3,AY,1,100,0.333
1842241.000,33523,3,AY,1,100,0.333
1842281.000,33523,3,AY,1,100,0.328
1842321.000,33540,2,AY,1,100,0.327
1842361.000,33540,2,AY,1,100,0.335
1842401.000,33555,3,AY,1,100,0.333
1842441.000,33555,3,AY,1,100,0.325
1842481.000,33555,3,AY,1,100,0.338
1842521.000,33573,2,AY,1,100,0.337
1842561.000,33573,2,AY,1,100,0.326
1842601.000,33591,3,AY,1,100,0.333
1842641.000,33591,3,AY,1,100,0.328
1842681.000,33591,3,AY,1,100,0.324
1842721.000,33607,3,AY,1,100,0.323
1842761.000,33607,3,AY,1,100,0.332
1842801.000,33607,3,AY,1,100,0.328
1842841.000,33623,2,AY,1,100,0.326
1842881.000,33623,2,AY,1,100,0.322
1842921.000,33639,3,AY,1,100,0.326
1842961.000,33639,3,AY,1,100,0.328
1843001.000,33639,3,AY,1,100,0.326
1843041.000,33656,2,AY,1,100,0.332
1843081.000,33656,2,AY,1,100,0.324
1843121.000,33672,3,AY,1,100,0.327
1843161.000,33672,3,AY,1,100,0.332
1843201.000,33672,3,AY,1,100,0.327
1843241.000,33690,2,AY,1,100,0.330
1843281.000,33690,2,AY,1,100,0.330
1843321.000,33704,3,AY,1,100,0.334
1843361.000,33704,3,AY,1,100,0.328
1843401.000,33704,3,AY,1,100,0.334
1843441.000,33721,2,AY,1,100,0.323
1843481.000,33721,2,AY,1,100,0.341
1843521.000,33737,3,AY,1,100,0.348
1843561.000,33737,3,AY,1,100,0.333
1843601.000,33737,3,AY,1,100,0.328
1843640.500,33755,2,AY,1,100,0.334
1843680.000,33755,2,AY,1,100,0.328
1843720.000,33769,3,AY,1,100,0.325
1843760.000,33769,3,AY,1,100,0.329
1843800.000,33769,3,AY,1,100,0.329
1843840.333,33786,3,AY,1,100,0.334
1843880.667,33786,3,AY,1,100,0.325
1843921.000,33786,3,AY,1,100,0.326
1843961.000,33803,2,AY,1,100,0.329
1844001.000,33803,2,AY,1,100,0.328
1844041.000,33820,3,AY,1,100,0.328
1844081.000,33820,3,AY,1,100,0.324
1844121.000,33820,3,AY,1,100,0.335
1844161.000,33834,2,AY,1,100,0.334
1844201.000,33834,2,AY,1,100,0.320
1844241.000,33854,2,AY,1,100,0.329
1844281.000,33854,2,AY,1,100,0.335
1844325.333,33870,3,AY,1,100,0.334
1844369.667,33870,3,AY,1,100,0.320
1844414.000,33870,3,AY,1,100,0.324
1844454.000,33889,2,AY,1,100,0.332
1844494.000,33889,2,AY,1,100,0.331
1844534.000,33903,3,AY,1,100,0.327
1844574.000,33903,3,AY,1,100,0.324
1844614.000,33903,3,AY,1,100,0.323
1844654.000,33921,2,AY,1,100,0.339
1844694.000,33921,2,AY,1,100,0.326
1844734.000,33937,3,AY,1,100,0.321
1844774.000,33937,3,AY,1,100,0.332
1844814.000,33937,3,AY,1,100,0.332
1844854.000,33954,3,AY,1,100,0.327
1844894.000,33954,3,AY,1,100,0.330
1844934.000,33954,3,AY,1,100,0.323
1844974.000,33970,2,AY,1,100,0.329
1845014.000,33970,2,AY,1,100,0.335
1845054.000,33986,3,AY,1,100,0.324
1845094.000,33986,3,AY,1,100,0.336
1845134.000,33986,3,AY,1,100,0.328
1845174.000,34004,2,AY,1,100,0.323
1845214.000,34004,2,AY,1,100,0.331
1845254.000,34022,3,AY,1,100,0.331
1845294.000,34022,3,AY,1,100,0.325
1845334.000,34022,3,AY,1,100,0.331
1845374.000,34038,2,AY,1,100,0.340
1845414.000,34038,2,AY,1,100,0.339
1845454.000,34053,3,AY,1,100,0.324
1845494.000,34053,3,AY,1,100,0.335
1845534.000,34053,3,AY,1,100,0.333
1845574.000,34070,2,AY,1,100,0.329
1845614.000,34070,2,AY,1,100,0.331
1845654.000,34087,3,AY,1,100,0.337
1845694.000,34087,3,AY,1,100,0.328
1845734.000,34087,3,AY,1,100,0.334
1845774.000,34103,2,AY,1,100,0.331
1845814.000,34103,2,AY,1,100,0.329
1845854.000,34118,3,AY,1,100,0.333
1845894.000,34118,3,AY,1,100,0.324
1845934.000,34118,3,AY,1,100,0.335
1845974.000,34135,3,AY,1,100,0.334
1846014.000,34135,3,AY,1,100,0.337
1846054.000,34135,3,AY,1,100,0.334
1846094.000,34154,2,AY,1,100,0.310
1846134.000,34154,2,AY,1,100,0.317
1846174.000,34170,3,AY,1,100,0.311
1846214.000,34170,3,AY,1,100,0.322
1846254.000,34170,3,AY,1,100,0.332
1846294.000,34186,2,AY,1,100,0.338
1846334.000,34186,2,AY,1,100,0.342
1846369.667,34204,3,AY,1,100,0.350
1846405.333,34204,3,AY,1,100,0.327
1846441.000,34204,3,AY,1,100,0.320
1846481.000,34221,2,AY,1,100,0.343
1846521.000,34221,2,AY,1,100,0.331
1846561.000,34238,3,AY,1,100,0.314
1846601.000,34238,3,AY,1,100,0.333
1846641.000,34238,3,AY,1,100,0.330
1846685.000,34260,3,AY,1,100,0.330
1846729.000,34260,3,AY,1,100,0.321
1846773.000,34260,3,AY,1,100,0.330
1846813.333,34276,3,AY,1,100,0.332
1846853.667,34276,3,AY,1,100,0.320
1846894.000,34276,3,AY,1,100,0.331
1846934.000,34294,2,AY,1,100,0.346
1846974.000,34294,2,AY,1,100,0.349
1847013.667,34310,3,AY,1,100,0.340
1847053.333,34310,3,AY,1,100,0.334
1847093.000,34310,3,AY,1,100,0.329
1847133.333,34327,3,AY,1,100,0.308
1847173.667,34327,3,AY,1,100,0.321
1847214.000,34327,3,AY,1,100,0.329
1847254.000,34344,2,AY,1,100,0.325
1847294.000,34344,2,AY,1,100,0.326
1847334.000,34359,3,AY,1,100,0.325
1847374.000,34359,3,AY,1,100,0.304
1847414.000,34359,3,AY,1,100,0.326
1847454.000,34375,2,AY,1,100,0.375
1847494.000,34375,2,AY,1,100,0.343
1847534.000,34392,3,AY,1,100,0.322
1847574.000,34392,3,AY,1,100,0.327
1847614.000,34392,3,AY,1,100,0.312
1847653.500,34409,2,AY,1,100,0.312
1847693.000,34409,2,AY,1,100,0.306
1847733.333,34424,3,AY,1,100,0.314
1847773.667,34424,3,AY,1,100,0.339
1847814.000,34424,3,AY,1,100,0.316
1847854.000,34440,2,AY,1,100,0.289
1847894.000,34440,2,AY,1,100,0.333
1847933.667,34458,3,AY,1,100,0.282
1847973.333,34458,3,AY,1,100,0.266
1848013.000,34458,3,AY,1,100,0.292
1848053.500,34474,2,AY,1,100,0.328
1848094.000,34474,2,AY,1,100,0.327
1848134.000,34489,3,AY,1,100,0.339
1848174.000,34489,3,AY,1,100,0.351
1848214.000,34489,3,AY,1,100,0.309
1848253.667,34506,3,AY,1,100,0.327
1848293.333,34506,3,AY,1,100,0.308
1848333.000,34506,3,AY,1,100,0.326
1848373.000,34523,2,AY,1,100,0.318
1848413.000,34523,2,AY,1,100,0.331
1848453.000,34539,3,AY,1,100,0.337
1848493.000,34539,3,AY,1,100,0.320
1848533.000,34539,3,AY,1,100,0.289
1848573.000,34555,2,AY,1,100,0.282
1848613.000,34555,2,AY,1,100,0.302
1848653.000,34571,3,AY,1,100,0.282
1848693.000,34571,3,AY,1,100,0.299
1848733.000,34571,3,AY,1,100,0.289
1848773.000,34588,2,AY,1,100,0.284
1848813.000,34588,2,AY,1,100,0.237
1848853.000,34604,3,AY,1,100,0.234
1848893.000,34604,3,AY,1,100,0.247
1848933.000,34604,3,AY,1,100,0.269
1848973.000,34622,2,AY,1,100,0.256
1849013.000,34622,2,AY,1,100,0.255
1849053.000,34636,3,AY,1,100,0.225
1849093.000,34636,3,AY,1,100,0.213
1849133.000,34636,3,AY,1,100,0.207
1849173.000,34653,2,AY,1,100,0.263
1849213.000,34653,2,AY,1,100,0.406
1849253.000,34670,3,AY,1,100,0.215
1849293.000,34670,3,AY,1,100,0.116
1849333.000,34670,3,AY,1,100,0.078
1849373.000,34687,2,AY,1,100,-0.007
1849413.000,34687,2,AY,1,100,-0.127
1849453.000,34701,3,AY,1,100,-0.117
1849493.000,34701,3,AY,1,100,0.002
1849533.000,34701,3,AY,1,100,-0.167
1849573.000,34719,3,AY,1,100,-0.151
1849613.000,34719,3,AY,1,100,0.069
1849653.000,34719,3,AY,1,100,0.031
1849693.000,34735,2,AY,1,100,0.073
1849733.000,34735,2,AY,1,100,0.122
1849773.000,34752,3,AY,1,100,0.054
1849813.000,34752,3,AY,1,100,0.028
1849853.000,34752,3,AY,1,100,0.012
1849893.000,34766,2,AY,1,100,0.059
1849933.000,34766,2,AY,1,100,0.079
1849973.000,34784,3,AY,1,100,0.070
1850013.000,34784,3,AY,1,100,0.043
1850053.000,34784,3,AY,1,100,0.115
1850093.000,34800,2,AY,1,100,0.098
1850133.000,34800,2,AY,1,100,0.004
1850173.000,34817,3,AY,1,100,-0.019
1850213.000,34817,3,AY,1,100,0.010
1850253.000,34817,3,AY,1,100,-0.076
1850293.000,34832,2,AY,1,100,-0.127
1850333.000,34832,2,AY,1,100,-0.172
1850373.000,34849,3,AY,1,100,-0.220
1850413.000,34849,3,AY,1,100,-0.265
1850453.000,34849,3,AY,1,100,-0.246
1850493.000,34865,2,AY,1,100,-0.301
1850533.000,34865,2,AY,1,100,-0.225
1850573.000,34883,3,AY,1,100,-0.281
1850613.000,34883,3,AY,1,100,-0.246
1850653.000,34883,3,AY,1,100,-0.139
1850693.000,34898,2,AY,1,100,0.148
1850733.000,34898,2,AY,1,100,-0.416
1850773.000,34914,3,AY,1,100,-0.259
1850813.000,34914,3,AY,1,100,-0.380
1850853.000,34914,3,AY,1,100,-0.142
1850893.000,34931,3,AY,1,100,-0.094
1850933.000,34931,3,AY,1,100,-0.140
1850973.000,34931,3,AY,1,100,0.091
1851013.000,34948,2,AY,1,100,0.000
1851053.000,34948,2,AY,1,100,-0.069
1851093.000,34964,3,AY,1,100,-0.396
1851133.000,34964,3,AY,1,100,-0.283
1851173.000,34964,3,AY,1,100,-0.473
1851213.000,34979,2,AY,1,100,-0.210
1851253.000,34979,2,AY,1,100,-0.392
1851293.000,34998,3,AY,1,100,-0.467
1851333.000,34998,3,AY,1,100,-0.009
1851373.000,34998,3,AY,1,100,-0.154
1851413.000,35015,2,AY,1,100,-0.076
1851453.000,35015,2,AY,1,100,0.016
1851493.000,35031,3,AY,1,100,0.358
1851533.000,35031,3,AY,1,100,0.164
1851573.000,35031,3,AY,1,100,0.071
1851613.000,35047,2,AY,1,100,0.175
1851653.000,35047,2,AY,1,100,0.174
1851693.000,35063,3,AY,1,100,0.075
1851733.000,35063,3,AY,1,100,0.211
1851773.000,35063,3,AY,1,100,0.196
1851813.000,35085,4,AY,1,100,0.408
1851853.000,35085,4,AY,1,100,0.303
1851893.000,35085,4,AY,1,100,0.173
1851933.000,35085,4,AY,1,100,0.189
1851973.000,35102,2,AY,1,100,0.171
1852013.000,35102,2,AY,1,100,0.123
1852053.000,35119,3,AY,1,100,0.142
1852093.000,35119,3,AY,1,100,0.037
1852133.000,35119,3,AY,1,100,-0.073
1852173.000,35134,2,AY,1,100,-0.044
1852213.000,35134,2,AY,1,100,-0.020
1852253.000,35151,3,AY,1,100,0.035
1852293.000,35151,3,AY,1,100,-0.030
1852333.000,35151,3,AY,1,100,-0.042
1852373.000,35167,2,AY,1,100,0.035
1852413.000,35167,2,AY,1,100,-0.007
1852453.000,35184,3,AY,1,100,-0.055
1852493.000,35184,3,AY,1,100,-0.002
1852533.000,35184,3,AY,1,100,-0.059
1852573.000,35201,2,AY,1,100,-0.031
1852613.000,35201,2,AY,1,100,-0.019
1852653.000,35216,3,AY,1,100,-0.066
1852693.000,35216,3,AY,1,100,-0.105
1852733.000,35216,3,AY,1,100,-0.147
1852773.000,35232,2,AY,1,100,0.045
1852813.000,35232,2,AY,1,100,-0.167
1852853.000,35249,3,AY,1,100,-0.045
1852893.000,35249,3,AY,1,100,-0.052
1852933.000,35249,3,AY,1,100,-0.049
1852973.000,35266,2,AY,1,100,-0.042
1853013.000,35266,2,AY,1,100,-0.042
1853053.000,35281,3,AY,1,100,-0.059
1853093.000,35281,3,AY,1,100,-0.061
1853133.000,35281,3,AY,1,100,-0.058
1853173.000,35297,3,AY,1,100,-0.160
1853213.000,35297,3,AY,1,100,-0.006
1853253.000,35297,3,AY,1,100,-0.021
1853293.000,35315,2,AY,1,100,0.092
1853333.000,35315,2,AY,1,100,0.039
1853373.000,35331,3,AY,1,100,0.045
1853413.000,35331,3,AY,1,100,0.023
1853453.000,35331,3,AY,1,100,0.035
1853493.000,35346,2,AY,1,100,-0.151
1853533.000,35346,2,AY,1,100,-0.053
1853573.000,35363,3,AY,1,100,0.010
1853613.000,35363,3,AY,1,100,-0.004
1853653.000,35363,3,AY,1,100,0.079
1853693.000,35380,2,AY,1,100,0.027
1853733.000,35380,2,AY,1,100,0.025
1853773.000,35396,3,AY,1,100,0.013
1853813.000,35396,3,AY,1,100,0.028
1853853.000,35396,3,AY,1,100,0.029
1853893.000,35411,2,AY,1,100,0.026
1853933.000,35411,2,AY,1,100,0.010
1853973.000,35428,3,AY,1,100,0.028
1854013.000,35428,3,AY,1,100,0.029
1854053.000,35428,3,AY,1,100,0.030
1854093.000,35445,2,AY,1,100,0.022
1854133.000,35445,2,AY,1,100,0.028
1854173.000,35461,3,AY,1,100,0.026
1854213.000,35461,3,AY,1,100,0.022
1854253.000,35461,3,AY,1,100,0.026
1854293.000,35478,2,AY,1,100,0.034
1854333.000,35478,2,AY,1,100,0.029
1854373.000,35493,3,AY,1,100,0.026
1854413.000,35493,3,AY,1,100,0.294
1854453.000,35493,3,AY,1,100,0.077
1854493.000,35510,2,AY,1,100,0.151
1854533.000,35510,2,AY,1,100,0.135
1854573.000,35527,3,AY,1,100,-0.053
1854613.000,35527,3,AY,1,100,-0.002
1854653.000,35527,3,AY,1,100,0.008
1854693.000,35544,3,AY,1,100,0.130
1854733.000,35544,3,AY,1,100,0.006
1854773.000,35544,3,AY,1,100,-0.235
1854813.000,35558,2,AY,1,100,0.028
1854853.000,35558,2,AY,1,100,-0.078
1854893.000,35576,3,AY,1,100,0.026
1854933.000,35576,3,AY,1,100,-0.128
1854973.000,35576,3,AY,1,100,-0.022
1855013.000,35592,2,AY,1,100,-0.010
1855053.000,35592,2,AY,1,100,-0.023
1855093.000,35609,3,AY,1,100,-0.038
1855133.000,35609,3,AY,1,100,-0.027
1855173.000,35609,3,AY,1,100,0.000
1855213.000,35623,2,AY,1,100,-0.020
1855253.000,35623,2,AY,1,100,-0.018
1855293.000,35641,3,AY,1,100,-0.008
1855333.000,35641,3,AY,1,100,-0.010
1855373.000,35641,3,AY,1,100,-0.008
1855413.000,35657,2,AY,1,100,-0.008
1855453.000,35657,2,AY,1,100,-0.008
1855493.000,35674,3,AY,1,100,-0.008
1855533.000,35674,3,AY,1,100,-0.009
1855573.000,35674,3,AY,1,100,-0.007
1855613.000,35689,2,AY,1,100,-0.010
1855653.000,35689,2,AY,1,100,-0.007
1855693.000,35706,3,AY,1,100,-0.006
1855733.000,35706,3,AY,1,100,-0.009
1855773.000,35706,3,AY,1,100,-0.007
1855813.000,35722,2,AY,1,100,-0.007
1855853.000,35722,2,AY,1,100,-0.009
1855893.000,35740,3,AY,1,100,-0.005
1855933.000,35740,3,AY,1,100,-0.009
1855973.000,35740,3,AY,1,100,-0.010
1856013.000,35754,3,AY,1,100,-0.008
1856053.000,35754,3,AY,1,100,-0.011
1856093.000,35754,3,AY,1,100,-0.005
1856133.000,35771,2,AY,1,100,-0.004
1856173.000,35771,2,AY,1,100,-0.010
1856213.000,35787,3,AY,1,100,-0.006
1856253.000,35787,3,AY,1,100,-0.010
1856293.000,35787,3,AY,1,100,-0.018
1856333.000,35807,2,AY,1,100,-0.004
1856373.000,35807,2,AY,1,100,-0.003
1856413.000,35822,3,AY,1,100,-0.014
1856453.000,35822,3,AY,1,100,-0.010
1856493.000,35822,3,AY,1,100,-0.007
1856533.000,35838,2,AY,1,100,-0.006
1856573.000,35838,2,AY,1,100,-0.002
1856613.000,35855,3,AY,1,100,-0.016
1856653.000,35855,3,AY,1,100,-0.013
1856693.000,35855,3,AY,1,100,-0.001
1856733.000,35872,2,AY,1,100,-0.002
1856773.000,35872,2,AY,1,100,-0.017
1856813.000,35888,3,AY,1,100,-0.011
1856853.000,35888,3,AY,1,100,-0.001
1856893.000,35888,3,AY,1,100,-0.007
1856933.000,35911,4,AY,1,100,-0.010
1856973.000,35911,4,AY,1,100,-0.009
1857013.000,35911,4,AY,1,100,-0.008
1857053.000,35911,4,AY,1,100,-0.002
1857093.000,35925,2,AY,1,100,-0.009
1857133.000,35925,2,AY,1,100,-0.009
1857173.000,35942,3,AY,1,100,-0.005
1857213.000,35942,3,AY,1,100,-0.005
1857253.000,35942,3,AY,1,100,-0.007
1857293.000,35959,2,AY,1,100,-0.013
1857333.000,35959,2,AY,1,100,-0.010
1857373.000,35976,3,AY,1,100,-0.005
1857413.000,35976,3,AY,1,100,-0.007
1857453.000,35976,3,AY,1,100,-0.009
1857492.500,35991,2,AY,1,100,-0.009
1857532.000,35991,2,AY,1,100,-0.005
1857572.000,36008,3,AY,1,100,-0.009
1857612.000,36008,3,AY,1,100,-0.015
1857652.000,36008,3,AY,1,100,-0.006
1857692.333,36024,3,AY,1,100,-0.004
1857732.667,36024,3,AY,1,100,-0.009
1857773.000,36024,3,AY,1,100,-0.009
1857812.500,36041,2,AY,1,100,-0.008
1857852.000,36041,2,AY,1,100,-0.007
1857892.000,36058,3,AY,1,100,-0.007
1857932.000,36058,3,AY,1,100,-0.008
1857972.000,36058,3,AY,1,100,-0.010
1858012.500,36073,2,AY,1,100,-0.004
1858053.000,36073,2,AY,1,100,-0.008
1858093.000,36089,3,AY,1,100,-0.011
1858133.000,36089,3,AY,1,100,-0.008
1858173.000,36089,3,AY,1,100,-0.009
1858213.000,36106,2,AY,1,100,-0.009
1858253.000,36106,2,AY,1,100,-0.008
1858292.667,36123,3,AY,1,100,-0.010
1858332.333,36123,3,AY,1,100,-0.006
1858372.000,36123,3,AY,1,100,-0.007
1858412.000,36138,2,AY,1,100,-0.008
1858452.000,36138,2,AY,1,100,-0.010
1858492.000,36154,3,AY,1,100,-0.009
1858532.000,36154,3,AY,1,100,-0.007
1858572.000,36154,3,AY,1,100,-0.007
1858612.000,36172,2,AY,1,100,-0.009
1858652.000,36172,2,AY,1,100,-0.008
1858692.000,36188,3,AY,1,100,-0.006
1858732.000,36188,3,AY,1,100,-0.007
1858772.000,36188,3,AY,1,100,-0.007
1858812.000,36203,2,AY,1,100,-0.010
1858852.000,36203,2,AY,1,100,-0.007
1858892.000,36220,3,AY,1,100,-0.010
1858932.000,36220,3,AY,1,100,-0.012
1858972.000,36220,3,AY,1,100,-0.002
1859012.000,36237,2,AY,1,100,-0.008
1859052.000,36237,2,AY,1,100,-0.010
1859092.000,36253,3,AY,1,100,-0.005
1859132.000,36253,3,AY,1,100,-0.011
1859172.000,36253,3,AY,1,100,-0.005
1859212.000,36268,3,AY,1,100,-0.007
1859252.000,36268,3,AY,1,100,-0.014
1859292.000,36268,3,AY,1,100,-0.007
1859332.000,36285,2,AY,1,100,-0.006
1859372.000,36285,2,AY,1,100,-0.008
1859412.000,36302,3,AY,1,100,-0.009
1859452.000,36302,3,AY,1,100,-0.010
1859492.000,36302,3,AY,1,100,-0.004
1859532.000,36318,2,AY,1,100,-0.006
1859572.000,36318,2,AY,1,100,-0.013
1859612.000,36335,3,AY,1,100,-0.007
1859652.000,36335,3,AY,1,100,-0.008
1859692.000,36335,3,AY,1,100,-0.008
1859732.000,36350,2,AY,1,100,-0.008
1859772.000,36350,2,AY,1,100,-0.008
1859812.000,36367,3,AY,1,100,-0.007
1859852.000,36367,3,AY,1,100,-0.006
1859892.000,36367,3,AY,1,100,-0.011
1859932.000,36384,2,AY,1,100,-0.007
1859972.000,36384,2,AY,1,100,-0.008
1860012.000,36401,3,AY,1,100,-0.009
1860052.000,36401,3,AY,1,100,-0.006
1860092.000,36401,3,AY,1,100,-0.010
1860132.000,36415,2,AY,1,100,-0.009
1860172.000,36415,2,AY,1,100,-0.003
1860212.000,36433,3,AY,1,100,-0.009
1860252.000,36433,3,AY,1,100,-0.010
1860292.000,36433,3,AY,1,100,-0.007
1860332.000,36449,3,AY,1,100,-0.007
1860372.000,36449,3,AY,1,100,-0.008
1860412.000,36449,3,AY,1,100,-0.010
1860452.000,36466,2,AY,1,100,-0.009
1860492.000,36466,2,AY,1,100,-0.006
1860532.000,36480,3,AY,1,100,-0.006
1860572.000,36480,3,AY,1,100,-0.011
1860612.000,36480,3,AY,1,100,-0.006
1860652.000,36498,2,AY,1,100,-0.008
1860692.000,36498,2,AY,1,100,-0.009
1860732.000,36514,3,AY,1,100,-0.007
1860772.000,36514,3,AY,1,100,-0.009
1860812.000,36514,3,AY,1,100,-0.008
1860852.000,36531,2,AY,1,100,-0.007
1860892.000,36531,2,AY,1,100,-0.010
1860932.000,36546,3,AY,1,100,-0.008
1860972.000,36546,3,AY,1,100,-0.007
1861012.000,36546,3,AY,1,100,-0.008
1861052.000,36563,2,AY,1,100,-0.007
1861092.000,36563,2,AY,1,100,-0.010
1861132.000,36579,3,AY,1,100,-0.007
1861172.000,36579,3,AY,1,100,-0.007
1861212.000,36579,3,AY,1,100,-0.009
1861252.000,36597,2,AY,1,100,-0.009
1861292.000,36597,2,AY,1,100,-0.008
1861332.000,36613,3,AY,1,100,-0.008
1861372.000,36613,3,AY,1,100,-0.009
1861412.000,36613,3,AY,1,100,-0.008
1861452.000,36630,2,AY,1,100,-0.007
1861492.000,36630,2,AY,1,100,-0.006
1861532.000,36646,3,AY,1,100,-0.009
1861572.000,36646,3,AY,1,100,-0.007
1861612.000,36646,3,AY,1,100,-0.009
1861652.000,36664,3,AY,1,100,-0.005
1861692.000,36664,3,AY,1,100,-0.006
1861732.000,36664,3,AY,1,100,-0.008
1861772.000,36679,2,AY,1,100,-0.010
1861812.000,36679,2,AY,1,100,-0.009
1861852.000,36695,3,AY,1,100,-0.007
1861892.000,36695,3,AY,1,100,-0.010
1861932.000,36695,3,AY,1,100,-0.007
1861972.000,36712,2,AY,1,100,-0.006
1862012.000,36712,2,AY,1,100,-0.010
1862052.000,36732,4,AY,1,100,-0.010
1862092.000,36732,4,AY,1,100,-0.008
1862132.000,36732,4,AY,1,100,-0.007
1862172.000,36732,4,AY,1,100,-0.010
1862212.000,36748,2,AY,1,100,-0.010
1862252.000,36748,2,AY,1,100,-0.006
1862292.000,36766,3,AY,1,100,-0.008
1862332.000,36766,3,AY,1,100,-0.010
1862372.000,36766,3,AY,1,100,-0.008
1862412.000,36780,2,AY,1,100,-0.009
1862452.000,36780,2,AY,1,100,-0.007
1862492.000,36797,3,AY,1,100,-0.010
1862532.000,36797,3,AY,1,100,-0.012
1862572.000,36797,3,AY,1,100,-0.008
1862612.000,36814,2,AY,1,100,-0.004
1862652.000,36814,2,AY,1,100,-0.009
1862692.000,36831,3,AY,1,100,-0.011
1862732.000,36831,3,AY,1,100,-0.006
1862772.000,36831,3,AY,1,100,-0.006
1862812.000,36845,2,AY,1,100,-0.010
1862852.000,36845,2,AY,1,100,-0.009
1862892.000,36863,3,AY,1,100,-0.007
1862932.000,36863,3,AY,1,100,-0.006
1862972.000,36863,3,AY,1,100,-0.009
1863012.000,36879,3,AY,1,100,-0.009
1863052.000,36879,3,AY,1,100,-0.008
1863092.000,36879,3,AY,1,100,-0.004
1863132.000,36896,2,AY,1,100,-0.008
1863172.000,36896,2,AY,1,100,-0.009
1863212.000,36910,3,AY,1,100,-0.008
1863252.000,36910,3,AY,1,100,-0.008
1863292.000,36910,3,AY,1,100,-0.007
1863332.000,36928,2,AY,1,100,-0.011
1863372.000,36928,2,AY,1,100,-0.009
1863412.000,36944,3,AY,1,100,-0.010
1863452.000,36944,3,AY,1,100,-0.006
1863492.000,36944,3,AY,1,100,-0.009
1863532.000,36961,2,AY,1,100,-0.009
1863572.000,36961,2,AY,1,100,-0.009
1863612.000,36977,3,AY,1,100,-0.006
1863652.000,36977,3,AY,1,100,-0.010
1863692.000,36977,3,AY,1,100,-0.011
1863732.000,36993,2,AY,1,100,-0.007
1863772.000,36993,2,AY,1,100,-0.007
1863812.000,37009,3,AY,1,100,-0.010
1863852.000,37009,3,AY,1,100,-0.010
1863892.000,37009,3,AY,1,100,-0.008
1863932.000,37027,2,AY,1,100,-0.007
1863972.000,37027,2,AY,1,100,-0.008
1864012.000,37043,3,AY,1,100,-0.008
1864052.000,37043,3,AY,1,100,-0.008
1864092.000,37043,3,AY,1,100,-0.004
1864132.000,37058,2,AY,1,100,-0.010
1864172.000,37058,2,AY,1,100,-0.008
1864212.000,37075,3,AY,1,100,-0.006
1864252.000,37075,3,AY,1,100,-0.010
1864292.000,37075,3,AY,1,100,-0.008
1864332.000,37092,3,AY,1,100,-0.010
1864372.000,37092,3,AY,1,100,-0.008
1864412.000,37092,3,AY,1,100,-0.006
1864452.000,37108,2,AY,1,100,-0.011
1864492.000,37108,2,AY,1,100,-0.009
1864532.000,37123,3,AY,1,100,-0.004
1864572.000,37123,3,AY,1,100,-0.012
1864612.000,37123,3,AY,1,100,-0.009
1864652.000,37140,2,AY,1,100,-0.009
1864692.000,37140,2,AY,1,100,-0.007
1864732.000,37157,3,AY,1,100,-0.006
1864772.000,37157,3,AY,1,100,-0.009
1864812.000,37157,3,AY,1,100,-0.009
1864852.000,37173,2,AY,1,100,-0.006
1864892.000,37173,2,AY,1,100,-0.009
1864932.000,37189,3,AY,1,100,-0.007
1864972.000,37189,3,AY,1,100,-0.008
1865012.000,37189,3,AY,1,100,-0.008
1865052.000,37205,2,AY,1,100,-0.008
1865092.000,37205,2,AY,1,100,-0.005
1865132.000,37222,3,AY,1,100,-0.009
1865172.000,37222,3,AY,1,100,-0.009
1865212.000,37222,3,AY,1,100,-0.007
1865252.000,37239,2,AY,1,100,-0.010
1865292.000,37239,2,AY,1,100,-0.007
1865332.000,37254,3,AY,1,100,-0.008
1865372.000,37254,3,AY,1,100,-0.010
1865412.000,37254,3,AY,1,100,-0.011
1865452.000,37270,3,AY,1,100,-0.010
1865492.000,37270,3,AY,1,100,-0.007
1865532.000,37270,3,AY,1,100,-0.008
1865572.000,37287,2,AY,1,100,-0.009
1865612.000,37287,2,AY,1,100,-0.006
1865652.000,37304,3,AY,1,100,-0.008
1865692.000,37304,3,AY,1,100,-0.009
1865732.000,37304,3,AY,1,100,-0.009
1865772.000,37320,2,AY,1,100,-0.010
1865812.000,37320,2,AY,1,100,-0.009
1865852.000,37335,3,AY,1,100,-0.006
1865892.000,37335,3,AY,1,100,-0.010
1865932.000,37335,3,AY,1,100,-0.009
1865972.000,37353,2,AY,1,100,-0.007
1866012.000,37353,2,AY,1,100,-0.009
1866052.000,37369,3,AY,1,100,-0.010
1866092.000,37369,3,AY,1,100,-0.007
1866132.000,37369,3,AY,1,100,-0.009
1866171.750,37387,4,AY,1,100,-0.008
1866211.500,37387,4,AY,1,100,-0.008
1866251.250,37387,4,AY,1,100,-0.013
1866291.000,37387,4,AY,1,100,-0.002
1866331.333,37405,3,AY,1,100,-0.008
1866371.667,37405,3,AY,1,100,-0.012
1866412.000,37405,3,AY,1,100,-0.010
1866452.000,37422,2,AY,1,100,-0.007
1866492.000,37422,2,AY,1,100,-0.008
1866532.000,37436,3,AY,1,100,-0.009
1866572.000,37436,3,AY,1,100,-0.010
1866612.000,37436,3,AY,1,100,-0.006
1866652.000,37454,2,AY,1,100,-0.007
1866692.000,37454,2,AY,1,100,-0.010
1866732.000,37470,3,AY,1,100,-0.006
1866772.000,37470,3,AY,1,100,-0.011
1866812.000,37470,3,AY,1,100,-0.005
1866852.000,37487,3,AY,1,100,-0.008
1866892.000,37487,3,AY,1,100,-0.010
1866932.000,37487,3,AY,1,100,-0.007
1866972.000,37503,2,AY,1,100,-0.010
1867012.000,37503,2,AY,1,100,-0.009
1867052.000,37519,3,AY,1,100,-0.007
1867092.000,37519,3,AY,1,100,-0.009
1867132.000,37519,3,AY,1,100,-0.007
1867171.750,37542,4,AY,1,100,-0.008
1867211.500,37542,4,AY,1,100,-0.007
1867251.250,37542,4,AY,1,100,-0.010
1867291.000,37542,4,AY,1,100,-0.008
1867331.000,37560,2,AY,1,100,-0.008
1867371.000,37560,2,AY,1,100,-0.005
1867411.000,37576,3,AY,1,100,-0.007
1867451.000,37576,3,AY,1,100,-0.009
1867491.000,37576,3,AY,1,100,-0.009
1867531.000,37593,2,AY,1,100,-0.006
1867571.000,37593,2,AY,1,100,-0.009
1867611.000,37609,3,AY,1,100,-0.009
1867651.000,37609,3,AY,1,100,-0.008
1867691.000,37609,3,AY,1,100,-0.009
1867731.000,37625,2,AY,1,100,-0.010
1867771.000,37625,2,AY,1,100,-0.012
1867811.333,37641,3,AY,1,100,-0.006
1867851.667,37641,3,AY,1,100,-0.006
1867892.000,37641,3,AY,1,100,-0.010
1867931.500,37659,2,AY,1,100,-0.008
1867971.000,37659,2,AY,1,100,-0.010
1868011.333,37674,3,AY,1,100,-0.007
1868051.667,37674,3,AY,1,100,-0.014
1868092.000,37674,3,AY,1,100,-0.010
1868131.500,37690,2,AY,1,100,-0.006
1868171.000,37690,2,AY,1,100,-0.010
1868211.000,37707,3,AY,1,100,-0.009
1868251.000,37707,3,AY,1,100,-0.009
1868291.000,37707,3,AY,1,100,-0.008
1868331.500,37724,2,AY,1,100,-0.002
1868372.000,37724,2,AY,1,100,-0.010
1868411.667,37740,3,AY,1,100,-0.010
1868451.333,37740,3,AY,1,100,-0.007
1868491.000,37740,3,AY,1,100,-0.008
1868531.000,37758,3,AY,1,100,-0.007
1868571.000,37758,3,AY,1,100,-0.009
1868611.000,37758,3,AY,1,100,-0.010
1868651.000,37772,3,AY,1,100,-0.004
1868691.000,37772,3,AY,1,100,-0.008
1868731.000,37772,3,AY,1,100,-0.010
1868771.000,37789,2,AY,1,100,-0.007
1868811.000,37789,2,AY,1,100,-0.007
1868851.000,37805,3,AY,1,100,-0.008
1868891.000,37805,3,AY,1,100,-0.008
1868931.000,37805,3,AY,1,100,-0.008
1868971.000,37823,2,AY,1,100,-0.007
1869011.000,37823,2,AY,1,100,-0.009
1869051.000,37837,3,AY,1,100,-0.011
1869091.000,37837,3,AY,1,100,-0.007
1869131.000,37837,3,AY,1,100,-0.007
1869171.000,37854,3,AY,1,100,-0.008
1869211.000,37854,3,AY,1,100,-0.010
1869251.000,37854,3,AY,1,100,-0.008
1869291.000,37871,2,AY,1,100,-0.007
1869331.000,37871,2,AY,1,100,-0.008
1869371.333,37888,3,AY,1,100,-0.008
1869411.667,37888,3,AY,1,100,-0.010
1869452.000,37888,3,AY,1,100,-0.006
1869491.500,37902,2,AY,1,100,-0.006
1869531.000,37902,2,AY,1,100,-0.009
1869571.000,37920,3,AY,1,100,-0.011
1869611.000,37920,3,AY,1,100,-0.007
1869651.000,37920,3,AY,1,100,-0.007
1869691.000,37936,2,AY,1,100,-0.006
1869731.000,37936,2,AY,1,100,-0.008
1869771.000,37953,3,AY,1,100,-0.009
1869811.000,37953,3,AY,1,100,-0.008
1869851.000,37953,3,AY,1,100,-0.006
1869891.000,37967,2,AY,1,100,-0.014
1869931.000,37967,2,AY,1,100,-0.007
1869971.000,37985,3,AY,1,100,-0.003
1870011.000,37985,3,AY,1,100,-0.011
1870051.000,37985,3,AY,1,100,-0.008
1870091.000,38001,2,AY,1,100,-0.010
1870131.000,38001,2,AY,1,100,-0.008
1870171.000,38018,3,AY,1,100,-0.004
1870211.000,38018,3,AY,1,100,-0.014
1870251.000,38018,3,AY,1,100,-0.006
1870291.000,38034,2,AY,1,100,-0.006
1870331.000,38034,2,AY,1,100,-0.010
1870371.000,38050,3,AY,1,100,-0.006
1870411.000,38050,3,AY,1,100,-0.009
1870451.000,38050,3,AY,1,100,-0.009
1870491.000,38066,2,AY,1,100,-0.003
1870531.000,38066,2,AY,1,100,-0.010
1870571.000,38084,3,AY,1,100,-0.008
1870611.000,38084,3,AY,1,100,-0.007
1870651.000,38084,3,AY,1,100,-0.008
1870691.000,38100,3,AY,1,100,-0.008
1870731.000,38100,3,AY,1,100,-0.009
1870771.000,38100,3,AY,1,100,-0.010
1870811.000,38115,3,AY,1,100,-0.006
1870851.000,38115,3,AY,1,100,-0.010
1870891.000,38115,3,AY,1,100,-0.007
1870931.000,38132,2,AY,1,100,-0.006
1870971.000,38132,2,AY,1,100,-0.009
1871011.000,38149,3,AY,1,100,-0.006
1871051.000,38149,3,AY,1,100,-0.006
1871091.000,38149,3,AY,1,100,-0.008
1871131.000,38165,2,AY,1,100,-0.007
1871171.000,38165,2,AY,1,100,-0.006
1871211.000,38181,3,AY,1,100,-0.010
1871251.000,38181,3,AY,1,100,-0.005
1871291.000,38181,3,AY,1,100,-0.007
1871331.000,38199,2,AY,1,100,-0.009
1871371.000,38199,2,AY,1,100,-0.007
1871411.000,38216,3,AY,1,100,-0.007
1871451.000,38216,3,AY,1,100,-0.008
1871491.000,38216,3,AY,1,100,-0.008
1871531.000,38232,2,AY,1,100,-0.010
1871571.000,38232,2,AY,1,100,-0.008
1871611.000,38250,3,AY,1,100,-0.008
1871651.000,38250,3,AY,1,100,-0.010
1871691.000,38250,3,AY,1,100,-0.008
1871731.000,38264,2,AY,1,100,-0.006
1871771.000,38264,2,AY,1,100,-0.009
1871811.000,38281,3,AY,1,100,-0.007
1871851.000,38281,3,AY,1,100,-0.008
1871891.000,38281,3,AY,1,100,-0.010
1871931.000,38298,2,AY,1,100,-0.007
1871971.000,38298,2,AY,1,100,-0.010
1872011.000,38315,3,AY,1,100,-0.009
1872051.000,38315,3,AY,1,100,-0.005
1872091.000,38315,3,AY,1,100,-0.008
1872131.000,38329,3,AY,1,100,-0.006
1872171.000,38329,3,AY,1,100,-0.008
1872211.000,38329,3,AY,1,100,-0.008
1872251.000,38352,4,AY,1,100,-0.007
1872291.000,38352,4,AY,1,100,-0.007
1872331.000,38352,4,AY,1,100,-0.007
1872371.000,38352,4,AY,1,100,-0.008
1872411.000,38368,3,AY,1,100,-0.010
1872451.000,38368,3,AY,1,100,-0.008
1872491.000,38368,3,AY,1,100,-0.008
1872531.000,38383,2,AY,1,100,-0.009
1872571.000,38383,2,AY,1,100,-0.008
1872611.000,38401,3,AY,1,100,-0.007
1872651.000,38401,3,AY,1,100,-0.007
1872691.000,38401,3,AY,1,100,-0.008
1872731.000,38417,2,AY,1,100,-0.010
1872771.000,38417,2,AY,1,100,-0.009
1872811.000,38434,3,AY,1,100,-0.008
1872851.000,38434,3,AY,1,100,-0.007
1872891.000,38434,3,AY,1,100,-0.010
1872931.000,38451,3,AY,1,100,-0.010
1872971.000,38451,3,AY,1,100,-0.008
1873011.000,38451,3,AY,1,100,-0.006
1873051.000,38466,3,AY,1,100,-0.010
1873091.000,38466,3,AY,1,100,-0.009
1873131.000,38466,3,AY,1,100,-0.006
1873171.000,38482,2,AY,1,100,-0.006
1873211.000,38482,2,AY,1,100,-0.009
1873251.000,38500,3,AY,1,100,-0.009
1873291.000,38500,3,AY,1,100,-0.007
1873331.000,38500,3,AY,1,100,-0.006
1873371.000,38516,2,AY,1,100,-0.009
1873411.000,38516,2,AY,1,100,-0.010
1873451.000,38531,3,AY,1,100,-0.006
1873491.000,38531,3,AY,1,100,-0.009
1873531.000,38531,3,AY,1,100,-0.009
1873571.000,38548,2,AY,1,100,-0.008
1873611.000,38548,2,AY,1,100,-0.008
1873651.000,38565,3,AY,1,100,-0.007
1873691.000,38565,3,AY,1,100,-0.008
1873731.000,38565,3,AY,1,100,-0.010
1873771.000,38581,2,AY,1,100,-0.008
1873811.000,38581,2,AY,1,100,-0.009
1873851.000,38596,3,AY,1,100,-0.008
1873891.000,38596,3,AY,1,100,-0.009
1873931.000,38596,3,AY,1,100,-0.006
1873971.000,38613,3,AY,1,100,-0.008
1874011.000,38613,3,AY,1,100,-0.007
1874051.000,38613,3,AY,1,100,-0.009
1874091.000,38630,2,AY,1,100,-0.008
1874131.000,38630,2,AY,1,100,-0.007
1874171.000,38646,3,AY,1,100,-0.008
1874211.000,38646,3,AY,1,100,-0.010
1874251.000,38646,3,AY,1,100,-0.009
1874291.000,38662,2,AY,1,100,-0.008
1874331.000,38662,2,AY,1,100,-0.008
1874371.000,38678,3,AY,1,100,-0.010
1874411.000,38678,3,AY,1,100,-0.007
1874451.000,38678,3,AY,1,100,-0.008
1874491.000,38695,2,AY,1,100,-0.009
1874531.000,38695,2,AY,1,100,-0.009
1874571.000,38712,3,AY,1,100,-0.009
1874611.000,38712,3,AY,1,100,-0.008
1874651.000,38712,3,AY,1,100,-0.009
1874691.000,38727,2,AY,1,100,-0.007
1874731.000,38727,2,AY,1,100,-0.005
1874771.000,38743,3,AY,1,100,-0.008
1874811.000,38743,3,AY,1,100,-0.012
1874851.000,38743,3,AY,1,100,-0.006
1874891.000,38760,2,AY,1,100,-0.003
1874931.000,38760,2,AY,1,100,-0.012
1874971.000,38777,3,AY,1,100,-0.010
1875011.000,38777,3,AY,1,100,-0.004
1875051.000,38777,3,AY,1,100,-0.006
1875091.000,38793,2,AY,1,100,-0.007
1875131.000,38793,2,AY,1,100,-0.009
1875171.000,38808,3,AY,1,100,-0.010
1875211.000,38808,3,AY,1,100,-0.003
1875251.000,38808,3,AY,1,100,-0.007
1875291.000,38826,3,AY,1,100,-0.013
1875331.000,38826,3,AY,1,100,-0.007
1875371.000,38826,3,AY,1,100,-0.005
1875411.000,38842,3,AY,1,100,-0.006
1875451.000,38842,3,AY,1,100,-0.010
1875491.000,38842,3,AY,1,100,-0.011
1875531.000,38859,2,AY,1,100,-0.005
1875571.000,38859,2,AY,1,100,-0.006
1875611.000,38875,3,AY,1,100,-0.010
1875651.000,38875,3,AY,1,100,-0.010
1875691.000,38875,3,AY,1,100,-0.006
1875731.000,38891,2,AY,1,100,-0.007
1875771.000,38891,2,AY,1,100,-0.010
1875811.000,38907,3,AY,1,100,-0.011
1875851.000,38907,3,AY,1,100,-0.007
1875891.000,38907,3,AY,1,100,-0.007
1875931.000,38925,2,AY,1,100,-0.008
1875971.000,38925,2,AY,1,100,-0.010
1876011.000,38941,3,AY,1,100,-0.006
1876051.000,38941,3,AY,1,100,-0.009
1876091.000,38941,3,AY,1,100,-0.008
1876131.000,38956,2,AY,1,100,-0.008
1876171.000,38956,2,AY,1,100,-0.010
1876211.000,38973,3,AY,1,100,-0.008
1876251.000,38973,3,AY,1,100,-0.007
1876291.000,38973,3,AY,1,100,-0.010
1876331.000,38992,2,AY,1,100,-0.008
1876371.000,38992,2,AY,1,100,-0.006
1876411.000,39008,3,AY,1,100,-0.007
1876451.000,39008,3,AY,1,100,-0.008
1876491.000,39008,3,AY,1,100,-0.006
1876531.000,39023,3,AY,1,100,-0.008
1876571.000,39023,3,AY,1,100,-0.009
1876611.000,39023,3,AY,1,100,-0.009
1876651.000,39040,2,AY,1,100,-0.010
1876691.000,39040,2,AY,1,100,-0.009
1876731.000,39057,3,AY,1,100,-0.008
1876771.000,39057,3,AY,1,100,-0.009
1876811.000,39057,3,AY,1,100,-0.009
1876851.000,39073,2,AY,1,100,-0.007
1876891.000,39073,2,AY,1,100,-0.008
1876931.000,39089,3,AY,1,100,-0.009
1876971.000,39089,3,AY,1,100,-0.008
1877011.000,39089,3,AY,1,100,-0.009
1877051.000,39105,2,AY,1,100,-0.009
1877091.000,39105,2,AY,1,100,-0.010
1877131.000,39122,3,AY,1,100,-0.008
1877171.000,39122,3,AY,1,100,-0.007
1877211.000,39122,3,AY,1,100,-0.008
1877250.667,39139,3,AY,1,100,-0.009
1877290.333,39139,3,AY,1,100,-0.008
1877330.000,39139,3,AY,1,100,-0.007
1877370.000,39161,4,AY,1,100,-0.007
1877410.000,39161,4,AY,1,100,-0.009
1877450.000,39161,4,AY,1,100,-0.010
1877490.000,39161,4,AY,1,100,-0.005
1877530.000,39177,3,AY,1,100,-0.008
1877570.000,39177,3,AY,1,100,-0.012
1877610.000,39177,3,AY,1,100,-0.006
1877650.000,39195,3,AY,1,100,-0.008
1877690.000,39195,3,AY,1,100,-0.009
1877730.000,39195,3,AY,1,100,-0.010
1877770.500,39211,2,AY,1,100,-0.010
1877811.000,39211,2,AY,1,100,-0.006
1877851.000,39226,3,AY,1,100,-0.010
1877891.000,39226,3,AY,1,100,-0.008
1877931.000,39226,3,AY,1,100,-0.007
1877971.000,39243,2,AY,1,100,-0.006
1878011.000,39243,2,AY,1,100,-0.010
1878051.000,39260,3,AY,1,100,-0.011
1878091.000,39260,3,AY,1,100,-0.004
1878131.000,39260,3,AY,1,100,-0.006
1878170.500,39276,2,AY,1,100,-0.011
1878210.000,39276,2,AY,1,100,-0.010
1878250.000,39292,3,AY,1,100,-0.005
1878290.000,39292,3,AY,1,100,-0.009
1878330.000,39292,3,AY,1,100,-0.008
1878370.000,39308,3,AY,1,100,-0.008
1878410.000,39308,3,AY,1,100,-0.009
1878450.000,39308,3,AY,1,100,-0.007
1878490.000,39325,2,AY,1,100,-0.010
1878530.000,39325,2,AY,1,100,-0.009
1878570.000,39342,3,AY,1,100,-0.009
1878610.000,39342,3,AY,1,100,-0.006
1878650.000,39342,3,AY,1,100,-0.007
1878690.000,39357,2,AY,1,100,-0.010
1878730.000,39357,2,AY,1,100,-0.010
1878770.000,39373,3,AY,1,100,-0.006
1878810.000,39373,3,AY,1,100,-0.008
1878850.000,39373,3,AY,1,100,-0.010
1878890.000,39390,2,AY,1,100,-0.009
1878930.000,39390,2,AY,1,100,-0.008
1878970.000,39407,3,AY,1,100,-0.007
1879010.000,39407,3,AY,1,100,-0.010
1879050.000,39407,3,AY,1,100,-0.009
1879090.000,39422,2,AY,1,100,-0.004
1879130.000,39422,2,AY,1,100,-0.011
1879170.000,39438,3,AY,1,100,-0.010
1879210.000,39438,3,AY,1,100,-0.006
1879250.000,39438,3,AY,1,100,-0.010
1879290.000,39456,2,AY,1,100,-0.009
1879330.000,39456,2,AY,1,100,-0.007
1879370.000,39472,3,AY,1,100,-0.006
1879410.000,39472,3,AY,1,100,-0.007
1879450.000,39472,3,AY,1,100,-0.010
1879490.000,39488,2,AY,1,100,-0.009
1879530.000,39488,2,AY,1,100,-0.006
1879570.000,39504,3,AY,1,100,-0.008
1879610.000,39504,3,AY,1,100,-0.008
1879650.000,39504,3,AY,1,100,-0.009
1879690.000,39521,2,AY,1,100,-0.010
1879730.000,39521,2,AY,1,100,-0.001
1879770.000,39537,3,AY,1,100,-0.010
1879810.000,39537,3,AY,1,100,-0.013
1879850.000,39537,3,AY,1,100,-0.004
1879890.000,39555,3,AY,1,100,-0.011
1879930.000,39555,3,AY,1,100,-0.009
1879970.000,39555,3,AY,1,100,-0.006
1880010.000,39569,2,AY,1,100,-0.011
1880050.000,39569,2,AY,1,100,-0.005
1880090.000,39586,3,AY,1,100,-0.008
1880130.000,39586,3,AY,1,100,-0.009
1880170.000,39586,3,AY,1,100,-0.005
1880210.000,39602,3,AY,1,100,-0.008
1880250.000,39602,3,AY,1,100,-0.009
1880290.000,39602,3,AY,1,100,-0.005
1880330.000,39620,2,AY,1,100,-0.010
1880370.000,39620,2,AY,1,100,-0.009
1880410.000,39634,3,AY,1,100,-0.005
1880450.000,39634,3,AY,1,100,-0.011
1880490.000,39634,3,AY,1,100,-0.010
1880530.000,39651,2,AY,1,100,-0.008
1880570.000,39651,2,AY,1,100,-0.010
1880610.000,39668,3,AY,1,100,-0.005
1880650.000,39668,3,AY,1,100,-0.011
1880690.000,39668,3,AY,1,100,-0.008
1880730.000,39685,2,AY,1,100,-0.005
1880770.000,39685,2,AY,1,100,-0.011
1880810.000,39700,3,AY,1,100,-0.006
1880850.000,39700,3,AY,1,100,-0.009
1880890.000,39700,3,AY,1,100,-0.009
1880930.000,39717,2,AY,1,100,-0.008
1880970.000,39717,2,AY,1,100,-0.010
1881010.000,39733,3,AY,1,100,-0.011
1881050.000,39733,3,AY,1,100,-0.007
1881090.000,39733,3,AY,1,100,-0.007
1881130.000,39750,2,AY,1,100,-0.009
1881170.000,39750,2,AY,1,100,-0.007
1881210.000,39767,3,AY,1,100,-0.008
1881250.000,39767,3,AY,1,100,-0.012
1881290.000,39767,3,AY,1,100,-0.004
1881330.500,39784,2,AY,1,100,-0.010
1881371.000,39784,2,AY,1,100,-0.010
1881410.667,39800,3,AY,1,100,-0.008
1881450.333,39800,3,AY,1,100,-0.010
1881490.000,39800,3,AY,1,100,-0.009
1881530.333,39817,3,AY,1,100,-0.005
1881570.667,39817,3,AY,1,100,-0.012
1881611.000,39817,3,AY,1,100,-0.007
1881651.000,39834,2,AY,1,100,-0.004
1881691.000,39834,2,AY,1,100,-0.012
1881731.000,39849,3,AY,1,100,-0.008
1881771.000,39849,3,AY,1,100,-0.010
1881811.000,39849,3,AY,1,100,-0.010
1881851.000,39865,2,AY,1,100,-0.005
1881891.000,39865,2,AY,1,100,-0.009
1881931.000,39883,5,AY,1,100,-0.009
1881971.000,39883,5,AY,1,100,-0.005
1882011.000,39883,5,AY,1,100,-0.008
1882051.000,39883,5,AY,1,100,-0.010
1882091.000,39883,5,AY,1,100,-0.009
1882131.000,39899,4,AY,1,100,-0.009
1882171.000,39899,4,AY,1,100,-0.007
1882211.000,39899,4,AY,1,100,-0.009
1882251.000,39899,4,AY,1,100,-0.008
1882291.000,39917,5,AY,1,100,-0.007
1882331.000,39917,5,AY,1,100,-0.007
1882371.000,39917,5,AY,1,100,-0.008
1882411.000,39917,5,AY,1,100,-0.008
1882451.000,39917,5,AY,1,100,-0.009
1882491.000,39940,6,AY,1,100,-0.007
1882531.000,39940,6,AY,1,100,-0.008
1882571.000,39940,6,AY,1,100,-0.009
1882611.000,39940,6,AY,1,100,-0.007
1882651.000,39940,6,AY,1,100,-0.007
1882691.000,39940,6,AY,1,100,-0.009
1882731.000,39956,3,AY,1,100,-0.010
1882771.000,39956,3,AY,1,100,-0.009
1882811.000,39956,3,AY,1,100,-0.008
1882851.000,39973,2,AY,1,100,-0.007
1882891.000,39973,2,AY,1,100,-0.009
1882931.000,39988,3,AY,1,100,-0.010
1882971.000,39988,3,AY,1,100,-0.008
1883011.000,39988,3,AY,1,100,-0.007
1883051.000,40005,2,AY,1,100,-0.007
1883091.000,40005,2,AY,1,100,-0.007
1883131.000,40021,3,AY,1,100,-0.013
1883171.000,40021,3,AY,1,100,-0.010
1883211.000,40021,3,AY,1,100,-0.001
1883251.000,40039,2,AY,1,100,-0.013
1883291.000,40039,2,AY,1,100,-0.009
1883331.000,40054,3,AY,1,100,-0.006
1883371.000,40054,3,AY,1,100,-0.014
1883411.000,40054,3,AY,1,100,-0.004
1883451.000,40070,3,AY,1,100,-0.008
1883491.000,40070,3,AY,1,100,-0.012
1883531.000,40070,3,AY,1,100,-0.005
1883571.000,40086,2,AY,1,100,-0.009
1883611.000,40086,2,AY,1,100,-0.010
1883651.000,40104,3,AY,1,100,-0.008
1883691.000,40104,3,AY,1,100,-0.010
1883731.000,40104,3,AY,1,100,-0.007
1883771.000,40120,2,AY,1,100,-0.006
1883811.000,40120,2,AY,1,100,-0.010
1883851.000,40135,3,AY,1,100,-0.009
1883891.000,40135,3,AY,1,100,-0.005
1883931.000,40135,3,AY,1,100,-0.007
1883971.000,40152,2,AY,1,100,-0.011
1884011.000,40152,2,AY,1,100,-0.010
1884051.000,40169,3,AY,1,100,-0.008
1884091.000,40169,3,AY,1,100,-0.010
1884131.000,40169,3,AY,1,100,-0.004
1884171.000,40185,2,AY,1,100,-0.008
1884211.000,40185,2,AY,1,100,-0.009
1884251.000,40201,3,AY,1,100,-0.006
1884291.000,40201,3,AY,1,100,-0.010
1884331.000,40201,3,AY,1,100,-0.010
1884371.000,40217,2,AY,1,100,-0.006
1884411.000,40217,2,AY,1,100,-0.008
1884450.667,40234,3,AY,1,100,-0.008
1884490.333,40234,3,AY,1,100,-0.009
1884530.000,40234,3,AY,1,100,-0.007
1884570.500,40251,2,AY,1,100,-0.007
1884611.000,40251,2,AY,1,100,-0.008
1884650.667,40266,3,AY,1,100,-0.011
1884690.333,40266,3,AY,1,100,-0.007
1884730.000,40266,3,AY,1,100,-0.008
1884770.000,40282,3,AY,1,100,-0.008
1884810.000,40282,3,AY,1,100,-0.009
1884850.000,40282,3,AY,1,100,-0.009
1884890.000,40299,2,AY,1,100,-0.008
1884930.000,40299,2,AY,1,100,-0.006
1884970.000,40316,3,AY,1,100,-0.009
1885010.000,40316,3,AY,1,100,-0.005
1885050.000,40316,3,AY,1,100,-0.007
1885090.000,40331,2,AY,1,100,-0.009
1885130.000,40331,2,AY,1,100,-0.007
1885170.000,40347,3,AY,1,100,-0.008
1885210.000,40347,3,AY,1,100,-0.009
1885250.000,40347,3,AY,1,100,-0.008
1885290.000,40365,2,AY,1,100,-0.009
1885330.000,40365,2,AY,1,100,-0.007
1885370.000,40381,3,AY,1,100,-0.008
1885410.000,40381,3,AY,1,100,-0.009
1885450.000,40381,3,AY,1,100,-0.006
1885490.000,40397,2,AY,1,100,-0.007
1885530.000,40397,2,AY,1,100,-0.011
1885570.000,40413,3,AY,1,100,-0.009
1885610.000,40413,3,AY,1,100,-0.009
1885650.000,40413,3,AY,1,100,-0.006
1885690.000,40430,2,AY,1,100,-0.005
1885730.000,40430,2,AY,1,100,-0.008
1885770.000,40446,3,AY,1,100,-0.011
1885810.000,40446,3,AY,1,100,-0.007
1885850.000,40446,3,AY,1,100,-0.006
1885890.000,40462,2,AY,1,100,-0.007
1885930.000,40462,2,AY,1,100,-0.013
1885970.000,40478,3,AY,1,100,-0.012
1886010.000,40478,3,AY,1,100,-0.001
1886050.000,40478,3,AY,1,100,-0.007
1886090.000,40495,3,AY,1,100,-0.008
1886130.000,40495,3,AY,1,100,-0.010
1886170.000,40495,3,AY,1,100,-0.010
1886210.000,40511,2,AY,1,100,-0.004
1886250.000,40511,2,AY,1,100,-0.007
1886290.000,40531,3,AY,1,100,-0.016
1886330.000,40531,3,AY,1,100,-0.010
1886370.000,40531,3,AY,1,100,-0.004
1886410.000,40545,2,AY,1,100,-0.008
1886450.000,40545,2,AY,1,100,-0.007
1886490.000,40562,3,AY,1,100,-0.013
1886530.000,40562,3,AY,1,100,0.003
1886570.000,40562,3,AY,1,100,-0.016
1886610.000,40579,2,AY,1,100,-0.007
1886650.000,40579,2,AY,1,100,0.007
1886690.000,40596,3,AY,1,100,-0.021
1886730.000,40596,3,AY,1,100,-0.016
1886770.000,40596,3,AY,1,100,0.004
1886810.000,40610,2,AY,1,100,-0.005
1886850.000,40610,2,AY,1,100,-0.017
1886890.000,40628,3,AY,1,100,-0.016
1886930.000,40628,3,AY,1,100,-0.001
1886970.000,40628,3,AY,1,100,-0.004
1887010.000,40644,2,AY,1,100,-0.011
1887050.000,40644,2,AY,1,100,-0.011
1887090.000,40661,3,AY,1,100,-0.010
1887130.000,40661,3,AY,1,100,0.003
1887170.000,40661,3,AY,1,100,-0.009
1887210.000,40675,2,AY,1,100,-0.020
1887250.000,40675,2,AY,1,100,-0.005
1887290.000,40693,3,AY,1,100,0.001
1887330.000,40693,3,AY,1,100,-0.010
1887370.000,40693,3,AY,1,100,-0.012
1887410.000,40709,3,AY,1,100,-0.009
1887450.000,40709,3,AY,1,100,-0.001
1887490.000,40709,3,AY,1,100,-0.007
1887530.000,40726,2,AY,1,100,-0.014
1887570.000,40726,2,AY,1,100,-0.009
1887610.000,40741,3,AY,1,100,-0.003
1887650.000,40741,3,AY,1,100,-0.008
1887690.000,40741,3,AY,1,100,-0.010
1887730.000,40762,3,AY,1,100,-0.012
1887770.000,40762,3,AY,1,100,-0.006
1887810.000,40762,3,AY,1,100,-0.005
1887850.000,40776,3,AY,1,100,-0.012
1887890.000,40776,3,AY,1,100,-0.010
1887930.000,40776,3,AY,1,100,-0.005
1887970.000,40794,2,AY,1,100,-0.006
1888010.000,40794,2,AY,1,100,-0.010
1888050.000,40810,3,AY,1,100,-0.013
1888090.000,40810,3,AY,1,100,-0.005
1888130.000,40810,3,AY,1,100,-0.004
1888170.000,40827,3,AY,1,100,-0.013
1888210.000,40827,3,AY,1,100,-0.011
1888250.000,40827,3,AY,1,100,-0.004
1888290.000,40842,2,AY,1,100,-0.008
1888330.000,40842,2,AY,1,100,-0.008
1888370.000,40859,3,AY,1,100,-0.008
1888410.000,40859,3,AY,1,100,-0.008
1888450.000,40859,3,AY,1,100,-0.005
1888490.000,40875,2,AY,1,100,-0.007
1888530.000,40875,2,AY,1,100,-0.010
1888570.000,40893,3,AY,1,100,-0.008
1888610.000,40893,3,AY,1,100,-0.008
1888650.000,40893,3,AY,1,100,-0.005
1888696.500,40907,2,AY,1,100,-0.009
1888743.000,40907,2,AY,1,100,-0.008
1888778.667,40924,3,AY,1,100,-0.006
1888814.333,40924,3,AY,1,100,-0.008
1888850.000,40924,3,AY,1,100,-0.010
1888896.500,40940,2,AY,1,100,-0.009
1888943.000,40940,2,AY,1,100,-0.008
1888983.000,40958,3,AY,1,100,-0.008
1889023.000,40958,3,AY,1,100,-0.009
1889063.000,40958,3,AY,1,100,-0.008
1889103.000,40973,2,AY,1,100,-0.007
1889143.000,40973,2,AY,1,100,-0.006
1889183.000,40989,3,AY,1,100,-0.010
1889223.000,40989,3,AY,1,100,-0.009
1889263.000,40989,3,AY,1,100,-0.007
1889303.000,41006,2,AY,1,100,-0.008
1889343.000,41006,2,AY,1,100,-0.006
1889383.000,41023,3,AY,1,100,-0.008
1889423.000,41023,3,AY,1,100,-0.011
1889463.000,41023,3,AY,1,100,-0.005
1889503.000,41038,2,AY,1,100,-0.006
1889543.000,41038,2,AY,1,100,-0.010
1889583.000,41055,3,AY,1,100,-0.004
1889623.000,41055,3,AY,1,100,-0.006
1889663.000,41055,3,AY,1,100,-0.006
1889703.000,41071,2,AY,1,100,-0.007
1889743.000,41071,2,AY,1,100,-0.014
1889783.000,41088,3,AY,1,100,-0.004
1889823.000,41088,3,AY,1,100,-0.007
1889863.000,41088,3,AY,1,100,-0.010
1889903.000,41105,2,AY,1,100,-0.009
1889943.000,41105,2,AY,1,100,-0.008
1889983.000,41120,3,AY,1,100,-0.007
1890023.000,41120,3,AY,1,100,-0.004
1890063.000,41120,3,AY,1,100,-0.012
1890103.000,41136,2,AY,1,100,-0.006
1890143.000,41136,2,AY,1,100,-0.004
1890183.000,41153,3,AY,1,100,-0.011
1890223.000,41153,3,AY,1,100,-0.008
1890263.000,41153,3,AY,1,100,-0.007
1890302.500,41170,2,AY,1,100,-0.007
1890342.000,41170,2,AY,1,100,-0.006
1890382.333,41185,3,AY,1,100,-0.011
1890422.667,41185,3,AY,1,100,-0.009
1890463.000,41185,3,AY,1,100,-0.005
1890503.000,41201,3,AY,1,100,-0.007
1890543.000,41201,3,AY,1,100,-0.011
1890583.000,41201,3,AY,1,100,-0.007
1890623.000,41219,2,AY,1,100,-0.006
1890663.000,41219,2,AY,1,100,-0.009
1890703.000,41235,3,AY,1,100,-0.009
1890743.000,41235,3,AY,1,100,-0.009
1890783.000,41235,3,AY,1,100,-0.007
1890823.000,41250,2,AY,1,100,-0.009
1890863.000,41250,2,AY,1,100,-0.009
1890902.667,41267,3,AY,1,100,-0.009
1890942.333,41267,3,AY,1,100,-0.009
1890982.000,41267,3,AY,1,100,-0.006
1891022.000,41284,2,AY,1,100,-0.010
1891062.000,41284,2,AY,1,100,-0.010
1891102.000,41300,3,AY,1,100,-0.008
1891142.000,41300,3,AY,1,100,-0.008
1891182.000,41300,3,AY,1,100,-0.007
1891222.500,41315,2,AY,1,100,-0.009
1891263.000,41315,2,AY,1,100,-0.008
1891303.000,41334,3,AY,1,100,-0.008
1891343.000,41334,3,AY,1,100,-0.008
1891383.000,41334,3,AY,1,100,-0.007
1891423.000,41351,2,AY,1,100,-0.008
1891463.000,41351,2,AY,1,100,-0.007
1891502.667,41367,3,AY,1,100,-0.009
1891542.333,41367,3,AY,1,100,-0.010
1891582.000,41367,3,AY,1,100,-0.008
1891622.000,41384,2,AY,1,100,-0.009
1891662.000,41384,2,AY,1,100,-0.009
1891702.000,41399,3,AY,1,100,-0.008
1891742.000,41399,3,AY,1,100,-0.008
1891782.000,41399,3,AY,1,100,-0.007
1891822.000,41416,3,AY,1,100,-0.009
1891862.000,41416,3,AY,1,100,-0.010
1891902.000,41416,3,AY,1,100,-0.006
1891942.500,41433,2,AY,1,100,-0.007
1891983.000,41433,2,AY,1,100,-0.010
1892022.667,41450,3,AY,1,100,-0.007
1892062.333,41450,3,AY,1,100,-0.008
1892102.000,41450,3,AY,1,100,-0.009
1892142.000,41464,2,AY,1,100,-0.009
1892182.000,41464,2,AY,1,100,-0.009
1892222.000,41482,3,AY,1,100,-0.009
1892262.000,41482,3,AY,1,100,-0.009
1892302.000,41482,3,AY,1,100,-0.009
1892342.000,41498,2,AY,1,100,-0.008
1892382.000,41498,2,AY,1,100,-0.004
1892422.000,41515,3,AY,1,100,-0.008
1892462.000,41515,3,AY,1,100,-0.011
1892502.000,41515,3,AY,1,100,-0.011
1892542.000,41529,2,AY,1,100,-0.002
1892582.000,41529,2,AY,1,100,-0.009
1892622.000,41547,3,AY,1,100,-0.016
1892662.000,41547,3,AY,1,100,-0.005
1892702.000,41547,3,AY,1,100,-0.002
1892742.000,41563,2,AY,1,100,-0.008
1892782.000,41563,2,AY,1,100,-0.009
1892822.000,41586,4,AY,1,100,-0.011
1892862.000,41586,4,AY,1,100,-0.006
1892902.000,41586,4,AY,1,100,-0.008
1892942.000,41586,4,AY,1,100,-0.010
1892982.000,41603,3,AY,1,100,-0.012
1893022.000,41603,3,AY,1,100,-0.007
1893062.000,41603,3,AY,1,100,-0.008
1893102.000,41619,2,AY,1,100,-0.008
1893142.000,41619,2,AY,1,100,-0.010
1893182.000,41634,3,AY,1,100,-0.010
1893222.000,41634,3,AY,1,100,-0.006
1893262.000,41634,3,AY,1,100,-0.008
1893302.000,41652,2,AY,1,100,-0.010
1893342.000,41652,2,AY,1,100,-0.006
1893382.000,41668,3,AY,1,100,-0.007
1893422.000,41668,3,AY,1,100,-0.010
1893462.000,41668,3,AY,1,100,-0.009
1893502.000,41684,2,AY,1,100,-0.011
1893542.000,41684,2,AY,1,100,-0.003
1893582.000,41700,3,AY,1,100,-0.010
1893622.000,41700,3,AY,1,100,-0.013
1893662.000,41700,3,AY,1,100,-0.005
1893702.000,41717,2,AY,1,100,-0.005
1893742.000,41717,2,AY,1,100,-0.010
1893782.000,41733,3,AY,1,100,-0.008
1893822.000,41733,3,AY,1,100,-0.007
1893862.000,41733,3,AY,1,100,-0.006
1893902.000,41751,2,AY,1,100,-0.009
1893942.000,41751,2,AY,1,100,-0.010
1893982.000,41765,3,AY,1,100,-0.007
1894022.000,41765,3,AY,1,100,-0.005
1894062.000,41765,3,AY,1,100,-0.009
1894102.000,41782,2,AY,1,100,-0.006
1894142.000,41782,2,AY,1,100,-0.006
1894182.000,41798,3,AY,1,100,-0.010
1894222.000,41798,3,AY,1,100,-0.008
1894262.000,41798,3,AY,1,100,-0.008
1894302.000,41816,2,AY,1,100,-0.007
1894342.000,41816,2,AY,1,100,-0.007
1894382.000,41830,3,AY,1,100,-0.009
1894422.000,41830,3,AY,1,100,-0.008
1894462.000,41830,3,AY,1,100,-0.006
1894502.000,41847,3,AY,1,100,-0.007
1894542.000,41847,3,AY,1,100,-0.009
1894582.000,41847,3,AY,1,100,-0.011
1894622.000,41864,2,AY,1,100,-0.008
1894662.000,41864,2,AY,1,100,-0.006
1894702.000,41881,3,AY,1,100,-0.009
1894742.000,41881,3,AY,1,100,-0.010
1894782.000,41881,3,AY,1,100,-0.007
1894822.000,41895,2,AY,1,100,-0.006
1894862.000,41895,2,AY,1,100,-0.008
1894902.000,41913,3,AY,1,100,-0.014
1894942.000,41913,3,AY,1,100,-0.008
1894982.000,41913,3,AY,1,100,-0.003
1895022.000,41929,2,AY,1,100,-0.010
1895062.000,41929,2,AY,1,100,-0.011
1895102.000,41946,3,AY,1,100,-0.007
1895142.000,41946,3,AY,1,100,-0.007
1895182.000,41946,3,AY,1,100,-0.006
1895222.000,41960,2,AY,1,100,-0.011
1895262.000,41960,2,AY,1,100,-0.009
1895302.000,41978,3,AY,1,100,-0.005
1895342.000,41978,3,AY,1,100,-0.010
1895382.000,41978,3,AY,1,100,-0.011
1895422.000,41994,2,AY,1,100,-0.007
1895462.000,41994,2,AY,1,100,-0.008
1895502.000,42011,3,AY,1,100,-0.007
1895542.000,42011,3,AY,1,100,-0.010
1895582.000,42011,3,AY,1,100,-0.008
1895622.000,42027,2,AY,1,100,-0.007
1895662.000,42027,2,AY,1,100,-0.008
1895702.000,42043,3,AY,1,100,-0.010
1895742.000,42043,3,AY,1,100,-0.010
1895782.000,42043,3,AY,1,100,-0.007
1895822.000,42059,2,AY,1,100,-0.006
1895862.000,42059,2,AY,1,100,-0.009
1895902.000,42077,3,AY,1,100,-0.009
1895942.000,42077,3,AY,1,100,-0.006
1895982.000,42077,3,AY,1,100,-0.005
1896022.000,42093,3,AY,1,100,-0.010
1896062.000,42093,3,AY,1,100,-0.010
1896102.000,42093,3,AY,1,100,-0.007
1896142.000,42108,2,AY,1,100,-0.007
1896182.000,42108,2,AY,1,100,-0.010
1896222.000,42125,3,AY,1,100,-0.011
1896262.000,42125,3,AY,1,100,-0.008
1896302.000,42125,3,AY,1,100,-0.006
1896342.000,42144,2,AY,1,100,-0.006
1896382.000,42144,2,AY,1,100,-0.008
1896422.000,42160,3,AY,1,100,-0.006
1896462.000,42160,3,AY,1,100,-0.008
1896502.000,42160,3,AY,1,100,-0.007
1896542.000,42175,2,AY,1,100,-0.009
1896582.000,42175,2,AY,1,100,-0.012
1896622.000,42192,3,AY,1,100,-0.007
1896662.000,42192,3,AY,1,100,-0.008
1896702.000,42192,3,AY,1,100,-0.010
1896742.000,42209,2,AY,1,100,-0.008
1896782.000,42209,2,AY,1,100,-0.009
1896822.000,42225,3,AY,1,100,-0.010
1896862.000,42225,3,AY,1,100,-0.005
1896902.000,42225,3,AY,1,100,-0.008
1896942.000,42241,2,AY,1,100,-0.008
1896982.000,42241,2,AY,1,100,-0.008
1897022.000,42257,3,AY,1,100,-0.009
1897062.000,42257,3,AY,1,100,-0.009
1897102.000,42257,3,AY,1,100,-0.007
1897142.000,42274,2,AY,1,100,-0.009
1897182.000,42274,2,AY,1,100,-0.008
1897222.000,42291,3,AY,1,100,-0.010
1897262.000,42291,3,AY,1,100,-0.007
1897302.000,42291,3,AY,1,100,-0.008
1897342.000,42306,2,AY,1,100,-0.011
1897382.000,42306,2,AY,1,100,-0.007
1897422.000,42322,3,AY,1,100,-0.009
1897462.000,42322,3,AY,1,100,-0.010
1897502.000,42322,3,AY,1,100,-0.008
1897542.000,42339,3,AY,1,100,-0.007
1897582.000,42339,3,AY,1,100,-0.008
1897622.000,42339,3,AY,1,100,-0.010
1897662.000,42356,2,AY,1,100,-0.009
1897702.000,42356,2,AY,1,100,-0.004
1897742.000,42372,3,AY,1,100,-0.009
1897782.000,42372,3,AY,1,100,-0.009
1897822.000,42372,3,AY,1,100,-0.010
1897862.000,42387,2,AY,1,100,-0.006
1897902.000,42387,2,AY,1,100,-0.008
1897942.000,42410,4,AY,1,100,-0.010
1897982.000,42410,4,AY,1,100,-0.008
1898022.000,42410,4,AY,1,100,-0.006
1898062.000,42410,4,AY,1,100,-0.011
1898102.000,42426,2,AY,1,100,-0.009
1898142.000,42426,2,AY,1,100,-0.008
1898182.000,42443,3,AY,1,100,-0.006
1898222.000,42443,3,AY,1,100,-0.009
1898262.000,42443,3,AY,1,100,-0.010
1898302.000,42460,2,AY,1,100,-0.010
1898342.000,42460,2,AY,1,100,-0.006
1898382.000,42475,3,AY,1,100,-0.008
1898422.000,42475,3,AY,1,100,-0.009
1898462.000,42475,3,AY,1,100,-0.008
1898502.000,42491,3,AY,1,100,-0.006
1898542.000,42491,3,AY,1,100,-0.006
1898582.000,42491,3,AY,1,100,-0.009
1898622.000,42509,2,AY,1,100,-0.009
1898662.000,42509,2,AY,1,100,-0.006
1898702.000,42525,3,AY,1,100,-0.007
1898742.000,42525,3,AY,1,100,-0.009
1898782.000,42525,3,AY,1,100,-0.008
1898822.000,42540,2,AY,1,100,-0.008
1898862.000,42540,2,AY,1,100,-0.008
1898902.000,42557,3,AY,1,100,-0.008
1898942.000,42557,3,AY,1,100,-0.009
1898982.000,42557,3,AY,1,100,-0.008
1899022.000,42574,2,AY,1,100,-0.007
1899062.000,42574,2,AY,1,100,-0.007
1899102.000,42590,3,AY,1,100,-0.010
1899142.000,42590,3,AY,1,100,-0.007
1899182.000,42590,3,AY,1,100,-0.006
1899222.000,42605,2,AY,1,100,-0.007
1899262.000,42605,2,AY,1,100,-0.010
1899302.000,42622,3,AY,1,100,-0.006
1899342.000,42622,3,AY,1,100,-0.007
1899382.000,42622,3,AY,1,100,-0.005
1899422.000,42639,2,AY,1,100,-0.009
1899462.000,42639,2,AY,1,100,-0.009
1899502.000,42655,3,AY,1,100,-0.006
1899542.000,42655,3,AY,1,100,-0.007
1899582.000,42655,3,AY,1,100,-0.011
1899622.000,42672,2,AY,1,100,-0.008
1899662.000,42672,2,AY,1,100,-0.008
1899702.000,42687,3,AY,1,100,-0.006
1899742.000,42687,3,AY,1,100,-0.012
1899782.000,42687,3,AY,1,100,-0.008
1899822.000,42704,2,AY,1,100,-0.006
1899862.000,42704,2,AY,1,100,-0.010
1899902.000,42721,3,AY,1,100,-0.008
1899942.000,42721,3,AY,1,100,-0.009
1899982.000,42721,3,AY,1,100,-0.008
1900022.000,42737,2,AY,1,100,-0.005
1900062.000,42737,2,AY,1,100,-0.010
1900102.000,42752,3,AY,1,100,-0.005
1900142.000,42752,3,AY,1,100,-0.010
1900182.000,42752,3,AY,1,100,-0.004
1900222.000,42770,3,AY,1,100,-0.005
1900262.000,42770,3,AY,1,100,-0.010
1900302.000,42770,3,AY,1,100,-0.008
1900342.000,42786,2,AY,1,100,-0.010
1900382.000,42786,2,AY,1,100,-0.005
1900422.000,42803,3,AY,1,100,-0.013
1900462.000,42803,3,AY,1,100,-0.011
1900502.000,42803,3,AY,1,100,-0.002
1900542.000,42817,2,AY,1,100,-0.008
1900582.000,42817,2,AY,1,100,-0.010
1900622.000,42835,3,AY,1,100,-0.010
1900662.000,42835,3,AY,1,100,-0.006
1900702.000,42835,3,AY,1,100,-0.006
1900741.500,42851,2,AY,1,100,-0.010
1900781.000,42851,2,AY,1,100,-0.011
1900821.333,42868,3,AY,1,100,-0.004
1900861.667,42868,3,AY,1,100,-0.006
1900902.000,42868,3,AY,1,100,-0.010
1900942.000,42883,2,AY,1,100,-0.008
1900982.000,42883,2,AY,1,100,-0.007
1901022.000,42900,3,AY,1,100,-0.009
1901062.000,42900,3,AY,1,100,-0.009
1901102.000,42900,3,AY,1,100,-0.011
1901141.500,42916,2,AY,1,100,-0.007
1901181.000,42916,2,AY,1,100,-0.007
1901221.333,42934,3,AY,1,100,-0.010
1901261.667,42934,3,AY,1,100,-0.009
1901302.000,42934,3,AY,1,100,-0.007
1901342.000,42950,2,AY,1,100,-0.010
1901382.000,42950,2,AY,1,100,-0.008
1901422.000,42967,3,AY,1,100,-0.010
1901462.000,42967,3,AY,1,100,-0.007
1901502.000,42967,3,AY,1,100,-0.005
1901542.000,42983,3,AY,1,100,-0.010
1901582.000,42983,3,AY,1,100,-0.010
1901622.000,42983,3,AY,1,100,-0.008
1901662.000,43001,2,AY,1,100,-0.008
1901702.000,43001,2,AY,1,100,-0.008
1901741.667,43015,3,AY,1,100,-0.008
1901781.333,43015,3,AY,1,100,-0.008
1901821.000,43015,3,AY,1,100,-0.007
1901861.000,43032,2,AY,1,100,-0.007
1901901.000,43032,2,AY,1,100,-0.009
1901941.000,43049,3,AY,1,100,-0.008
1901981.000,43049,3,AY,1,100,-0.010
1902021.000,43049,3,AY,1,100,-0.008
1902061.500,43066,2,AY,1,100,-0.010
1902102.000,43066,2,AY,1,100,-0.010
1902141.800,43084,5,AY,1,100,-0.009
1902181.600,43084,5,AY,1,100,-0.008
1902221.400,43084,5,AY,1,100,-0.009
1902261.200,43084,5,AY,1,100,-0.007
1902301.000,43084,5,AY,1,100,-0.009
1902341.000,43100,2,AY,1,100,-0.008
1902381.000,43100,2,AY,1,100,-0.010
1902421.000,43117,3,AY,1,100,-0.010
1902461.000,43117,3,AY,1,100,-0.008
1902501.000,43117,3,AY,1,100,-0.007
1902541.000,43131,2,AY,1,100,-0.013
1902581.000,43131,2,AY,1,100,-0.006
1902621.000,43149,3,AY,1,100,-0.006
1902661.000,43149,3,AY,1,100,-0.010
1902701.000,43149,3,AY,1,100,-0.010
1902741.000,43165,3,AY,1,100,-0.009
1902781.000,43165,3,AY,1,100,-0.005
1902821.000,43165,3,AY,1,100,-0.005
1902861.000,43182,2,AY,1,100,-0.009
1902901.000,43182,2,AY,1,100,-0.008
1902941.000,43197,3,AY,1,100,-0.007
1902981.000,43197,3,AY,1,100,-0.008
1903021.000,43197,3,AY,1,100,-0.008
1903061.000,43219,4,AY,1,100,-0.008
1903101.000,43219,4,AY,1,100,-0.007
1903141.000,43219,4,AY,1,100,-0.007
1903181.000,43219,4,AY,1,100,-0.010
1903221.000,43233,2,AY,1,100,-0.011
1903261.000,43233,2,AY,1,100,-0.006
1903301.000,43251,3,AY,1,100,-0.009
1903341.000,43251,3,AY,1,100,-0.007
1903381.000,43251,3,AY,1,100,-0.008
1903421.000,43267,2,AY,1,100,-0.009
1903461.000,43267,2,AY,1,100,-0.006
1903501.000,43284,3,AY,1,100,-0.009
1903541.000,43284,3,AY,1,100,-0.010
1903581.000,43284,3,AY,1,100,-0.009
1903621.000,43299,2,AY,1,100,-0.010
1903661.000,43299,2,AY,1,100,-0.007
1903701.000,43316,3,AY,1,100,-0.008
1903741.000,43316,3,AY,1,100,-0.007
1903781.000,43316,3,AY,1,100,-0.008
1903821.000,43332,2,AY,1,100,-0.007
1903861.000,43332,2,AY,1,100,-0.009
1903901.000,43350,3,AY,1,100,-0.007
1903941.000,43350,3,AY,1,100,-0.009
1903981.000,43350,3,AY,1,100,-0.008
1904021.000,43365,2,AY,1,100,-0.008
1904061.000,43365,2,AY,1,100,-0.008
1904101.000,43381,3,AY,1,100,-0.006
1904141.000,43381,3,AY,1,100,-0.008
1904181.000,43381,3,AY,1,100,-0.010
1904221.000,43397,2,AY,1,100,-0.008
1904261.000,43397,2,AY,1,100,-0.007
1904301.000,43415,3,AY,1,100,-0.008
1904341.000,43415,3,AY,1,100,-0.009
1904381.000,43415,3,AY,1,100,-0.007
1904421.000,43431,3,AY,1,100,-0.005
1904461.000,43431,3,AY,1,100,-0.005
1904501.000,43431,3,AY,1,100,-0.013
1904541.000,43449,3,AY,1,100,-0.010
1904581.000,43449,3,AY,1,100,-0.003
1904621.000,43449,3,AY,1,100,-0.008
1904661.000,43463,2,AY,1,100,-0.011
1904701.000,43463,2,AY,1,100,-0.007
1904741.000,43480,3,AY,1,100,-0.006
1904781.000,43480,3,AY,1,100,-0.005
1904821.000,43480,3,AY,1,100,-0.011
1904861.000,43496,2,AY,1,100,-0.010
1904901.000,43496,2,AY,1,100,-0.004
1904941.000,43514,3,AY,1,100,-0.006
1904981.000,43514,3,AY,1,100,-0.007
1905021.000,43514,3,AY,1,100,-0.013
1905061.000,43528,3,AY,1,100,-0.006
1905101.000,43528,3,AY,1,100,-0.007
1905141.000,43528,3,AY,1,100,-0.009
1905181.000,43545,2,AY,1,100,-0.005
1905221.000,43545,2,AY,1,100,-0.014
1905261.000,43562,3,AY,1,100,-0.010
1905301.000,43562,3,AY,1,100,-0.004
1905341.000,43562,3,AY,1,100,-0.009
1905381.000,43579,2,AY,1,100,-0.007
1905421.000,43579,2,AY,1,100,-0.011
1905461.000,43593,3,AY,1,100,-0.009
1905501.000,43593,3,AY,1,100,-0.005
1905541.000,43593,3,AY,1,100,-0.009
1905581.000,43611,2,AY,1,100,-0.011
1905621.000,43611,2,AY,1,100,-0.007
1905661.000,43627,3,AY,1,100,-0.005
1905701.000,43627,3,AY,1,100,-0.012
1905741.000,43627,3,AY,1,100,-0.012
1905781.000,43644,2,AY,1,100,-0.005
1905821.000,43644,2,AY,1,100,-0.006
1905861.000,43658,3,AY,1,100,-0.009
1905901.000,43658,3,AY,1,100,-0.010
1905941.000,43658,3,AY,1,100,-0.008
1905981.000,43676,2,AY,1,100,-0.004
1906021.000,43676,2,AY,1,100,-0.010
1906061.000,43692,3,AY,1,100,-0.012
1906101.000,43692,3,AY,1,100,-0.004
1906141.000,43692,3,AY,1,100,-0.006
1906181.000,43709,2,AY,1,100,-0.008
1906221.000,43709,2,AY,1,100,-0.010
1906261.000,43724,3,AY,1,100,-0.007
1906301.000,43724,3,AY,1,100,-0.006
1906341.000,43724,3,AY,1,100,-0.009
1906381.000,43743,3,AY,1,100,-0.013
1906421.000,43743,3,AY,1,100,-0.007
1906461.000,43743,3,AY,1,100,-0.006
1906501.000,43759,2,AY,1,100,-0.008
1906541.000,43759,2,AY,1,100,-0.012
1906581.000,43777,3,AY,1,100,-0.010
1906621.000,43777,3,AY,1,100,-0.005
1906661.000,43777,3,AY,1,100,-0.009
1906701.000,43792,2,AY,1,100,-0.012
1906741.000,43792,2,AY,1,100,-0.011
1906781.000,43808,3,AY,1,100,-0.008
1906821.000,43808,3,AY,1,100,-0.006
1906861.000,43808,3,AY,1,100,-0.013
1906901.000,43825,3,AY,1,100,-0.010
1906941.000,43825,3,AY,1,100,-0.007
1906981.000,43825,3,AY,1,100,-0.007
1907021.000,43842,2,AY,1,100,-0.010
1907061.000,43842,2,AY,1,100,-0.010
1907101.000,43858,3,AY,1,100,-0.005
1907141.000,43858,3,AY,1,100,-0.004
1907181.000,43858,3,AY,1,100,-0.015
1907221.000,43874,2,AY,1,100,-0.008
1907261.000,43874,2,AY,1,100,-0.003
1907301.000,43890,3,AY,1,100,-0.011
1907341.000,43890,3,AY,1,100,-0.012
1907381.000,43890,3,AY,1,100,-0.006
1907421.000,43907,2,AY,1,100,-0.006
1907461.000,43907,2,AY,1,100,-0.007
1907501.000,43923,3,AY,1,100,-0.016
1907541.000,43923,3,AY,1,100,-0.009
1907581.000,43923,3,AY,1,100,-0.003
1907621.000,43940,2,AY,1,100,-0.011
1907661.000,43940,2,AY,1,100,-0.010
1907701.000,43955,3,AY,1,100,-0.007
1907741.000,43955,3,AY,1,100,-0.007
1907781.000,43955,3,AY,1,100,-0.004
1907821.000,43972,3,AY,1,100,-0.011
1907861.000,43972,3,AY,1,100,-0.014
1907901.000,43972,3,AY,1,100,-0.004
1907941.000,43989,2,AY,1,100,-0.008
1907981.000,43989,2,AY,1,100,-0.011
1908021.000,44006,3,AY,1,100,-0.005
1908061.000,44006,3,AY,1,100,-0.008
1908101.000,44006,3,AY,1,100,-0.013
1908141.000,44027,4,AY,1,100,-0.006
1908181.000,44027,4,AY,1,100,-0.010
1908221.000,44027,4,AY,1,100,-0.009
1908261.000,44027,4,AY,1,100,-0.005
1908301.000,44045,3,AY,1,100,-0.010
1908341.000,44045,3,AY,1,100,-0.007
1908381.000,44045,3,AY,1,100,-0.007
1908421.000,44059,2,AY,1,100,-0.011
1908461.000,44059,2,AY,1,100,-0.006
1908501.000,44076,3,AY,1,100,-0.008
1908541.000,44076,3,AY,1,100,-0.009
1908581.000,44076,3,AY,1,100,-0.006
1908621.000,44093,2,AY,1,100,-0.010
1908661.000,44093,2,AY,1,100,-0.008
1908701.000,44110,3,AY,1,100,-0.007
1908741.000,44110,3,AY,1,100,-0.011
1908781.000,44110,3,AY,1,100,-0.008
1908821.000,44125,2,AY,1,100,-0.009
1908861.000,44125,2,AY,1,100,-0.011
1908901.000,44142,3,AY,1,100,-0.007
1908941.000,44142,3,AY,1,100,-0.009
1908981.000,44142,3,AY,1,100,-0.008
1909021.000,44158,3,AY,1,100,-0.006
1909061.000,44158,3,AY,1,100,-0.009
1909101.000,44158,3,AY,1,100,-0.010
1909141.000,44175,2,AY,1,100,-0.010
1909181.000,44175,2,AY,1,100,-0.008
1909221.000,44192,3,AY,1,100,-0.007
1909261.000,44192,3,AY,1,100,-0.010
1909301.000,44192,3,AY,1,100,-0.010
1909341.000,44207,2,AY,1,100,-0.009
1909381.000,44207,2,AY,1,100,-0.007
1909421.000,44223,3,AY,1,100,-0.008
1909461.000,44223,3,AY,1,100,-0.007
1909501.000,44223,3,AY,1,100,-0.009
1909541.000,44240,3,AY,1,100,-0.007
1909581.000,44240,3,AY,1,100,-0.010
1909621.000,44240,3,AY,1,100,-0.010
1909661.000,44257,2,AY,1,100,-0.004
1909701.000,44257,2,AY,1,100,-0.009
1909741.000,44272,3,AY,1,100,-0.005
1909781.000,44272,3,AY,1,100,-0.008
1909821.000,44272,3,AY,1,100,-0.013
1909861.000,44288,2,AY,1,100,-0.000
1909901.000,44288,2,AY,1,100,-0.006
1909941.000,44306,3,AY,1,100,-0.016
1909981.000,44306,3,AY,1,100,-0.007
1910021.000,44306,3,AY,1,100,-0.005
1910061.000,44322,2,AY,1,100,-0.009
1910101.000,44322,2,AY,1,100,-0.008
1910140.667,44338,3,AY,1,100,-0.012
1910180.333,44338,3,AY,1,100,-0.004
1910220.000,44338,3,AY,1,100,-0.007
1910260.500,44354,2,AY,1,100,-0.010
1910301.000,44354,2,AY,1,100,-0.009
1910340.667,44371,3,AY,1,100,-0.009
1910380.333,44371,3,AY,1,100,-0.006
1910420.000,44371,3,AY,1,100,-0.009
1910460.500,44387,2,AY,1,100,-0.011
1910501.000,44387,2,AY,1,100,-0.006
1910541.000,44403,3,AY,1,100,-0.008
1910581.000,44403,3,AY,1,100,-0.009
1910621.000,44403,3,AY,1,100,-0.006
1910661.000,44419,2,AY,1,100,-0.010
1910701.000,44419,2,AY,1,100,-0.006
1910741.000,44436,3,AY,1,100,-0.007
1910781.000,44436,3,AY,1,100,-0.011
1910821.000,44436,3,AY,1,100,-0.006
1910860.500,44452,2,AY,1,100,-0.009
1910900.000,44452,2,AY,1,100,-0.008
1910940.000,44470,3,AY,1,100,-0.009
1910980.000,44470,3,AY,1,100,-0.007
1911020.000,44470,3,AY,1,100,-0.006
1911060.500,44484,2,AY,1,100,-0.006
1911101.000,44484,2,AY,1,100,-0.010
1911141.000,44501,3,AY,1,100,-0.008
1911181.000,44501,3,AY,1,100,-0.007
1911221.000,44501,3,AY,1,100,-0.005
1911260.667,44519,3,AY,1,100,-0.008
1911300.333,44519,3,AY,1,100,-0.008
1911340.000,44519,3,AY,1,100,-0.005
1911380.333,44537,3,AY,1,100,-0.009
1911420.667,44537,3,AY,1,100,-0.010
1911461.000,44537,3,AY,1,100,-0.006
1911500.500,44554,2,AY,1,100,-0.009
1911540.000,44554,2,AY,1,100,-0.008
1911580.000,44569,3,AY,1,100,-0.006
1911620.000,44569,3,AY,1,100,-0.007
1911660.000,44569,3,AY,1,100,-0.007
1911700.000,44586,3,AY,1,100,-0.010
1911740.000,44586,3,AY,1,100,-0.009
1911780.000,44586,3,AY,1,100,-0.005
1911820.000,44602,2,AY,1,100,-0.008
1911860.000,44602,2,AY,1,100,-0.009
1911900.000,44620,3,AY,1,100,-0.010
1911940.000,44620,3,AY,1,100,-0.009
1911980.000,44620,3,AY,1,100,-0.007
1912020.500,44634,2,AY,1,100,-0.008
1912061.000,44634,2,AY,1,100,-0.009
1912100.667,44651,3,AY,1,100,-0.008
1912140.333,44651,3,AY,1,100,-0.006
1912180.000,44651,3,AY,1,100,-0.009
1912220.000,44667,2,AY,1,100,-0.009
1912260.000,44667,2,AY,1,100,-0.009
1912300.000,44685,3,AY,1,100,-0.009
1912340.000,44685,3,AY,1,100,-0.006
1912380.000,44685,3,AY,1,100,-0.008
1912420.000,44699,2,AY,1,100,-0.009
1912460.000,44699,2,AY,1,100,-0.010
1912500.000,44716,3,AY,1,100,-0.009
1912540.000,44716,3,AY,1,100,-0.008
1912580.000,44716,3,AY,1,100,-0.010
1912620.500,44733,2,AY,1,100,-0.009
1912661.000,44733,2,AY,1,100,-0.007
1912701.000,44750,3,AY,1,100,-0.007
1912741.000,44750,3,AY,1,100,-0.009
1912781.000,44750,3,AY,1,100,-0.006
1912821.000,44765,2,AY,1,100,-0.010
1912861.000,44765,2,AY,1,100,-0.007
1912901.000,44782,3,AY,1,100,-0.009
1912941.000,44782,3,AY,1,100,-0.008
1912981.000,44782,3,AY,1,100,-0.009
1913021.000,44798,3,AY,1,100,-0.008
1913061.000,44798,3,AY,1,100,-0.007
1913101.000,44798,3,AY,1,100,-0.007
1913141.000,44815,2,AY,1,100,-0.010
1913181.000,44815,2,AY,1,100,-0.008
1913221.000,44836,5,AY,1,100,-0.010
1913261.000,44836,5,AY,1,100,-0.008
1913301.000,44836,5,AY,1,100,-0.010
1913341.000,44836,5,AY,1,100,-0.006
1913381.000,44836,5,AY,1,100,-0.008
1913421.000,44852,3,AY,1,100,-0.007
1913461.000,44852,3,AY,1,100,-0.008
1913501.000,44852,3,AY,1,100,-0.010
