EmotiBitTimestamp,PacketNumber,DataLength,TypeTag,ProtocolVersion,DataReliability,PI
1839668.000,33096,3,PI,1,100,169413
1839668.000,33096,3,PI,1,100,169428
1839668.000,33096,3,PI,1,100,169429
1839708.000,33111,2,PI,1,100,169449
1839748.000,33111,2,PI,1,100,169471
1839788.000,33129,3,PI,1,100,169476
1839828.000,33129,3,PI,1,100,169474
1839868.000,33129,3,PI,1,100,169492
1839908.000,33147,2,PI,1,100,169497
1839948.000,33147,2,PI,1,100,169515
1839988.000,33163,3,PI,1,100,169530
1840028.000,33163,3,PI,1,100,169534
1840068.000,33163,3,PI,1,100,169543
1840108.000,33178,3,PI,1,100,169550
1840148.000,33178,3,PI,1,100,169556
1840188.000,33178,3,PI,1,100,169568
1840228.000,33194,2,PI,1,100,169563
1840268.000,33194,2,PI,1,100,169567
1840308.000,33212,3,PI,1,100,169564
1840348.000,33212,3,PI,1,100,169574
1840388.000,33212,3,PI,1,100,169583
1840428.000,33228,2,PI,1,100,169630
1840468.000,33228,2,PI,1,100,169648
1840508.000,33243,3,PI,1,100,169660
1840548.000,33243,3,PI,1,100,169646
1840588.000,33243,3,PI,1,100,169627
1840628.000,33260,2,PI,1,100,169621
1840668.000,33260,2,PI,1,100,169595
1840708.000,33277,3,PI,1,100,169588
1840748.000,33277,3,PI,1,100,169586
1840788.000,33277,3,PI,1,100,169563
1840828.000,33293,2,PI,1,100,169571
1840868.000,33293,2,PI,1,100,169570
1840908.000,33309,3,PI,1,100,169575
1840948.000,33309,3,PI,1,100,169574
1840988.000,33309,3,PI,1,100,169582
1841028.000,33327,2,PI,1,100,169609
1841068.000,33327,2,PI,1,100,169614
1841108.000,33344,3,PI,1,100,169610
1841148.000,33344,3,PI,1,100,169616
1841188.000,33344,3,PI,1,100,169651
1841228.000,33361,3,PI,1,100,169668
1841268.000,33361,3,PI,1,100,169652
1841308.000,33361,3,PI,1,100,169652
1841348.000,33380,2,PI,1,100,169647
1841388.000,33380,2,PI,1,100,169654
1841428.000,33394,3,PI,1,100,169681
1841468.000,33394,3,PI,1,100,169691
1841508.000,33394,3,PI,1,100,169681
1841548.000,33417,4,PI,1,100,169686
1841588.000,33417,4,PI,1,100,169657
1841628.000,33417,4,PI,1,100,169631
1841668.000,33417,4,PI,1,100,169634
1841708.000,33433,3,PI,1,100,169631
1841748.000,33433,3,PI,1,100,169613
1841788.000,33433,3,PI,1,100,169604
1841828.000,33450,2,PI,1,100,169591
1841868.000,33450,2,PI,1,100,169608
1841908.000,33467,3,PI,1,100,169580
1841948.000,33467,3,PI,1,100,169596
1841988.000,33467,3,PI,1,100,169587
1842028.000,33484,2,PI,1,100,169580
1842068.000,33484,2,PI,1,100,169591
1842108.000,33498,3,PI,1,100,169582
1842148.000,33498,3,PI,1,100,169577
1842188.000,33498,3,PI,1,100,169577
1842228.000,33515,2,PI,1,100,169572
1842268.000,33515,2,PI,1,100,169556
1842308.000,33532,3,PI,1,100,169565
1842348.000,33532,3,PI,1,100,169564
1842388.000,33532,3,PI,1,100,169572
1842428.000,33549,2,PI,1,100,169572
1842468.000,33549,2,PI,1,100,169571
1842508.000,33565,3,PI,1,100,169578
1842548.000,33565,3,PI,1,100,169554
1842588.000,33565,3,PI,1,100,169544
1842628.000,33583,2,PI,1,100,169520
1842668.000,33583,2,PI,1,100,169512
1842708.000,33599,3,PI,1,100,169489
1842748.000,33599,3,PI,1,100,169451
1842788.000,33599,3,PI,1,100,169440
1842828.000,33616,2,PI,1,100,169413
1842868.000,33616,2,PI,1,100,169402
1842908.000,33632,3,PI,1,100,169411
1842948.000,33632,3,PI,1,100,169401
1842988.000,33632,3,PI,1,100,169384
1843028.000,33648,2,PI,1,100,169378
1843068.000,33648,2,PI,1,100,169374
1843108.000,33664,3,PI,1,100,169354
1843148.000,33664,3,PI,1,100,169351
1843188.000,33664,3,PI,1,100,169362
1843228.000,33682,3,PI,1,100,169356
1843268.000,33682,3,PI,1,100,169356
1843308.000,33682,3,PI,1,100,169361
1843348.000,33698,2,PI,1,100,169371
1843388.000,33698,2,PI,1,100,169369
1843428.000,33713,3,PI,1,100,169394
1843468.000,33713,3,PI,1,100,169398
1843508.000,33713,3,PI,1,100,169405
1843548.000,33729,2,PI,1,100,169405
1843588.000,33729,2,PI,1,100,169412
1843628.000,33747,3,PI,1,100,169419
1843668.000,33747,3,PI,1,100,169422
1843708.000,33747,3,PI,1,100,169384
1843748.000,33763,2,PI,1,100,169373
1843788.000,33763,2,PI,1,100,169329
1843828.000,33778,3,PI,1,100,169328
1843868.000,33778,3,PI,1,100,169341
1843908.000,33778,3,PI,1,100,169323
1843948.000,33795,2,PI,1,100,169305
1843988.000,33795,2,PI,1,100,169294
1844028.000,33812,3,PI,1,100,169286
1844068.000,33812,3,PI,1,100,169302
1844108.000,33812,3,PI,1,100,169294
1844148.000,33828,2,PI,1,100,169307
1844188.000,33828,2,PI,1,100,169316
1844228.000,33846,3,PI,1,100,169308
1844268.000,33846,3,PI,1,100,169311
1844308.000,33846,3,PI,1,100,169298
1844348.000,33862,3,PI,1,100,169311
1844388.000,33862,3,PI,1,100,169305
1844428.000,33862,3,PI,1,100,169302
1844468.000,33881,2,PI,1,100,169317
1844508.000,33881,2,PI,1,100,169315
1844548.000,33897,3,PI,1,100,169322
1844588.000,33897,3,PI,1,100,169314
1844628.000,33897,3,PI,1,100,169317
1844668.000,33913,2,PI,1,100,169274
1844708.000,33913,2,PI,1,100,169258
1844748.000,33929,3,PI,1,100,169249
1844788.000,33929,3,PI,1,100,169248
1844828.000,33929,3,PI,1,100,169226
1844868.000,33946,2,PI,1,100,169237
1844908.000,33946,2,PI,1,100,169236
1844948.000,33963,3,PI,1,100,169241
1844988.000,33963,3,PI,1,100,169228
1845028.000,33963,3,PI,1,100,169247
1845068.000,33979,2,PI,1,100,169245
1845108.000,33979,2,PI,1,100,169242
1845148.000,33996,3,PI,1,100,169251
1845188.000,33996,3,PI,1,100,169288
1845228.000,33996,3,PI,1,100,169314
1845268.000,34014,2,PI,1,100,169309
1845308.000,34014,2,PI,1,100,169324
1845348.000,34030,3,PI,1,100,169306
1845388.000,34030,3,PI,1,100,169276
1845428.000,34030,3,PI,1,100,169240
1845468.000,34047,2,PI,1,100,169212
1845508.000,34047,2,PI,1,100,169216
1845548.000,34062,3,PI,1,100,169188
1845588.000,34062,3,PI,1,100,169178
1845628.000,34062,3,PI,1,100,169167
1845668.000,34079,3,PI,1,100,169154
1845708.000,34079,3,PI,1,100,169146
1845748.000,34079,3,PI,1,100,169160
1845788.000,34095,2,PI,1,100,169153
1845828.000,34095,2,PI,1,100,169152
1845868.000,34112,3,PI,1,100,169166
1845908.000,34112,3,PI,1,100,169140
1845948.000,34112,3,PI,1,100,169165
1845988.000,34127,2,PI,1,100,169167
1846028.000,34127,2,PI,1,100,169170
1846068.000,34146,3,PI,1,100,169173
1846108.000,34146,3,PI,1,100,169151
1846148.000,34146,3,PI,1,100,169164
1846188.000,34162,2,PI,1,100,169146
1846228.000,34162,2,PI,1,100,169158
1846268.000,34180,2,PI,1,100,169144
1846308.000,34180,2,PI,1,100,169125
1846352.333,34196,3,PI,1,100,169089
1846396.667,34196,3,PI,1,100,169054
1846441.000,34196,3,PI,1,100,169019
1846481.000,34213,3,PI,1,100,168964
1846521.000,34213,3,PI,1,100,168941
1846561.000,34213,3,PI,1,100,168908
1846601.000,34230,2,PI,1,100,168920
1846641.000,34230,2,PI,1,100,168882
1846681.000,34252,4,PI,1,100,168847
1846721.000,34252,4,PI,1,100,168894
1846761.000,34252,4,PI,1,100,168879
1846801.000,34252,4,PI,1,100,168853
1846841.000,34268,2,PI,1,100,168929
1846881.000,34268,2,PI,1,100,168984
1846921.000,34288,3,PI,1,100,168997
1846961.000,34288,3,PI,1,100,168967
1847001.000,34288,3,PI,1,100,168872
1847041.000,34302,2,PI,1,100,168816
1847081.000,34302,2,PI,1,100,168772
1847121.000,34319,3,PI,1,100,168707
1847161.000,34319,3,PI,1,100,168657
1847201.000,34319,3,PI,1,100,168598
1847241.000,34336,2,PI,1,100,168539
1847281.000,34336,2,PI,1,100,168446
1847321.000,34353,3,PI,1,100,168385
1847361.000,34353,3,PI,1,100,168316
1847401.000,34353,3,PI,1,100,168244
1847441.000,34367,3,PI,1,100,168150
1847481.000,34367,3,PI,1,100,168062
1847521.000,34367,3,PI,1,100,167989
1847561.000,34384,2,PI,1,100,167937
1847601.000,34384,2,PI,1,100,167899
1847641.000,34401,3,PI,1,100,167859
1847681.000,34401,3,PI,1,100,167816
1847721.000,34401,3,PI,1,100,167792
1847761.000,34418,2,PI,1,100,167774
1847801.000,34418,2,PI,1,100,167687
1847841.000,34432,3,PI,1,100,167611
1847881.000,34432,3,PI,1,100,167558
1847921.000,34432,3,PI,1,100,167524
1847961.000,34450,2,PI,1,100,167327
1848001.000,34450,2,PI,1,100,166984
1848041.000,34466,3,PI,1,100,166637
1848081.000,34466,3,PI,1,100,166225
1848121.000,34466,3,PI,1,100,166041
1848161.000,34483,2,PI,1,100,165735
1848201.000,34483,2,PI,1,100,165533
1848241.000,34498,3,PI,1,100,165496
1848281.000,34498,3,PI,1,100,165430
1848321.000,34498,3,PI,1,100,165368
1848361.000,34515,2,PI,1,100,165424
1848401.000,34515,2,PI,1,100,165426
1848441.000,34531,3,PI,1,100,165335
1848481.000,34531,3,PI,1,100,165333
1848521.000,34531,3,PI,1,100,165256
1848561.000,34548,2,PI,1,100,165206
1848601.000,34548,2,PI,1,100,165182
1848641.000,34564,3,PI,1,100,165146
1848681.000,34564,3,PI,1,100,165150
1848721.000,34564,3,PI,1,100,165246
1848761.000,34580,2,PI,1,100,165293
1848801.000,34580,2,PI,1,100,165295
1848841.000,34596,3,PI,1,100,165256
1848881.000,34596,3,PI,1,100,165228
1848921.000,34596,3,PI,1,100,165241
1848961.000,34614,3,PI,1,100,165311
1849001.000,34614,3,PI,1,100,165384
1849041.000,34614,3,PI,1,100,165397
1849081.000,34630,2,PI,1,100,165410
1849121.000,34630,2,PI,1,100,165426
1849161.000,34645,3,PI,1,100,165572
1849201.000,34645,3,PI,1,100,165857
1849241.000,34645,3,PI,1,100,166221
1849281.000,34662,2,PI,1,100,166570
1849321.000,34662,2,PI,1,100,166731
1849361.000,34679,3,PI,1,100,166643
1849401.000,34679,3,PI,1,100,166544
1849441.000,34679,3,PI,1,100,166806
1849481.000,34695,2,PI,1,100,167094
1849521.000,34695,2,PI,1,100,167431
1849561.000,34711,3,PI,1,100,168076
1849601.000,34711,3,PI,1,100,169481
1849641.000,34711,3,PI,1,100,172026
1849681.000,34727,2,PI,1,100,172439
1849721.000,34727,2,PI,1,100,172965
1849761.000,34744,3,PI,1,100,172721
1849801.000,34744,3,PI,1,100,173412
1849841.000,34744,3,PI,1,100,173857
1849881.000,34760,2,PI,1,100,173592
1849921.000,34760,2,PI,1,100,173215
1849961.000,34776,3,PI,1,100,173337
1850001.000,34776,3,PI,1,100,173220
1850041.000,34776,3,PI,1,100,173451
1850081.000,34792,3,PI,1,100,173503
1850121.000,34792,3,PI,1,100,173054
1850161.000,34792,3,PI,1,100,173356
1850201.000,34809,2,PI,1,100,174140
1850241.000,34809,2,PI,1,100,174709
1850280.667,34826,3,PI,1,100,174675
1850320.333,34826,3,PI,1,100,174654
1850360.000,34826,3,PI,1,100,175136
1850400.500,34841,2,PI,1,100,175353
1850441.000,34841,2,PI,1,100,175049
1850480.667,34857,3,PI,1,100,174986
1850520.333,34857,3,PI,1,100,173442
1850560.000,34857,3,PI,1,100,170219
1850600.500,34875,2,PI,1,100,161951
1850641.000,34875,2,PI,1,100,140560
1850681.000,34891,3,PI,1,100,118554
1850721.000,34891,3,PI,1,100,83035
1850761.000,34891,3,PI,1,100,17443
1850801.000,34907,2,PI,1,100,1973
1850841.000,34907,2,PI,1,100,1895
1850880.667,34923,3,PI,1,100,1901
1850920.333,34923,3,PI,1,100,1884
1850960.000,34923,3,PI,1,100,1890
1851000.000,34940,2,PI,1,100,1879
1851040.000,34940,2,PI,1,100,1878
1851080.000,34956,3,PI,1,100,1886
1851120.000,34956,3,PI,1,100,1877
1851160.000,34956,3,PI,1,100,1875
1851200.500,34973,2,PI,1,100,1885
1851241.000,34973,2,PI,1,100,1891
1851281.000,34990,3,PI,1,100,1901
1851321.000,34990,3,PI,1,100,1935
1851361.000,34990,3,PI,1,100,1968
1851400.667,35007,3,PI,1,100,2009
1851440.333,35007,3,PI,1,100,2092
1851480.000,35007,3,PI,1,100,2168
1851520.000,35023,2,PI,1,100,2236
1851560.000,35023,2,PI,1,100,2312
1851600.333,35041,3,PI,1,100,2281
1851640.667,35041,3,PI,1,100,2250
1851681.000,35041,3,PI,1,100,2178
1851720.500,35055,2,PI,1,100,2140
1851760.000,35055,2,PI,1,100,2114
1851800.000,35077,4,PI,1,100,2069
1851840.000,35077,4,PI,1,100,2040
1851880.000,35077,4,PI,1,100,2018
1851920.000,35077,4,PI,1,100,1965
1851960.000,35094,2,PI,1,100,1939
1852000.000,35094,2,PI,1,100,1940
1852040.000,35111,3,PI,1,100,1917
1852080.000,35111,3,PI,1,100,1881
1852120.000,35111,3,PI,1,100,1848
1852160.000,35127,2,PI,1,100,1838
1852200.000,35127,2,PI,1,100,1828
1852240.000,35144,3,PI,1,100,1813
1852280.000,35144,3,PI,1,100,1819
1852320.000,35144,3,PI,1,100,1835
1852360.000,35159,2,PI,1,100,1845
1852400.000,35159,2,PI,1,100,1879
1852440.000,35176,3,PI,1,100,1891
1852480.000,35176,3,PI,1,100,1869
1852520.000,35176,3,PI,1,100,1863
1852560.000,35193,3,PI,1,100,1871
1852600.000,35193,3,PI,1,100,1865
1852640.000,35193,3,PI,1,100,1853
1852680.000,35210,2,PI,1,100,1867
1852720.000,35210,2,PI,1,100,1860
1852760.000,35224,3,PI,1,100,1865
1852800.000,35224,3,PI,1,100,1855
1852840.000,35224,3,PI,1,100,1869
1852880.000,35241,2,PI,1,100,1876
1852920.000,35241,2,PI,1,100,1879
1852960.000,35258,3,PI,1,100,1880
1853000.000,35258,3,PI,1,100,1893
1853040.000,35258,3,PI,1,100,1905
1853080.000,35275,2,PI,1,100,1915
1853120.000,35275,2,PI,1,100,1905
1853160.000,35289,3,PI,1,100,1882
1853200.000,35289,3,PI,1,100,1863
1853240.000,35289,3,PI,1,100,1864
1853280.000,35307,2,PI,1,100,1862
1853320.000,35307,2,PI,1,100,1849
1853360.000,35323,3,PI,1,100,1838
1853400.000,35323,3,PI,1,100,1875
1853440.000,35323,3,PI,1,100,1894
1853480.000,35340,2,PI,1,100,1886
1853520.000,35340,2,PI,1,100,1908
1853560.000,35355,3,PI,1,100,1891
1853600.000,35355,3,PI,1,100,1872
1853640.000,35355,3,PI,1,100,1881
1853680.000,35372,3,PI,1,100,1863
1853720.000,35372,3,PI,1,100,1847
1853760.000,35372,3,PI,1,100,1857
1853800.000,35388,2,PI,1,100,1848
1853840.000,35388,2,PI,1,100,1844
1853880.000,35405,3,PI,1,100,1830
1853920.000,35405,3,PI,1,100,1846
1853960.000,35405,3,PI,1,100,1839
1854000.000,35420,2,PI,1,100,1846
1854040.000,35420,2,PI,1,100,1847
1854080.000,35437,3,PI,1,100,1842
1854120.000,35437,3,PI,1,100,1836
1854160.000,35437,3,PI,1,100,1837
1854200.000,35453,2,PI,1,100,1851
1854240.000,35453,2,PI,1,100,1849
1854280.000,35471,3,PI,1,100,1837
1854320.000,35471,3,PI,1,100,1841
1854360.000,35471,3,PI,1,100,1851
1854400.000,35486,2,PI,1,100,1865
1854440.000,35486,2,PI,1,100,1881
1854480.000,35502,3,PI,1,100,1887
1854520.000,35502,3,PI,1,100,1882
1854560.000,35502,3,PI,1,100,1890
1854600.000,35519,2,PI,1,100,1889
1854640.000,35519,2,PI,1,100,1894
1854680.000,35536,3,PI,1,100,1898
1854720.000,35536,3,PI,1,100,1902
1854760.000,35536,3,PI,1,100,1889
1854800.000,35552,2,PI,1,100,1895
1854840.000,35552,2,PI,1,100,1933
1854880.000,35568,3,PI,1,100,1945
1854920.000,35568,3,PI,1,100,1955
1854960.000,35568,3,PI,1,100,1938
1855000.000,35584,2,PI,1,100,1917
1855040.000,35584,2,PI,1,100,1907
1855080.000,35601,3,PI,1,100,1906
1855120.000,35601,3,PI,1,100,1896
1855160.000,35601,3,PI,1,100,1896
1855200.000,35617,3,PI,1,100,1894
1855240.000,35617,3,PI,1,100,1897
1855280.000,35617,3,PI,1,100,1891
1855320.000,35633,2,PI,1,100,1884
1855360.000,35633,2,PI,1,100,1890
1855400.000,35649,3,PI,1,100,1884
1855440.000,35649,3,PI,1,100,1878
1855480.000,35649,3,PI,1,100,1878
1855520.000,35666,2,PI,1,100,1881
1855560.000,35666,2,PI,1,100,1870
1855600.000,35683,3,PI,1,100,1871
1855640.000,35683,3,PI,1,100,1863
1855680.000,35683,3,PI,1,100,1859
1855720.000,35698,2,PI,1,100,1863
1855760.000,35698,2,PI,1,100,1862
1855800.000,35714,3,PI,1,100,1873
1855840.000,35714,3,PI,1,100,1856
1855880.000,35714,3,PI,1,100,1859
1855920.000,35732,2,PI,1,100,1872
1855960.000,35732,2,PI,1,100,1868
1856000.000,35748,3,PI,1,100,1857
1856040.000,35748,3,PI,1,100,1858
1856080.000,35748,3,PI,1,100,1857
1856120.000,35763,2,PI,1,100,1868
1856160.000,35763,2,PI,1,100,1872
1856200.000,35779,3,PI,1,100,1870
1856240.000,35779,3,PI,1,100,1858
1856280.000,35779,3,PI,1,100,1862
1856320.000,35799,2,PI,1,100,1867
1856360.000,35799,2,PI,1,100,1866
1856400.000,35815,3,PI,1,100,1871
1856440.000,35815,3,PI,1,100,1863
1856480.000,35815,3,PI,1,100,1871
1856520.000,35831,3,PI,1,100,1863
1856560.000,35831,3,PI,1,100,1863
1856600.000,35831,3,PI,1,100,1872
1856640.000,35847,2,PI,1,100,1869
1856680.000,35847,2,PI,1,100,1862
1856720.000,35864,3,PI,1,100,1857
1856760.000,35864,3,PI,1,100,1860
1856800.000,35864,3,PI,1,100,1864
1856840.000,35880,2,PI,1,100,1865
1856880.000,35880,2,PI,1,100,1862
1856920.000,35903,4,PI,1,100,1868
1856960.000,35903,4,PI,1,100,1860
1857000.000,35903,4,PI,1,100,1869
1857040.000,35903,4,PI,1,100,1870
1857080.000,35919,3,PI,1,100,1873
1857120.000,35919,3,PI,1,100,1876
1857160.000,35919,3,PI,1,100,1863
1857200.000,35934,2,PI,1,100,1873
1857240.000,35934,2,PI,1,100,1864
1857280.000,35951,3,PI,1,100,1861
1857320.000,35951,3,PI,1,100,1873
1857360.000,35951,3,PI,1,100,1876
1857400.000,35968,2,PI,1,100,1868
1857440.000,35968,2,PI,1,100,1873
1857480.000,35984,3,PI,1,100,1872
1857520.000,35984,3,PI,1,100,1868
1857560.000,35984,3,PI,1,100,1866
1857600.000,36001,2,PI,1,100,1866
1857640.000,36001,2,PI,1,100,1872
1857680.000,36016,3,PI,1,100,1864
1857720.000,36016,3,PI,1,100,1861
1857760.000,36016,3,PI,1,100,1866
1857800.000,36033,2,PI,1,100,1864
1857840.000,36033,2,PI,1,100,1869
1857880.000,36050,3,PI,1,100,1861
1857920.000,36050,3,PI,1,100,1873
1857960.000,36050,3,PI,1,100,1864
1858000.000,36067,2,PI,1,100,1860
1858040.000,36067,2,PI,1,100,1853
1858080.000,36081,3,PI,1,100,1856
1858120.000,36081,3,PI,1,100,1857
1858160.000,36081,3,PI,1,100,1859
1858200.000,36098,2,PI,1,100,1852
1858240.000,36098,2,PI,1,100,1845
1858280.000,36115,3,PI,1,100,1849
1858320.000,36115,3,PI,1,100,1846
1858360.000,36115,3,PI,1,100,1867
1858400.000,36132,3,PI,1,100,1859
1858440.000,36132,3,PI,1,100,1869
1858480.000,36132,3,PI,1,100,1857
1858520.000,36146,2,PI,1,100,1863
1858560.000,36146,2,PI,1,100,1871
1858600.000,36164,3,PI,1,100,1868
1858640.000,36164,3,PI,1,100,1875
1858680.000,36164,3,PI,1,100,1871
1858720.000,36180,2,PI,1,100,1868
1858760.000,36180,2,PI,1,100,1878
1858800.000,36197,3,PI,1,100,1865
1858840.000,36197,3,PI,1,100,1872
1858880.000,36197,3,PI,1,100,1866
1858920.000,36212,2,PI,1,100,1873
1858960.000,36212,2,PI,1,100,1868
1859000.000,36229,3,PI,1,100,1877
1859040.000,36229,3,PI,1,100,1871
1859080.000,36229,3,PI,1,100,1875
1859120.000,36245,2,PI,1,100,1876
1859160.000,36245,2,PI,1,100,1872
1859200.000,36262,3,PI,1,100,1886
1859240.000,36262,3,PI,1,100,1880
1859280.000,36262,3,PI,1,100,1871
1859320.000,36277,2,PI,1,100,1883
1859360.000,36277,2,PI,1,100,1880
1859400.000,36294,3,PI,1,100,1865
1859440.000,36294,3,PI,1,100,1880
1859480.000,36294,3,PI,1,100,1879
1859520.000,36310,2,PI,1,100,1880
1859560.000,36310,2,PI,1,100,1879
1859600.000,36328,3,PI,1,100,1879
1859640.000,36328,3,PI,1,100,1880
1859680.000,36328,3,PI,1,100,1871
1859720.000,36343,3,PI,1,100,1875
1859760.000,36343,3,PI,1,100,1878
1859800.000,36343,3,PI,1,100,1875
1859840.000,36359,2,PI,1,100,1877
1859880.000,36359,2,PI,1,100,1877
1859920.000,36376,3,PI,1,100,1866
1859960.000,36376,3,PI,1,100,1871
1860000.000,36376,3,PI,1,100,1878
1860040.000,36393,2,PI,1,100,1862
1860080.000,36393,2,PI,1,100,1875
1860120.000,36409,3,PI,1,100,1867
1860160.000,36409,3,PI,1,100,1873
1860200.000,36409,3,PI,1,100,1866
1860240.000,36425,2,PI,1,100,1871
1860280.000,36425,2,PI,1,100,1874
1860319.667,36441,3,PI,1,100,1871
1860359.333,36441,3,PI,1,100,1860
1860399.000,36441,3,PI,1,100,1878
1860439.500,36458,2,PI,1,100,1862
1860480.000,36458,2,PI,1,100,1864
1860520.000,36474,3,PI,1,100,1861
1860560.000,36474,3,PI,1,100,1856
1860600.000,36474,3,PI,1,100,1871
1860640.000,36490,3,PI,1,100,1863
1860680.000,36490,3,PI,1,100,1858
1860720.000,36490,3,PI,1,100,1863
1860759.500,36506,2,PI,1,100,1862
1860799.000,36506,2,PI,1,100,1863
1860839.000,36523,3,PI,1,100,1862
1860879.000,36523,3,PI,1,100,1869
1860919.000,36523,3,PI,1,100,1859
1860959.000,36540,2,PI,1,100,1855
1860999.000,36540,2,PI,1,100,1868
1861039.333,36555,3,PI,1,100,1874
1861079.667,36555,3,PI,1,100,1862
1861120.000,36555,3,PI,1,100,1860
1861159.500,36571,2,PI,1,100,1863
1861199.000,36571,2,PI,1,100,1863
1861239.333,36589,3,PI,1,100,1872
1861279.667,36589,3,PI,1,100,1873
1861320.000,36589,3,PI,1,100,1865
1861359.500,36607,2,PI,1,100,1874
1861399.000,36607,2,PI,1,100,1876
1861439.000,36622,3,PI,1,100,1871
1861479.000,36622,3,PI,1,100,1875
1861519.000,36622,3,PI,1,100,1861
1861559.000,36638,2,PI,1,100,1874
1861599.000,36638,2,PI,1,100,1876
1861639.000,36656,3,PI,1,100,1875
1861679.000,36656,3,PI,1,100,1879
1861719.000,36656,3,PI,1,100,1871
1861759.000,36672,2,PI,1,100,1873
1861799.000,36672,2,PI,1,100,1876
1861839.333,36688,3,PI,1,100,1877
1861879.667,36688,3,PI,1,100,1874
1861920.000,36688,3,PI,1,100,1875
1861959.500,36704,2,PI,1,100,1879
1861999.000,36704,2,PI,1,100,1874
1862039.000,36724,4,PI,1,100,1869
1862079.000,36724,4,PI,1,100,1876
1862119.000,36724,4,PI,1,100,1874
1862159.000,36724,4,PI,1,100,1865
1862199.000,36740,3,PI,1,100,1860
1862239.000,36740,3,PI,1,100,1880
1862279.000,36740,3,PI,1,100,1877
1862319.000,36758,2,PI,1,100,1881
1862359.000,36758,2,PI,1,100,1875
1862399.000,36774,3,PI,1,100,1863
1862439.000,36774,3,PI,1,100,1873
1862479.000,36774,3,PI,1,100,1875
1862519.000,36789,2,PI,1,100,1867
1862559.000,36789,2,PI,1,100,1880
1862599.000,36806,3,PI,1,100,1859
1862639.000,36806,3,PI,1,100,1863
1862679.000,36806,3,PI,1,100,1869
1862719.000,36823,2,PI,1,100,1869
1862759.000,36823,2,PI,1,100,1877
1862799.000,36839,3,PI,1,100,1865
1862839.000,36839,3,PI,1,100,1867
1862879.000,36839,3,PI,1,100,1872
1862919.000,36855,2,PI,1,100,1867
1862959.000,36855,2,PI,1,100,1871
1862999.000,36871,3,PI,1,100,1862
1863039.000,36871,3,PI,1,100,1866
1863079.000,36871,3,PI,1,100,1858
1863119.000,36888,2,PI,1,100,1873
1863159.000,36888,2,PI,1,100,1863
1863199.000,36904,3,PI,1,100,1871
1863239.000,36904,3,PI,1,100,1882
1863279.000,36904,3,PI,1,100,1868
1863319.000,36920,3,PI,1,100,1874
1863359.000,36920,3,PI,1,100,1883
1863399.000,36920,3,PI,1,100,1879
1863439.000,36936,2,PI,1,100,1881
1863479.000,36936,2,PI,1,100,1889
1863519.000,36953,3,PI,1,100,1881
1863559.000,36953,3,PI,1,100,1863
1863599.000,36953,3,PI,1,100,1871
1863639.000,36970,2,PI,1,100,1875
1863679.000,36970,2,PI,1,100,1878
1863719.000,36986,3,PI,1,100,1870
1863759.000,36986,3,PI,1,100,1870
1863799.000,36986,3,PI,1,100,1864
1863839.000,37001,2,PI,1,100,1867
1863879.000,37001,2,PI,1,100,1861
1863919.000,37019,3,PI,1,100,1871
1863959.000,37019,3,PI,1,100,1864
1863999.000,37019,3,PI,1,100,1871
1864039.000,37035,2,PI,1,100,1864
1864079.000,37035,2,PI,1,100,1863
1864119.000,37052,3,PI,1,100,1867
1864159.000,37052,3,PI,1,100,1870
1864199.000,37052,3,PI,1,100,1870
1864239.000,37067,2,PI,1,100,1873
1864279.000,37067,2,PI,1,100,1872
1864319.000,37084,3,PI,1,100,1864
1864359.000,37084,3,PI,1,100,1871
1864399.000,37084,3,PI,1,100,1879
1864439.000,37100,2,PI,1,100,1875
1864479.000,37100,2,PI,1,100,1880
1864519.000,37117,3,PI,1,100,1880
1864559.000,37117,3,PI,1,100,1884
1864599.000,37117,3,PI,1,100,1878
1864639.000,37132,3,PI,1,100,1870
1864679.000,37132,3,PI,1,100,1880
1864719.000,37132,3,PI,1,100,1876
1864759.000,37149,2,PI,1,100,1867
1864799.000,37149,2,PI,1,100,1863
1864839.000,37165,3,PI,1,100,1861
1864879.000,37165,3,PI,1,100,1874
1864919.000,37165,3,PI,1,100,1866
1864959.000,37183,2,PI,1,100,1866
1864999.000,37183,2,PI,1,100,1871
1865039.000,37197,3,PI,1,100,1864
1865079.000,37197,3,PI,1,100,1866
1865119.000,37197,3,PI,1,100,1877
1865159.000,37214,2,PI,1,100,1880
1865199.000,37214,2,PI,1,100,1880
1865239.000,37231,3,PI,1,100,1864
1865279.000,37231,3,PI,1,100,1879
1865319.000,37231,3,PI,1,100,1866
1865359.000,37248,2,PI,1,100,1874
1865399.000,37248,2,PI,1,100,1879
1865439.000,37262,3,PI,1,100,1875
1865479.000,37262,3,PI,1,100,1872
1865519.000,37262,3,PI,1,100,1878
1865559.000,37279,2,PI,1,100,1869
1865599.000,37279,2,PI,1,100,1864
1865639.000,37296,3,PI,1,100,1877
1865679.000,37296,3,PI,1,100,1872
1865719.000,37296,3,PI,1,100,1876
1865759.000,37313,2,PI,1,100,1874
1865799.000,37313,2,PI,1,100,1873
1865839.000,37328,3,PI,1,100,1866
1865879.000,37328,3,PI,1,100,1875
1865919.000,37328,3,PI,1,100,1859
1865959.000,37345,2,PI,1,100,1863
1865999.000,37345,2,PI,1,100,1865
1866039.000,37361,3,PI,1,100,1860
1866079.000,37361,3,PI,1,100,1860
1866119.000,37361,3,PI,1,100,1862
1866159.000,37379,5,PI,1,100,1871
1866199.000,37379,5,PI,1,100,1873
1866239.000,37379,5,PI,1,100,1867
1866279.000,37379,5,PI,1,100,1874
1866319.000,37379,5,PI,1,100,1877
1866359.000,37397,2,PI,1,100,1862
1866399.000,37397,2,PI,1,100,1849
1866439.000,37414,3,PI,1,100,1873
1866479.000,37414,3,PI,1,100,1889
1866519.000,37414,3,PI,1,100,1863
1866559.000,37430,2,PI,1,100,1860
1866599.000,37430,2,PI,1,100,1864
1866639.000,37446,3,PI,1,100,1869
1866679.000,37446,3,PI,1,100,1891
1866719.000,37446,3,PI,1,100,1872
1866759.000,37462,2,PI,1,100,1893
1866799.000,37462,2,PI,1,100,1897
1866839.000,37479,3,PI,1,100,1871
1866879.000,37479,3,PI,1,100,1878
1866919.000,37479,3,PI,1,100,1869
1866959.000,37496,2,PI,1,100,1878
1866999.000,37496,2,PI,1,100,1872
1867039.000,37512,3,PI,1,100,1878
1867079.000,37512,3,PI,1,100,1878
1867119.000,37512,3,PI,1,100,1879
1867159.000,37534,4,PI,1,100,1881
1867199.000,37534,4,PI,1,100,1868
1867239.000,37534,4,PI,1,100,1873
1867279.000,37534,4,PI,1,100,1879
1867319.000,37552,2,PI,1,100,1882
1867359.000,37552,2,PI,1,100,1873
1867399.000,37568,3,PI,1,100,1883
1867439.000,37568,3,PI,1,100,1890
1867479.000,37568,3,PI,1,100,1889
1867519.000,37585,2,PI,1,100,1878
1867559.000,37585,2,PI,1,100,1878
1867599.000,37602,3,PI,1,100,1881
1867639.000,37602,3,PI,1,100,1875
1867679.000,37602,3,PI,1,100,1878
1867719.000,37618,3,PI,1,100,1878
1867759.000,37618,3,PI,1,100,1878
1867799.000,37618,3,PI,1,100,1873
1867839.000,37633,2,PI,1,100,1874
1867879.000,37633,2,PI,1,100,1874
1867919.000,37651,3,PI,1,100,1869
1867959.000,37651,3,PI,1,100,1871
1867999.000,37651,3,PI,1,100,1874
1868039.000,37667,2,PI,1,100,1876
1868079.000,37667,2,PI,1,100,1873
1868119.000,37683,3,PI,1,100,1865
1868159.000,37683,3,PI,1,100,1872
1868199.000,37683,3,PI,1,100,1870
1868239.000,37699,2,PI,1,100,1871
1868279.000,37699,2,PI,1,100,1868
1868319.000,37716,3,PI,1,100,1870
1868359.000,37716,3,PI,1,100,1866
1868399.000,37716,3,PI,1,100,1867
1868439.000,37732,2,PI,1,100,1878
1868479.000,37732,2,PI,1,100,1873
1868519.000,37750,4,PI,1,100,1883
1868559.000,37750,4,PI,1,100,1878
1868599.000,37750,4,PI,1,100,1881
1868639.000,37750,4,PI,1,100,1872
1868679.000,37766,2,PI,1,100,1864
1868719.000,37766,2,PI,1,100,1873
1868759.000,37781,3,PI,1,100,1885
1868799.000,37781,3,PI,1,100,1879
1868839.000,37781,3,PI,1,100,1874
1868879.000,37797,2,PI,1,100,1869
1868919.000,37797,2,PI,1,100,1881
1868959.000,37815,3,PI,1,100,1857
1868999.000,37815,3,PI,1,100,1875
1869039.000,37815,3,PI,1,100,1871
1869079.000,37831,2,PI,1,100,1863
1869119.000,37831,2,PI,1,100,1865
1869159.000,37846,3,PI,1,100,1865
1869199.000,37846,3,PI,1,100,1874
1869239.000,37846,3,PI,1,100,1880
1869279.000,37863,2,PI,1,100,1879
1869319.000,37863,2,PI,1,100,1880
1869359.000,37880,3,PI,1,100,1887
1869399.000,37880,3,PI,1,100,1884
1869439.000,37880,3,PI,1,100,1867
1869479.000,37896,2,PI,1,100,1890
1869519.000,37896,2,PI,1,100,1885
1869559.000,37912,3,PI,1,100,1888
1869599.000,37912,3,PI,1,100,1889
1869639.000,37912,3,PI,1,100,1885
1869679.000,37928,3,PI,1,100,1884
1869719.000,37928,3,PI,1,100,1883
1869759.000,37928,3,PI,1,100,1879
1869799.000,37945,2,PI,1,100,1873
1869839.000,37945,2,PI,1,100,1883
1869879.000,37961,3,PI,1,100,1869
1869919.000,37961,3,PI,1,100,1882
1869959.000,37961,3,PI,1,100,1877
1869999.000,37977,2,PI,1,100,1873
1870039.000,37977,2,PI,1,100,1869
1870079.000,37993,3,PI,1,100,1876
1870119.000,37993,3,PI,1,100,1869
1870159.000,37993,3,PI,1,100,1868
1870199.000,38010,2,PI,1,100,1868
1870239.000,38010,2,PI,1,100,1880
1870278.667,38027,3,PI,1,100,1872
1870318.333,38027,3,PI,1,100,1873
1870358.000,38027,3,PI,1,100,1870
1870398.500,38043,2,PI,1,100,1879
1870439.000,38043,2,PI,1,100,1876
1870479.000,38058,3,PI,1,100,1868
1870519.000,38058,3,PI,1,100,1885
1870559.000,38058,3,PI,1,100,1877
1870598.500,38076,2,PI,1,100,1879
1870638.000,38076,2,PI,1,100,1878
1870678.000,38092,3,PI,1,100,1879
1870718.000,38092,3,PI,1,100,1871
1870758.000,38092,3,PI,1,100,1885
1870798.000,38109,3,PI,1,100,1874
1870838.000,38109,3,PI,1,100,1868
1870878.000,38109,3,PI,1,100,1882
1870918.000,38124,2,PI,1,100,1869
1870958.000,38124,2,PI,1,100,1882
1870998.000,38141,3,PI,1,100,1879
1871038.000,38141,3,PI,1,100,1881
1871078.000,38141,3,PI,1,100,1873
1871118.000,38157,2,PI,1,100,1869
1871158.000,38157,2,PI,1,100,1876
1871198.333,38174,3,PI,1,100,1868
1871238.667,38174,3,PI,1,100,1872
1871279.000,38174,3,PI,1,100,1881
1871319.000,38192,3,PI,1,100,1883
1871359.000,38192,3,PI,1,100,1870
1871399.000,38192,3,PI,1,100,1887
1871438.500,38208,2,PI,1,100,1882
1871478.000,38208,2,PI,1,100,1882
1871518.000,38224,3,PI,1,100,1881
1871558.000,38224,3,PI,1,100,1877
1871598.000,38224,3,PI,1,100,1879
1871638.000,38242,2,PI,1,100,1878
1871678.000,38242,2,PI,1,100,1878
1871718.000,38258,3,PI,1,100,1872
1871758.000,38258,3,PI,1,100,1872
1871798.000,38258,3,PI,1,100,1875
1871838.000,38273,2,PI,1,100,1876
1871878.000,38273,2,PI,1,100,1884
1871918.000,38290,3,PI,1,100,1868
1871958.000,38290,3,PI,1,100,1869
1871998.000,38290,3,PI,1,100,1872
1872038.000,38307,2,PI,1,100,1864
1872078.000,38307,2,PI,1,100,1865
1872118.000,38323,3,PI,1,100,1874
1872158.000,38323,3,PI,1,100,1864
1872198.000,38323,3,PI,1,100,1867
1872238.000,38344,5,PI,1,100,1866
1872278.000,38344,5,PI,1,100,1875
1872318.000,38344,5,PI,1,100,1872
1872358.000,38344,5,PI,1,100,1870
1872398.000,38344,5,PI,1,100,1878
1872438.000,38361,2,PI,1,100,1880
1872478.000,38361,2,PI,1,100,1877
1872518.000,38376,3,PI,1,100,1859
1872558.000,38376,3,PI,1,100,1878
1872598.000,38376,3,PI,1,100,1889
1872638.000,38393,2,PI,1,100,1893
1872678.000,38393,2,PI,1,100,1874
1872718.000,38409,3,PI,1,100,1873
1872758.000,38409,3,PI,1,100,1886
1872798.000,38409,3,PI,1,100,1895
1872838.000,38426,2,PI,1,100,1878
1872878.000,38426,2,PI,1,100,1894
1872918.000,38443,3,PI,1,100,1865
1872958.000,38443,3,PI,1,100,1877
1872998.000,38443,3,PI,1,100,1882
1873038.000,38460,3,PI,1,100,1879
1873078.000,38460,3,PI,1,100,1887
1873118.000,38460,3,PI,1,100,1866
1873158.000,38474,3,PI,1,100,1876
1873198.000,38474,3,PI,1,100,1870
1873238.000,38474,3,PI,1,100,1888
1873278.000,38492,2,PI,1,100,1887
1873318.000,38492,2,PI,1,100,1873
1873358.000,38508,3,PI,1,100,1881
1873398.000,38508,3,PI,1,100,1890
1873438.000,38508,3,PI,1,100,1881
1873478.000,38525,2,PI,1,100,1888
1873518.000,38525,2,PI,1,100,1883
1873558.000,38540,3,PI,1,100,1885
1873598.000,38540,3,PI,1,100,1879
1873638.000,38540,3,PI,1,100,1880
1873678.000,38557,2,PI,1,100,1887
1873718.000,38557,2,PI,1,100,1887
1873758.000,38573,3,PI,1,100,1875
1873798.000,38573,3,PI,1,100,1882
1873838.000,38573,3,PI,1,100,1889
1873878.000,38590,2,PI,1,100,1868
1873918.000,38590,2,PI,1,100,1877
1873958.000,38605,3,PI,1,100,1877
1873998.000,38605,3,PI,1,100,1879
1874038.000,38605,3,PI,1,100,1865
1874078.000,38622,2,PI,1,100,1879
1874118.000,38622,2,PI,1,100,1877
1874158.000,38638,3,PI,1,100,1866
1874198.000,38638,3,PI,1,100,1881
1874238.000,38638,3,PI,1,100,1874
1874278.000,38656,2,PI,1,100,1881
1874318.000,38656,2,PI,1,100,1867
1874358.000,38670,3,PI,1,100,1880
1874398.000,38670,3,PI,1,100,1883
1874438.000,38670,3,PI,1,100,1882
1874478.000,38687,3,PI,1,100,1885
1874518.000,38687,3,PI,1,100,1875
1874558.000,38687,3,PI,1,100,1896
1874598.000,38704,2,PI,1,100,1878
1874638.000,38704,2,PI,1,100,1881
1874678.000,38721,3,PI,1,100,1882
1874718.000,38721,3,PI,1,100,1876
1874758.000,38721,3,PI,1,100,1880
1874798.000,38735,2,PI,1,100,1871
1874838.000,38735,2,PI,1,100,1873
1874878.000,38752,3,PI,1,100,1877
1874918.000,38752,3,PI,1,100,1869
1874958.000,38752,3,PI,1,100,1859
1874998.000,38769,2,PI,1,100,1870
1875038.000,38769,2,PI,1,100,1869
1875078.000,38786,3,PI,1,100,1866
1875118.000,38786,3,PI,1,100,1876
1875158.000,38786,3,PI,1,100,1871
1875198.000,38801,2,PI,1,100,1883
1875238.000,38801,2,PI,1,100,1879
1875278.000,38818,3,PI,1,100,1888
1875318.000,38818,3,PI,1,100,1888
1875358.000,38818,3,PI,1,100,1879
1875398.000,38834,3,PI,1,100,1882
1875438.000,38834,3,PI,1,100,1881
1875478.000,38834,3,PI,1,100,1894
1875518.000,38851,3,PI,1,100,1884
1875558.000,38851,3,PI,1,100,1883
1875598.000,38851,3,PI,1,100,1883
1875638.000,38868,2,PI,1,100,1878
1875678.000,38868,2,PI,1,100,1884
1875718.000,38884,3,PI,1,100,1881
1875758.000,38884,3,PI,1,100,1885
1875798.000,38884,3,PI,1,100,1875
1875838.000,38899,2,PI,1,100,1875
1875878.000,38899,2,PI,1,100,1869
1875918.000,38917,3,PI,1,100,1876
1875958.000,38917,3,PI,1,100,1868
1875998.000,38917,3,PI,1,100,1877
1876038.000,38933,2,PI,1,100,1868
1876078.000,38933,2,PI,1,100,1878
1876118.000,38950,3,PI,1,100,1873
1876158.000,38950,3,PI,1,100,1871
1876198.000,38950,3,PI,1,100,1871
1876238.000,38965,2,PI,1,100,1871
1876278.000,38965,2,PI,1,100,1881
1876318.000,38984,3,PI,1,100,1868
1876358.000,38984,3,PI,1,100,1871
1876398.000,38984,3,PI,1,100,1869
1876438.000,39000,2,PI,1,100,1877
1876478.000,39000,2,PI,1,100,1884
1876518.000,39017,3,PI,1,100,1869
1876558.000,39017,3,PI,1,100,1881
1876598.000,39017,3,PI,1,100,1882
1876638.000,39032,3,PI,1,100,1883
1876678.000,39032,3,PI,1,100,1882
1876718.000,39032,3,PI,1,100,1886
1876758.000,39049,2,PI,1,100,1884
1876798.000,39049,2,PI,1,100,1877
1876838.000,39065,3,PI,1,100,1888
1876878.000,39065,3,PI,1,100,1889
1876918.000,39065,3,PI,1,100,1882
1876958.000,39083,2,PI,1,100,1869
1876998.000,39083,2,PI,1,100,1876
1877038.000,39097,3,PI,1,100,1882
1877078.000,39097,3,PI,1,100,1874
1877118.000,39097,3,PI,1,100,1877
1877158.000,39114,2,PI,1,100,1873
1877198.000,39114,2,PI,1,100,1885
1877238.000,39131,3,PI,1,100,1870
1877278.000,39131,3,PI,1,100,1885
1877318.000,39131,3,PI,1,100,1875
1877358.000,39153,4,PI,1,100,1871
1877398.000,39153,4,PI,1,100,1883
1877438.000,39153,4,PI,1,100,1887
1877478.000,39153,4,PI,1,100,1902
1877518.000,39169,3,PI,1,100,1884
1877558.000,39169,3,PI,1,100,1877
1877598.000,39169,3,PI,1,100,1880
1877638.000,39187,3,PI,1,100,1875
1877678.000,39187,3,PI,1,100,1868
1877718.000,39187,3,PI,1,100,1876
1877758.000,39203,3,PI,1,100,1889
1877798.000,39203,3,PI,1,100,1880
1877838.000,39203,3,PI,1,100,1874
1877878.000,39220,2,PI,1,100,1876
1877918.000,39220,2,PI,1,100,1872
1877958.000,39235,3,PI,1,100,1868
1877998.000,39235,3,PI,1,100,1876
1878038.000,39235,3,PI,1,100,1868
1878078.000,39252,2,PI,1,100,1875
1878118.000,39252,2,PI,1,100,1879
1878158.000,39268,3,PI,1,100,1870
1878198.000,39268,3,PI,1,100,1874
1878238.000,39268,3,PI,1,100,1879
1878278.000,39286,2,PI,1,100,1874
1878318.000,39286,2,PI,1,100,1873
1878358.000,39300,3,PI,1,100,1870
1878398.000,39300,3,PI,1,100,1868
1878438.000,39300,3,PI,1,100,1863
1878478.000,39317,2,PI,1,100,1868
1878518.000,39317,2,PI,1,100,1867
1878558.000,39334,3,PI,1,100,1867
1878598.000,39334,3,PI,1,100,1874
1878638.000,39334,3,PI,1,100,1859
1878678.000,39351,2,PI,1,100,1868
1878718.000,39351,2,PI,1,100,1877
1878758.000,39365,3,PI,1,100,1877
1878798.000,39365,3,PI,1,100,1876
1878838.000,39365,3,PI,1,100,1866
1878878.000,39382,2,PI,1,100,1883
1878918.000,39382,2,PI,1,100,1885
1878958.000,39399,3,PI,1,100,1876
1878998.000,39399,3,PI,1,100,1891
1879038.000,39399,3,PI,1,100,1898
1879078.000,39416,3,PI,1,100,1881
1879118.000,39416,3,PI,1,100,1889
1879158.000,39416,3,PI,1,100,1867
1879198.000,39430,2,PI,1,100,1879
1879238.000,39430,2,PI,1,100,1884
1879278.000,39448,3,PI,1,100,1872
1879318.000,39448,3,PI,1,100,1894
1879358.000,39448,3,PI,1,100,1876
1879398.000,39464,2,PI,1,100,1877
1879438.000,39464,2,PI,1,100,1876
1879478.000,39481,3,PI,1,100,1898
1879518.000,39481,3,PI,1,100,1898
1879558.000,39481,3,PI,1,100,1896
1879598.000,39497,2,PI,1,100,1884
1879638.000,39497,2,PI,1,100,1879
1879678.000,39513,3,PI,1,100,1896
1879718.000,39513,3,PI,1,100,1892
1879758.000,39513,3,PI,1,100,1903
1879797.667,39529,3,PI,1,100,1890
1879837.333,39529,3,PI,1,100,1892
1879877.000,39529,3,PI,1,100,1878
1879917.500,39547,2,PI,1,100,1875
1879958.000,39547,2,PI,1,100,1888
1879998.000,39563,3,PI,1,100,1887
1880038.000,39563,3,PI,1,100,1873
1880078.000,39563,3,PI,1,100,1884
1880118.000,39578,2,PI,1,100,1875
1880158.000,39578,2,PI,1,100,1871
1880198.000,39594,3,PI,1,100,1889
1880238.000,39594,3,PI,1,100,1876
1880278.000,39594,3,PI,1,100,1879
1880317.500,39612,2,PI,1,100,1874
1880357.000,39612,2,PI,1,100,1877
1880397.000,39628,3,PI,1,100,1877
1880437.000,39628,3,PI,1,100,1887
1880477.000,39628,3,PI,1,100,1875
1880517.333,39643,3,PI,1,100,1886
1880557.667,39643,3,PI,1,100,1870
1880598.000,39643,3,PI,1,100,1881
1880638.000,39660,2,PI,1,100,1890
1880678.000,39660,2,PI,1,100,1875
1880717.667,39677,3,PI,1,100,1891
1880757.333,39677,3,PI,1,100,1874
1880797.000,39677,3,PI,1,100,1878
1880837.000,39693,2,PI,1,100,1886
1880877.000,39693,2,PI,1,100,1888
1880917.000,39710,3,PI,1,100,1888
1880957.000,39710,3,PI,1,100,1870
1880997.000,39710,3,PI,1,100,1878
1881037.000,39725,2,PI,1,100,1883
1881077.000,39725,2,PI,1,100,1881
1881117.000,39742,3,PI,1,100,1886
1881157.000,39742,3,PI,1,100,1885
1881197.000,39742,3,PI,1,100,1879
1881237.000,39759,2,PI,1,100,1874
1881277.000,39759,2,PI,1,100,1879
1881324.000,39778,2,PI,1,100,1871
1881371.000,39778,2,PI,1,100,1871
1881406.667,39792,3,PI,1,100,1895
1881442.333,39792,3,PI,1,100,1881
1881478.000,39792,3,PI,1,100,1875
1881522.333,39809,3,PI,1,100,1875
1881566.667,39809,3,PI,1,100,1873
1881611.000,39809,3,PI,1,100,1879
1881651.000,39826,2,PI,1,100,1895
1881691.000,39826,2,PI,1,100,1889
1881731.000,39843,3,PI,1,100,1894
1881771.000,39843,3,PI,1,100,1894
1881811.000,39843,3,PI,1,100,1879
1881851.000,39857,2,PI,1,100,1890
1881891.000,39857,2,PI,1,100,1898
1881931.000,39875,5,PI,1,100,1889
1881971.000,39875,5,PI,1,100,1888
1882011.000,39875,5,PI,1,100,1894
1882051.000,39875,5,PI,1,100,1881
1882091.000,39875,5,PI,1,100,1880
1882131.000,39891,4,PI,1,100,1881
1882171.000,39891,4,PI,1,100,1879
1882211.000,39891,4,PI,1,100,1889
1882251.000,39891,4,PI,1,100,1876
1882291.000,39909,5,PI,1,100,1879
1882331.000,39909,5,PI,1,100,1883
1882371.000,39909,5,PI,1,100,1876
1882411.000,39909,5,PI,1,100,1873
1882451.000,39909,5,PI,1,100,1879
1882491.000,39932,6,PI,1,100,1881
1882531.000,39932,6,PI,1,100,1890
1882571.000,39932,6,PI,1,100,1882
1882611.000,39932,6,PI,1,100,1890
1882651.000,39932,6,PI,1,100,1889
1882691.000,39932,6,PI,1,100,1879
1882731.000,39948,3,PI,1,100,1890
1882771.000,39948,3,PI,1,100,1885
1882811.000,39948,3,PI,1,100,1877
1882851.000,39965,2,PI,1,100,1882
1882891.000,39965,2,PI,1,100,1879
1882931.000,39982,3,PI,1,100,1885
1882971.000,39982,3,PI,1,100,1888
1883011.000,39982,3,PI,1,100,1879
1883051.000,39997,2,PI,1,100,1888
1883091.000,39997,2,PI,1,100,1887
1883131.000,40013,3,PI,1,100,1880
1883171.000,40013,3,PI,1,100,1877
1883211.000,40013,3,PI,1,100,1887
1883251.000,40031,2,PI,1,100,1888
1883291.000,40031,2,PI,1,100,1888
1883331.000,40047,3,PI,1,100,1888
1883371.000,40047,3,PI,1,100,1889
1883411.000,40047,3,PI,1,100,1889
1883451.000,40063,3,PI,1,100,1878
1883491.000,40063,3,PI,1,100,1871
1883531.000,40063,3,PI,1,100,1879
1883571.000,40078,2,PI,1,100,1877
1883611.000,40078,2,PI,1,100,1885
1883651.000,40096,3,PI,1,100,1881
1883691.000,40096,3,PI,1,100,1878
1883731.000,40096,3,PI,1,100,1889
1883771.000,40112,2,PI,1,100,1890
1883811.000,40112,2,PI,1,100,1885
1883851.000,40129,3,PI,1,100,1890
1883891.000,40129,3,PI,1,100,1897
1883931.000,40129,3,PI,1,100,1875
1883971.000,40144,2,PI,1,100,1892
1884011.000,40144,2,PI,1,100,1888
1884051.000,40161,3,PI,1,100,1893
1884091.000,40161,3,PI,1,100,1894
1884131.000,40161,3,PI,1,100,1883
1884171.000,40177,2,PI,1,100,1887
1884211.000,40177,2,PI,1,100,1886
1884251.000,40195,3,PI,1,100,1886
1884291.000,40195,3,PI,1,100,1891
1884331.000,40195,3,PI,1,100,1884
1884371.000,40209,2,PI,1,100,1879
1884411.000,40209,2,PI,1,100,1883
1884450.667,40226,3,PI,1,100,1872
1884490.333,40226,3,PI,1,100,1875
1884530.000,40226,3,PI,1,100,1881
1884570.500,40243,2,PI,1,100,1875
1884611.000,40243,2,PI,1,100,1878
1884650.667,40260,3,PI,1,100,1880
1884690.333,40260,3,PI,1,100,1879
1884730.000,40260,3,PI,1,100,1875
1884770.000,40274,3,PI,1,100,1877
1884810.000,40274,3,PI,1,100,1880
1884850.000,40274,3,PI,1,100,1883
1884890.000,40291,2,PI,1,100,1879
1884930.000,40291,2,PI,1,100,1888
1884970.000,40308,3,PI,1,100,1879
1885010.000,40308,3,PI,1,100,1890
1885050.000,40308,3,PI,1,100,1887
1885090.000,40325,2,PI,1,100,1890
1885130.000,40325,2,PI,1,100,1896
1885170.000,40339,3,PI,1,100,1888
1885210.000,40339,3,PI,1,100,1887
1885250.000,40339,3,PI,1,100,1876
1885290.000,40357,2,PI,1,100,1884
1885330.000,40357,2,PI,1,100,1883
1885370.000,40373,3,PI,1,100,1886
1885410.000,40373,3,PI,1,100,1875
1885450.000,40373,3,PI,1,100,1886
1885490.000,40390,2,PI,1,100,1877
1885530.000,40390,2,PI,1,100,1873
1885570.000,40406,3,PI,1,100,1883
1885610.000,40406,3,PI,1,100,1882
1885650.000,40406,3,PI,1,100,1884
1885690.000,40422,2,PI,1,100,1868
1885730.000,40422,2,PI,1,100,1888
1885770.000,40438,3,PI,1,100,1871
1885810.000,40438,3,PI,1,100,1889
1885850.000,40438,3,PI,1,100,1886
1885890.000,40455,2,PI,1,100,1894
1885930.000,40455,2,PI,1,100,1889
1885970.000,40471,3,PI,1,100,1886
1886010.000,40471,3,PI,1,100,1887
1886050.000,40471,3,PI,1,100,1892
1886090.000,40487,3,PI,1,100,1893
1886130.000,40487,3,PI,1,100,1885
1886170.000,40487,3,PI,1,100,1900
1886210.000,40503,2,PI,1,100,1880
1886250.000,40503,2,PI,1,100,1887
1886290.000,40523,3,PI,1,100,1879
1886330.000,40523,3,PI,1,100,1876
1886370.000,40523,3,PI,1,100,1882
1886410.000,40539,2,PI,1,100,1886
1886450.000,40539,2,PI,1,100,1886
1886490.000,40554,3,PI,1,100,1878
1886530.000,40554,3,PI,1,100,1874
1886570.000,40554,3,PI,1,100,1871
1886610.000,40571,2,PI,1,100,1883
1886650.000,40571,2,PI,1,100,1876
1886690.000,40588,3,PI,1,100,1882
1886730.000,40588,3,PI,1,100,1875
1886770.000,40588,3,PI,1,100,1868
1886810.000,40604,2,PI,1,100,1899
1886850.000,40604,2,PI,1,100,1895
1886890.000,40620,3,PI,1,100,1871
1886930.000,40620,3,PI,1,100,1874
1886970.000,40620,3,PI,1,100,1876
1887010.000,40636,2,PI,1,100,1873
1887050.000,40636,2,PI,1,100,1897
1887090.000,40653,3,PI,1,100,1892
1887130.000,40653,3,PI,1,100,1903
1887170.000,40653,3,PI,1,100,1880
1887210.000,40669,2,PI,1,100,1899
1887250.000,40669,2,PI,1,100,1890
1887290.000,40685,3,PI,1,100,1893
1887330.000,40685,3,PI,1,100,1896
1887370.000,40685,3,PI,1,100,1892
1887410.000,40701,3,PI,1,100,1888
1887450.000,40701,3,PI,1,100,1900
1887490.000,40701,3,PI,1,100,1880
1887530.000,40718,2,PI,1,100,1889
1887570.000,40718,2,PI,1,100,1886
1887610.000,40735,3,PI,1,100,1889
1887650.000,40735,3,PI,1,100,1891
1887690.000,40735,3,PI,1,100,1895
1887730.000,40754,3,PI,1,100,1895
1887770.000,40754,3,PI,1,100,1903
1887810.000,40754,3,PI,1,100,1905
1887850.000,40770,3,PI,1,100,1890
1887890.000,40770,3,PI,1,100,1897
1887930.000,40770,3,PI,1,100,1891
1887970.000,40786,2,PI,1,100,1892
1888010.000,40786,2,PI,1,100,1893
1888050.000,40802,3,PI,1,100,1888
1888090.000,40802,3,PI,1,100,1889
1888130.000,40802,3,PI,1,100,1892
1888170.000,40819,3,PI,1,100,1874
1888210.000,40819,3,PI,1,100,1885
1888250.000,40819,3,PI,1,100,1895
1888290.000,40836,2,PI,1,100,1875
1888330.000,40836,2,PI,1,100,1885
1888370.000,40851,3,PI,1,100,1882
1888410.000,40851,3,PI,1,100,1882
1888450.000,40851,3,PI,1,100,1879
1888490.000,40867,2,PI,1,100,1878
1888530.000,40867,2,PI,1,100,1880
1888570.000,40885,3,PI,1,100,1878
1888610.000,40885,3,PI,1,100,1877
1888650.000,40885,3,PI,1,100,1882
1888690.000,40901,2,PI,1,100,1886
1888730.000,40901,2,PI,1,100,1879
1888770.000,40916,3,PI,1,100,1878
1888810.000,40916,3,PI,1,100,1880
1888850.000,40916,3,PI,1,100,1882
1888890.000,40932,2,PI,1,100,1890
1888930.000,40932,2,PI,1,100,1894
1888970.000,40950,3,PI,1,100,1892
1889010.000,40950,3,PI,1,100,1889
1889050.000,40950,3,PI,1,100,1892
1889090.000,40966,2,PI,1,100,1883
1889130.000,40966,2,PI,1,100,1890
1889170.000,40982,3,PI,1,100,1883
1889210.000,40982,3,PI,1,100,1881
1889250.000,40982,3,PI,1,100,1890
1889290.000,40998,2,PI,1,100,1878
1889330.000,40998,2,PI,1,100,1894
1889370.000,41015,3,PI,1,100,1880
1889410.000,41015,3,PI,1,100,1882
1889450.000,41015,3,PI,1,100,1893
1889490.000,41031,2,PI,1,100,1877
1889530.000,41031,2,PI,1,100,1875
1889570.000,41048,3,PI,1,100,1878
1889610.000,41048,3,PI,1,100,1876
1889650.000,41048,3,PI,1,100,1875
1889690.000,41063,3,PI,1,100,1879
1889730.000,41063,3,PI,1,100,1879
1889770.000,41063,3,PI,1,100,1888
1889810.000,41080,2,PI,1,100,1899
1889850.000,41080,2,PI,1,100,1886
1889890.000,41097,3,PI,1,100,1896
1889930.000,41097,3,PI,1,100,1881
1889970.000,41097,3,PI,1,100,1885
1890010.000,41114,2,PI,1,100,1888
1890050.000,41114,2,PI,1,100,1893
1890090.000,41128,3,PI,1,100,1890
1890130.000,41128,3,PI,1,100,1892
1890170.000,41128,3,PI,1,100,1885
1890210.000,41145,2,PI,1,100,1881
1890250.000,41145,2,PI,1,100,1889
1890290.000,41162,3,PI,1,100,1881
1890330.000,41162,3,PI,1,100,1875
1890370.000,41162,3,PI,1,100,1877
1890410.000,41179,2,PI,1,100,1882
1890450.000,41179,2,PI,1,100,1880
1890490.000,41193,3,PI,1,100,1885
1890530.000,41193,3,PI,1,100,1889
1890570.000,41193,3,PI,1,100,1887
1890610.000,41211,2,PI,1,100,1889
1890650.000,41211,2,PI,1,100,1872
1890690.000,41227,3,PI,1,100,1884
1890730.000,41227,3,PI,1,100,1894
1890770.000,41227,3,PI,1,100,1876
1890810.000,41244,2,PI,1,100,1880
1890850.000,41244,2,PI,1,100,1896
1890890.000,41259,3,PI,1,100,1889
1890930.000,41259,3,PI,1,100,1891
1890970.000,41259,3,PI,1,100,1889
1891010.000,41276,3,PI,1,100,1888
1891050.000,41276,3,PI,1,100,1891
1891090.000,41276,3,PI,1,100,1897
1891130.000,41292,2,PI,1,100,1894
1891170.000,41292,2,PI,1,100,1888
1891210.000,41309,3,PI,1,100,1877
1891250.000,41309,3,PI,1,100,1878
1891290.000,41309,3,PI,1,100,1877
1891330.000,41326,2,PI,1,100,1890
1891370.000,41326,2,PI,1,100,1878
1891410.000,41343,3,PI,1,100,1875
1891450.000,41343,3,PI,1,100,1878
1891490.000,41343,3,PI,1,100,1880
1891530.000,41359,2,PI,1,100,1882
1891570.000,41359,2,PI,1,100,1886
1891610.000,41377,3,PI,1,100,1885
1891650.000,41377,3,PI,1,100,1893
1891690.000,41377,3,PI,1,100,1880
1891730.000,41392,2,PI,1,100,1884
1891770.000,41392,2,PI,1,100,1886
1891810.000,41408,3,PI,1,100,1889
1891850.000,41408,3,PI,1,100,1889
1891890.000,41408,3,PI,1,100,1893
1891930.000,41425,2,PI,1,100,1891
1891970.000,41425,2,PI,1,100,1889
1892010.000,41442,3,PI,1,100,1889
1892050.000,41442,3,PI,1,100,1892
1892090.000,41442,3,PI,1,100,1888
1892130.000,41458,2,PI,1,100,1883
1892170.000,41458,2,PI,1,100,1885
1892210.000,41474,3,PI,1,100,1882
1892250.000,41474,3,PI,1,100,1877
1892290.000,41474,3,PI,1,100,1888
1892330.000,41490,2,PI,1,100,1887
1892370.000,41490,2,PI,1,100,1879
1892410.000,41507,3,PI,1,100,1881
1892450.000,41507,3,PI,1,100,1885
1892490.000,41507,3,PI,1,100,1876
1892530.000,41523,3,PI,1,100,1881
1892570.000,41523,3,PI,1,100,1873
1892610.000,41523,3,PI,1,100,1877
1892650.000,41539,2,PI,1,100,1879
1892690.000,41539,2,PI,1,100,1887
1892730.000,41555,3,PI,1,100,1878
1892770.000,41555,3,PI,1,100,1872
1892810.000,41555,3,PI,1,100,1875
1892850.000,41578,3,PI,1,100,1882
1892890.000,41578,3,PI,1,100,1885
1892930.000,41578,3,PI,1,100,1887
1892970.000,41595,3,PI,1,100,1891
1893010.000,41595,3,PI,1,100,1906
1893050.000,41595,3,PI,1,100,1882
1893090.000,41612,2,PI,1,100,1893
1893130.000,41612,2,PI,1,100,1887
1893170.000,41627,3,PI,1,100,1886
1893210.000,41627,3,PI,1,100,1905
1893250.000,41627,3,PI,1,100,1874
1893290.000,41644,2,PI,1,100,1893
1893330.000,41644,2,PI,1,100,1890
1893370.000,41660,3,PI,1,100,1902
1893410.000,41660,3,PI,1,100,1884
1893450.000,41660,3,PI,1,100,1877
1893489.500,41677,2,PI,1,100,1883
1893529.000,41677,2,PI,1,100,1886
1893569.333,41693,3,PI,1,100,1897
1893609.667,41693,3,PI,1,100,1882
1893650.000,41693,3,PI,1,100,1908
1893690.000,41709,2,PI,1,100,1879
1893730.000,41709,2,PI,1,100,1894
1893769.667,41725,3,PI,1,100,1874
1893809.333,41725,3,PI,1,100,1893
1893849.000,41725,3,PI,1,100,1890
1893889.333,41743,3,PI,1,100,1890
1893929.667,41743,3,PI,1,100,1899
1893970.000,41743,3,PI,1,100,1891
1894009.500,41759,2,PI,1,100,1876
1894049.000,41759,2,PI,1,100,1898
1894089.333,41774,3,PI,1,100,1900
1894129.667,41774,3,PI,1,100,1896
1894170.000,41774,3,PI,1,100,1905
1894209.500,41790,2,PI,1,100,1894
1894249.000,41790,2,PI,1,100,1888
1894289.333,41808,3,PI,1,100,1898
1894329.667,41808,3,PI,1,100,1888
1894370.000,41808,3,PI,1,100,1896
1894410.000,41824,2,PI,1,100,1891
1894450.000,41824,2,PI,1,100,1901
1894490.000,41839,3,PI,1,100,1889
1894530.000,41839,3,PI,1,100,1888
1894570.000,41839,3,PI,1,100,1892
1894609.500,41856,2,PI,1,100,1881
1894649.000,41856,2,PI,1,100,1885
1894689.000,41873,3,PI,1,100,1881
1894729.000,41873,3,PI,1,100,1881
1894769.000,41873,3,PI,1,100,1882
1894809.000,41889,2,PI,1,100,1878
1894849.000,41889,2,PI,1,100,1881
1894889.000,41905,3,PI,1,100,1876
1894929.000,41905,3,PI,1,100,1879
1894969.000,41905,3,PI,1,100,1882
1895009.000,41921,3,PI,1,100,1880
1895049.000,41921,3,PI,1,100,1876
1895089.000,41921,3,PI,1,100,1895
1895129.000,41938,2,PI,1,100,1895
1895169.000,41938,2,PI,1,100,1885
1895209.000,41954,3,PI,1,100,1893
1895249.000,41954,3,PI,1,100,1879
1895289.000,41954,3,PI,1,100,1890
1895329.000,41970,2,PI,1,100,1882
1895369.000,41970,2,PI,1,100,1881
1895409.000,41986,3,PI,1,100,1891
1895449.000,41986,3,PI,1,100,1893
1895489.000,41986,3,PI,1,100,1882
1895529.000,42003,2,PI,1,100,1882
1895569.000,42003,2,PI,1,100,1878
1895609.000,42020,3,PI,1,100,1868
1895649.000,42020,3,PI,1,100,1877
1895689.000,42020,3,PI,1,100,1894
1895729.000,42036,2,PI,1,100,1884
1895769.000,42036,2,PI,1,100,1881
1895809.000,42051,3,PI,1,100,1880
1895849.000,42051,3,PI,1,100,1884
1895889.000,42051,3,PI,1,100,1886
1895929.000,42069,2,PI,1,100,1886
1895969.000,42069,2,PI,1,100,1882
1896009.000,42085,3,PI,1,100,1894
1896049.000,42085,3,PI,1,100,1895
1896089.000,42085,3,PI,1,100,1877
1896129.000,42102,2,PI,1,100,1893
1896169.000,42102,2,PI,1,100,1892
1896209.000,42117,3,PI,1,100,1891
1896249.000,42117,3,PI,1,100,1894
1896289.000,42117,3,PI,1,100,1889
1896329.000,42136,2,PI,1,100,1891
1896369.000,42136,2,PI,1,100,1893
1896409.000,42152,3,PI,1,100,1897
1896449.000,42152,3,PI,1,100,1892
1896489.000,42152,3,PI,1,100,1892
1896529.000,42169,3,PI,1,100,1890
1896569.000,42169,3,PI,1,100,1884
1896609.000,42169,3,PI,1,100,1886
1896649.000,42184,2,PI,1,100,1877
1896689.000,42184,2,PI,1,100,1886
1896729.000,42201,3,PI,1,100,1881
1896769.000,42201,3,PI,1,100,1881
1896809.000,42201,3,PI,1,100,1875
1896849.000,42217,2,PI,1,100,1881
1896889.000,42217,2,PI,1,100,1881
1896929.000,42235,3,PI,1,100,1878
1896969.000,42235,3,PI,1,100,1892
1897009.000,42235,3,PI,1,100,1885
1897049.000,42249,2,PI,1,100,1883
1897089.000,42249,2,PI,1,100,1892
1897129.000,42266,3,PI,1,100,1896
1897169.000,42266,3,PI,1,100,1898
1897209.000,42266,3,PI,1,100,1889
1897249.000,42283,2,PI,1,100,1896
1897289.000,42283,2,PI,1,100,1888
1897329.000,42300,3,PI,1,100,1880
1897369.000,42300,3,PI,1,100,1880
1897409.000,42300,3,PI,1,100,1893
1897449.000,42314,2,PI,1,100,1884
1897489.000,42314,2,PI,1,100,1882
1897529.000,42331,3,PI,1,100,1881
1897569.000,42331,3,PI,1,100,1880
1897609.000,42331,3,PI,1,100,1890
1897649.000,42348,2,PI,1,100,1883
1897689.000,42348,2,PI,1,100,1879
1897729.000,42365,3,PI,1,100,1884
1897769.000,42365,3,PI,1,100,1875
1897809.000,42365,3,PI,1,100,1882
1897849.000,42380,3,PI,1,100,1879
1897889.000,42380,3,PI,1,100,1891
1897929.000,42380,3,PI,1,100,1877
1897969.000,42402,3,PI,1,100,1894
1898009.000,42402,3,PI,1,100,1898
1898049.000,42402,3,PI,1,100,1883
1898089.000,42418,3,PI,1,100,1888
1898129.000,42418,3,PI,1,100,1892
1898169.000,42418,3,PI,1,100,1897
1898209.000,42435,2,PI,1,100,1893
1898249.000,42435,2,PI,1,100,1892
1898289.000,42452,3,PI,1,100,1892
1898329.000,42452,3,PI,1,100,1891
1898369.000,42452,3,PI,1,100,1886
1898409.000,42469,2,PI,1,100,1906
1898449.000,42469,2,PI,1,100,1892
1898489.000,42483,3,PI,1,100,1886
1898529.000,42483,3,PI,1,100,1888
1898569.000,42483,3,PI,1,100,1899
1898609.000,42501,2,PI,1,100,1878
1898649.000,42501,2,PI,1,100,1888
1898689.000,42517,3,PI,1,100,1889
1898729.000,42517,3,PI,1,100,1880
1898769.000,42517,3,PI,1,100,1892
1898809.000,42534,2,PI,1,100,1888
1898849.000,42534,2,PI,1,100,1886
1898889.000,42549,3,PI,1,100,1895
1898929.000,42549,3,PI,1,100,1881
1898969.000,42549,3,PI,1,100,1880
1899009.000,42566,2,PI,1,100,1891
1899049.000,42566,2,PI,1,100,1878
1899089.000,42582,3,PI,1,100,1887
1899129.000,42582,3,PI,1,100,1882
1899169.000,42582,3,PI,1,100,1889
1899209.000,42599,3,PI,1,100,1884
1899249.000,42599,3,PI,1,100,1871
1899289.000,42599,3,PI,1,100,1881
1899329.000,42614,2,PI,1,100,1881
1899369.000,42614,2,PI,1,100,1873
1899409.000,42631,3,PI,1,100,1885
1899449.000,42631,3,PI,1,100,1879
1899489.000,42631,3,PI,1,100,1877
1899529.000,42647,2,PI,1,100,1879
1899569.000,42647,2,PI,1,100,1874
1899609.000,42665,3,PI,1,100,1881
1899649.000,42665,3,PI,1,100,1884
1899689.000,42665,3,PI,1,100,1880
1899729.000,42680,2,PI,1,100,1873
1899769.000,42680,2,PI,1,100,1888
1899809.000,42696,3,PI,1,100,1876
1899849.000,42696,3,PI,1,100,1891
1899889.000,42696,3,PI,1,100,1890
1899929.000,42713,2,PI,1,100,1891
1899969.000,42713,2,PI,1,100,1901
1900009.000,42730,3,PI,1,100,1889
1900049.000,42730,3,PI,1,100,1904
1900089.000,42730,3,PI,1,100,1897
1900129.000,42745,2,PI,1,100,1890
1900169.000,42745,2,PI,1,100,1899
1900209.000,42762,3,PI,1,100,1902
1900249.000,42762,3,PI,1,100,1895
1900289.000,42762,3,PI,1,100,1889
1900329.000,42778,2,PI,1,100,1899
1900369.000,42778,2,PI,1,100,1907
1900409.000,42795,3,PI,1,100,1908
1900449.000,42795,3,PI,1,100,1896
1900489.000,42795,3,PI,1,100,1897
1900529.000,42811,2,PI,1,100,1897
1900569.000,42811,2,PI,1,100,1890
1900609.000,42827,3,PI,1,100,1888
1900649.000,42827,3,PI,1,100,1890
1900689.000,42827,3,PI,1,100,1897
1900729.000,42843,3,PI,1,100,1884
1900769.000,42843,3,PI,1,100,1887
1900809.000,42843,3,PI,1,100,1885
1900849.000,42860,2,PI,1,100,1884
1900889.000,42860,2,PI,1,100,1887
1900929.000,42877,3,PI,1,100,1882
1900969.000,42877,3,PI,1,100,1894
1901009.000,42877,3,PI,1,100,1874
1901049.000,42892,2,PI,1,100,1882
1901089.000,42892,2,PI,1,100,1873
1901129.000,42908,3,PI,1,100,1881
1901169.000,42908,3,PI,1,100,1885
1901209.000,42908,3,PI,1,100,1879
1901249.000,42926,2,PI,1,100,1890
1901289.000,42926,2,PI,1,100,1882
1901329.000,42944,3,PI,1,100,1878
1901369.000,42944,3,PI,1,100,1898
1901409.000,42944,3,PI,1,100,1891
1901449.000,42959,2,PI,1,100,1897
1901489.000,42959,2,PI,1,100,1881
1901529.000,42975,3,PI,1,100,1889
1901569.000,42975,3,PI,1,100,1887
1901609.000,42975,3,PI,1,100,1889
1901649.000,42993,2,PI,1,100,1884
1901689.000,42993,2,PI,1,100,1886
1901729.000,43009,3,PI,1,100,1877
1901769.000,43009,3,PI,1,100,1882
1901809.000,43009,3,PI,1,100,1888
1901849.000,43024,2,PI,1,100,1882
1901889.000,43024,2,PI,1,100,1881
1901929.000,43041,3,PI,1,100,1886
1901969.000,43041,3,PI,1,100,1887
1902009.000,43041,3,PI,1,100,1878
1902049.000,43058,3,PI,1,100,1888
1902089.000,43058,3,PI,1,100,1873
1902129.000,43058,3,PI,1,100,1893
1902169.000,43076,4,PI,1,100,1892
1902209.000,43076,4,PI,1,100,1896
1902249.000,43076,4,PI,1,100,1893
1902289.000,43076,4,PI,1,100,1883
1902329.000,43092,3,PI,1,100,1895
1902369.000,43092,3,PI,1,100,1890
1902409.000,43092,3,PI,1,100,1902
1902449.000,43109,2,PI,1,100,1887
1902489.000,43109,2,PI,1,100,1890
1902529.000,43125,3,PI,1,100,1894
1902569.000,43125,3,PI,1,100,1888
1902609.000,43125,3,PI,1,100,1889
1902649.000,43141,2,PI,1,100,1888
1902689.000,43141,2,PI,1,100,1888
1902729.000,43157,3,PI,1,100,1880
1902769.000,43157,3,PI,1,100,1883
1902809.000,43157,3,PI,1,100,1881
1902849.000,43174,2,PI,1,100,1883
1902889.000,43174,2,PI,1,100,1880
1902929.000,43191,3,PI,1,100,1875
1902969.000,43191,3,PI,1,100,1880
1903009.000,43191,3,PI,1,100,1885
1903049.000,43211,4,PI,1,100,1882
1903089.000,43211,4,PI,1,100,1896
1903129.000,43211,4,PI,1,100,1895
1903169.000,43211,4,PI,1,100,1901
1903209.000,43227,2,PI,1,100,1890
1903249.000,43227,2,PI,1,100,1892
1903289.000,43243,3,PI,1,100,1898
1903329.000,43243,3,PI,1,100,1897
1903369.000,43243,3,PI,1,100,1891
1903409.000,43259,2,PI,1,100,1881
1903449.000,43259,2,PI,1,100,1888
1903489.000,43276,3,PI,1,100,1899
1903529.000,43276,3,PI,1,100,1875
1903569.000,43276,3,PI,1,100,1886
1903609.000,43293,3,PI,1,100,1890
1903649.000,43293,3,PI,1,100,1884
1903689.000,43293,3,PI,1,100,1892
1903729.000,43308,2,PI,1,100,1898
1903769.000,43308,2,PI,1,100,1879
1903808.667,43324,3,PI,1,100,1879
1903848.333,43324,3,PI,1,100,1892
1903888.000,43324,3,PI,1,100,1891
1903928.500,43342,2,PI,1,100,1890
1903969.000,43342,2,PI,1,100,1888
1904009.000,43358,3,PI,1,100,1901
1904049.000,43358,3,PI,1,100,1884
1904089.000,43358,3,PI,1,100,1891
1904129.000,43374,2,PI,1,100,1887
1904169.000,43374,2,PI,1,100,1891
1904209.000,43389,3,PI,1,100,1879
1904249.000,43389,3,PI,1,100,1882
1904289.000,43389,3,PI,1,100,1894
1904328.500,43407,2,PI,1,100,1882
1904368.000,43407,2,PI,1,100,1887
1904408.000,43423,3,PI,1,100,1889
1904448.000,43423,3,PI,1,100,1879
1904488.000,43423,3,PI,1,100,1872
1904528.000,43441,3,PI,1,100,1875
1904568.000,43441,3,PI,1,100,1866
1904608.000,43441,3,PI,1,100,1874
1904648.000,43457,3,PI,1,100,1882
1904688.000,43457,3,PI,1,100,1878
1904728.000,43457,3,PI,1,100,1881
1904768.000,43472,2,PI,1,100,1882
1904808.000,43472,2,PI,1,100,1879
1904848.000,43488,3,PI,1,100,1881
1904888.000,43488,3,PI,1,100,1891
1904928.000,43488,3,PI,1,100,1886
1904968.000,43506,2,PI,1,100,1890
1905008.000,43506,2,PI,1,100,1901
1905048.000,43522,3,PI,1,100,1889
1905088.000,43522,3,PI,1,100,1901
1905128.000,43522,3,PI,1,100,1877
1905168.000,43537,2,PI,1,100,1897
1905208.000,43537,2,PI,1,100,1895
1905248.000,43554,3,PI,1,100,1899
1905288.000,43554,3,PI,1,100,1901
1905328.000,43554,3,PI,1,100,1875
1905368.000,43571,3,PI,1,100,1900
1905408.000,43571,3,PI,1,100,1892
1905448.000,43571,3,PI,1,100,1900
1905488.000,43587,2,PI,1,100,1890
1905528.000,43587,2,PI,1,100,1886
1905568.000,43603,3,PI,1,100,1891
1905608.000,43603,3,PI,1,100,1893
1905648.000,43603,3,PI,1,100,1902
1905688.000,43619,2,PI,1,100,1892
1905728.000,43619,2,PI,1,100,1896
1905768.000,43636,3,PI,1,100,1896
1905808.000,43636,3,PI,1,100,1899
1905848.000,43636,3,PI,1,100,1908
1905888.000,43652,2,PI,1,100,1901
1905928.000,43652,2,PI,1,100,1895
1905968.000,43668,3,PI,1,100,1895
1906008.000,43668,3,PI,1,100,1897
1906048.000,43668,3,PI,1,100,1885
1906088.000,43684,2,PI,1,100,1888
1906128.000,43684,2,PI,1,100,1900
1906168.000,43701,3,PI,1,100,1893
1906208.000,43701,3,PI,1,100,1881
1906248.000,43701,3,PI,1,100,1887
1906288.000,43718,2,PI,1,100,1884
1906328.000,43718,2,PI,1,100,1887
1906368.000,43735,3,PI,1,100,1879
1906408.000,43735,3,PI,1,100,1878
1906448.000,43735,3,PI,1,100,1882
1906488.000,43751,2,PI,1,100,1877
1906528.000,43751,2,PI,1,100,1882
1906568.000,43769,3,PI,1,100,1891
1906608.000,43769,3,PI,1,100,1890
1906648.000,43769,3,PI,1,100,1883
1906688.000,43785,2,PI,1,100,1896
1906728.000,43785,2,PI,1,100,1885
1906768.000,43801,3,PI,1,100,1897
1906808.000,43801,3,PI,1,100,1895
1906848.000,43801,3,PI,1,100,1891
1906888.000,43817,3,PI,1,100,1877
1906928.000,43817,3,PI,1,100,1885
1906968.000,43817,3,PI,1,100,1888
1907008.000,43834,3,PI,1,100,1885
1907048.000,43834,3,PI,1,100,1894
1907088.000,43834,3,PI,1,100,1874
1907128.000,43850,2,PI,1,100,1890
1907168.000,43850,2,PI,1,100,1878
1907208.000,43867,3,PI,1,100,1872
1907248.000,43867,3,PI,1,100,1891
1907288.000,43867,3,PI,1,100,1878
1907328.000,43883,2,PI,1,100,1886
1907368.000,43883,2,PI,1,100,1897
1907408.000,43899,3,PI,1,100,1895
1907448.000,43899,3,PI,1,100,1895
1907488.000,43899,3,PI,1,100,1898
1907528.000,43915,2,PI,1,100,1900
1907568.000,43915,2,PI,1,100,1897
1907608.000,43933,3,PI,1,100,1894
1907648.000,43933,3,PI,1,100,1888
1907688.000,43933,3,PI,1,100,1894
1907728.000,43948,2,PI,1,100,1889
1907768.000,43948,2,PI,1,100,1887
1907808.000,43964,3,PI,1,100,1889
1907848.000,43964,3,PI,1,100,1887
1907888.000,43964,3,PI,1,100,1894
1907928.000,43981,2,PI,1,100,1882
1907968.000,43981,2,PI,1,100,1882
1908008.000,43998,3,PI,1,100,1883
1908048.000,43998,3,PI,1,100,1880
1908088.000,43998,3,PI,1,100,1883
1908128.000,44019,4,PI,1,100,1875
1908168.000,44019,4,PI,1,100,1880
1908208.000,44019,4,PI,1,100,1884
1908248.000,44019,4,PI,1,100,1875
1908288.000,44037,3,PI,1,100,1888
1908328.000,44037,3,PI,1,100,1890
1908368.000,44037,3,PI,1,100,1883
1908408.000,44053,3,PI,1,100,1883
1908448.000,44053,3,PI,1,100,1892
1908488.000,44053,3,PI,1,100,1889
1908528.000,44068,2,PI,1,100,1898
1908568.000,44068,2,PI,1,100,1895
1908608.000,44085,3,PI,1,100,1898
1908648.000,44085,3,PI,1,100,1891
1908688.000,44085,3,PI,1,100,1895
1908728.000,44102,2,PI,1,100,1882
1908768.000,44102,2,PI,1,100,1879
1908808.000,44118,3,PI,1,100,1895
1908848.000,44118,3,PI,1,100,1884
1908888.000,44118,3,PI,1,100,1884
1908928.000,44135,2,PI,1,100,1885
1908968.000,44135,2,PI,1,100,1876
1909008.000,44150,3,PI,1,100,1884
1909048.000,44150,3,PI,1,100,1890
1909088.000,44150,3,PI,1,100,1878
1909128.000,44167,3,PI,1,100,1896
1909168.000,44167,3,PI,1,100,1883
1909208.000,44167,3,PI,1,100,1903
1909248.000,44184,2,PI,1,100,1894
1909288.000,44184,2,PI,1,100,1892
1909328.000,44201,3,PI,1,100,1894
1909368.000,44201,3,PI,1,100,1897
1909408.000,44201,3,PI,1,100,1890
1909448.000,44215,2,PI,1,100,1896
1909488.000,44215,2,PI,1,100,1887
1909528.000,44232,3,PI,1,100,1894
1909568.000,44232,3,PI,1,100,1879
1909608.000,44232,3,PI,1,100,1886
1909648.000,44249,2,PI,1,100,1884
1909688.000,44249,2,PI,1,100,1885
1909728.000,44266,3,PI,1,100,1884
1909768.000,44266,3,PI,1,100,1872
1909808.000,44266,3,PI,1,100,1879
1909848.000,44280,2,PI,1,100,1877
1909888.000,44280,2,PI,1,100,1875
1909928.000,44298,3,PI,1,100,1878
1909968.000,44298,3,PI,1,100,1885
1910008.000,44298,3,PI,1,100,1896
1910048.000,44314,2,PI,1,100,1888
1910088.000,44314,2,PI,1,100,1885
1910128.000,44331,3,PI,1,100,1880
1910168.000,44331,3,PI,1,100,1895
1910208.000,44331,3,PI,1,100,1868
1910248.000,44347,3,PI,1,100,1881
1910288.000,44347,3,PI,1,100,1896
1910328.000,44347,3,PI,1,100,1885
1910368.000,44363,2,PI,1,100,1900
1910408.000,44363,2,PI,1,100,1907
1910448.000,44379,3,PI,1,100,1865
1910488.000,44379,3,PI,1,100,1888
1910528.000,44379,3,PI,1,100,1882
1910568.000,44396,2,PI,1,100,1881
1910608.000,44396,2,PI,1,100,1904
1910648.000,44412,3,PI,1,100,1871
1910688.000,44412,3,PI,1,100,1877
1910728.000,44412,3,PI,1,100,1906
1910768.000,44428,2,PI,1,100,1884
1910808.000,44428,2,PI,1,100,1891
1910848.000,44444,3,PI,1,100,1893
1910888.000,44444,3,PI,1,100,1893
1910928.000,44444,3,PI,1,100,1902
1910968.000,44462,2,PI,1,100,1900
1911008.000,44462,2,PI,1,100,1886
1911048.000,44478,3,PI,1,100,1909
1911088.000,44478,3,PI,1,100,1902
1911128.000,44478,3,PI,1,100,1897
1911168.000,44493,2,PI,1,100,1895
1911208.000,44493,2,PI,1,100,1899
1911248.000,44511,4,PI,1,100,1890
1911288.000,44511,4,PI,1,100,1889
1911328.000,44511,4,PI,1,100,1892
1911368.000,44511,4,PI,1,100,1885
1911408.000,44529,2,PI,1,100,1878
1911448.000,44529,2,PI,1,100,1898
1911488.000,44546,3,PI,1,100,1893
1911528.000,44546,3,PI,1,100,1889
1911568.000,44546,3,PI,1,100,1895
1911608.000,44563,2,PI,1,100,1889
1911648.000,44563,2,PI,1,100,1882
1911688.000,44578,3,PI,1,100,1881
1911728.000,44578,3,PI,1,100,1885
1911768.000,44578,3,PI,1,100,1877
1911808.000,44594,2,PI,1,100,1879
1911848.000,44594,2,PI,1,100,1883
1911888.000,44612,3,PI,1,100,1881
1911928.000,44612,3,PI,1,100,1885
1911968.000,44612,3,PI,1,100,1883
1912008.000,44628,2,PI,1,100,1890
1912048.000,44628,2,PI,1,100,1880
1912088.000,44643,3,PI,1,100,1881
1912128.000,44643,3,PI,1,100,1893
1912168.000,44643,3,PI,1,100,1893
1912208.000,44659,3,PI,1,100,1896
1912248.000,44659,3,PI,1,100,1889
1912288.000,44659,3,PI,1,100,1888
1912328.000,44677,2,PI,1,100,1895
1912368.000,44677,2,PI,1,100,1895
1912408.000,44693,3,PI,1,100,1886
1912448.000,44693,3,PI,1,100,1893
1912488.000,44693,3,PI,1,100,1896
1912528.000,44708,2,PI,1,100,1882
1912568.000,44708,2,PI,1,100,1884
1912614.500,44725,2,PI,1,100,1881
1912661.000,44725,2,PI,1,100,1881
1912701.000,44742,3,PI,1,100,1887
1912741.000,44742,3,PI,1,100,1896
1912781.000,44742,3,PI,1,100,1887
1912821.000,44758,2,PI,1,100,1883
1912861.000,44758,2,PI,1,100,1883
1912901.000,44775,3,PI,1,100,1891
1912941.000,44775,3,PI,1,100,1892
1912981.000,44775,3,PI,1,100,1898
1913021.000,44790,2,PI,1,100,1900
1913061.000,44790,2,PI,1,100,1896
1913101.000,44807,3,PI,1,100,1899
1913141.000,44807,3,PI,1,100,1894
1913181.000,44807,3,PI,1,100,1892
1913221.000,44828,5,PI,1,100,1900
1913261.000,44828,5,PI,1,100,1896
1913301.000,44828,5,PI,1,100,1898
1913341.000,44828,5,PI,1,100,1903
1913381.000,44828,5,PI,1,100,1882
1913421.000,44844,3,PI,1,100,1887
1913461.000,44844,3,PI,1,100,1892
1913501.000,44844,3,PI,1,100,1882
