EmotiBitTimestamp,PacketNumber,DataLength,TypeTag,ProtocolVersion,DataReliability,PG
1839668.000,33098,3,PG,1,100,9310
1839668.000,33098,3,PG,1,100,9313
1839668.000,33098,3,PG,1,100,9315
1839708.000,33113,2,PG,1,100,9311
1839748.000,33113,2,PG,1,100,9304
1839788.000,33131,3,PG,1,100,9317
1839828.000,33131,3,PG,1,100,9306
1839868.000,33131,3,PG,1,100,9321
1839908.000,33149,2,PG,1,100,9309
1839948.000,33149,2,PG,1,100,9305
1839988.000,33165,3,PG,1,100,9323
1840028.000,33165,3,PG,1,100,9310
1840068.000,33165,3,PG,1,100,9312
1840108.000,33180,3,PG,1,100,9315
1840148.000,33180,3,PG,1,100,9306
1840188.000,33180,3,PG,1,100,9319
1840228.000,33196,2,PG,1,100,9317
1840268.000,33196,2,PG,1,100,9313
1840308.000,33214,3,PG,1,100,9306
1840348.000,33214,3,PG,1,100,9323
1840388.000,33214,3,PG,1,100,9330
1840428.000,33230,2,PG,1,100,9317
1840468.000,33230,2,PG,1,100,9325
1840508.000,33245,3,PG,1,100,9329
1840548.000,33245,3,PG,1,100,9322
1840588.000,33245,3,PG,1,100,9317
1840628.000,33262,2,PG,1,100,9314
1840668.000,33262,2,PG,1,100,9307
1840708.000,33279,3,PG,1,100,9310
1840748.000,33279,3,PG,1,100,9304
1840788.000,33279,3,PG,1,100,9297
1840828.000,33295,2,PG,1,100,9309
1840868.000,33295,2,PG,1,100,9299
1840908.000,33311,3,PG,1,100,9308
1840948.000,33311,3,PG,1,100,9322
1840988.000,33311,3,PG,1,100,9314
1841028.000,33329,2,PG,1,100,9304
1841068.000,33329,2,PG,1,100,9314
1841108.000,33346,3,PG,1,100,9323
1841148.000,33346,3,PG,1,100,9331
1841188.000,33346,3,PG,1,100,9299
1841228.000,33363,3,PG,1,100,9311
1841268.000,33363,3,PG,1,100,9334
1841308.000,33363,3,PG,1,100,9317
1841348.000,33382,2,PG,1,100,9331
1841388.000,33382,2,PG,1,100,9344
1841428.000,33396,3,PG,1,100,9337
1841468.000,33396,3,PG,1,100,9339
1841508.000,33396,3,PG,1,100,9344
1841548.000,33419,4,PG,1,100,9328
1841588.000,33419,4,PG,1,100,9340
1841628.000,33419,4,PG,1,100,9321
1841668.000,33419,4,PG,1,100,9320
1841708.000,33435,3,PG,1,100,9316
1841748.000,33435,3,PG,1,100,9318
1841788.000,33435,3,PG,1,100,9305
1841828.000,33452,2,PG,1,100,9302
1841868.000,33452,2,PG,1,100,9300
1841908.000,33469,3,PG,1,100,9306
1841948.000,33469,3,PG,1,100,9295
1841988.000,33469,3,PG,1,100,9290
1842028.000,33486,2,PG,1,100,9283
1842068.000,33486,2,PG,1,100,9296
1842108.000,33500,3,PG,1,100,9291
1842148.000,33500,3,PG,1,100,9288
1842188.000,33500,3,PG,1,100,9300
1842228.000,33517,2,PG,1,100,9293
1842268.000,33517,2,PG,1,100,9286
1842308.000,33534,3,PG,1,100,9309
1842348.000,33534,3,PG,1,100,9288
1842388.000,33534,3,PG,1,100,9300
1842428.000,33551,2,PG,1,100,9304
1842468.000,33551,2,PG,1,100,9293
1842508.000,33567,3,PG,1,100,9301
1842548.000,33567,3,PG,1,100,9306
1842588.000,33567,3,PG,1,100,9305
1842628.000,33585,2,PG,1,100,9307
1842668.000,33585,2,PG,1,100,9304
1842708.000,33601,3,PG,1,100,9303
1842748.000,33601,3,PG,1,100,9299
1842788.000,33601,3,PG,1,100,9295
1842828.000,33618,2,PG,1,100,9291
1842868.000,33618,2,PG,1,100,9279
1842908.000,33634,3,PG,1,100,9278
1842948.000,33634,3,PG,1,100,9275
1842988.000,33634,3,PG,1,100,9273
1843028.000,33650,2,PG,1,100,9262
1843068.000,33650,2,PG,1,100,9260
1843108.000,33666,3,PG,1,100,9258
1843148.000,33666,3,PG,1,100,9255
1843188.000,33666,3,PG,1,100,9263
1843228.000,33684,3,PG,1,100,9257
1843268.000,33684,3,PG,1,100,9253
1843308.000,33684,3,PG,1,100,9259
1843348.000,33700,2,PG,1,100,9257
1843388.000,33700,2,PG,1,100,9257
1843428.000,33715,3,PG,1,100,9257
1843468.000,33715,3,PG,1,100,9261
1843508.000,33715,3,PG,1,100,9260
1843548.000,33731,2,PG,1,100,9265
1843588.000,33731,2,PG,1,100,9264
1843628.000,33749,3,PG,1,100,9253
1843668.000,33749,3,PG,1,100,9268
1843708.000,33749,3,PG,1,100,9271
1843748.000,33765,2,PG,1,100,9257
1843788.000,33765,2,PG,1,100,9258
1843828.000,33780,3,PG,1,100,9247
1843868.000,33780,3,PG,1,100,9242
1843908.000,33780,3,PG,1,100,9252
1843948.000,33797,2,PG,1,100,9242
1843988.000,33797,2,PG,1,100,9228
1844028.000,33814,3,PG,1,100,9235
1844068.000,33814,3,PG,1,100,9242
1844108.000,33814,3,PG,1,100,9230
1844148.000,33830,2,PG,1,100,9240
1844188.000,33830,2,PG,1,100,9228
1844228.000,33848,3,PG,1,100,9239
1844268.000,33848,3,PG,1,100,9248
1844308.000,33848,3,PG,1,100,9239
1844348.000,33864,3,PG,1,100,9250
1844388.000,33864,3,PG,1,100,9239
1844428.000,33864,3,PG,1,100,9232
1844468.000,33883,2,PG,1,100,9237
1844508.000,33883,2,PG,1,100,9252
1844548.000,33899,3,PG,1,100,9235
1844588.000,33899,3,PG,1,100,9249
1844628.000,33899,3,PG,1,100,9241
1844668.000,33915,2,PG,1,100,9231
1844708.000,33915,2,PG,1,100,9228
1844748.000,33931,3,PG,1,100,9223
1844788.000,33931,3,PG,1,100,9229
1844828.000,33931,3,PG,1,100,9211
1844868.000,33948,2,PG,1,100,9221
1844908.000,33948,2,PG,1,100,9213
1844948.000,33965,3,PG,1,100,9209
1844988.000,33965,3,PG,1,100,9214
1845028.000,33965,3,PG,1,100,9199
1845068.000,33981,2,PG,1,100,9212
1845108.000,33981,2,PG,1,100,9212
1845148.000,33998,3,PG,1,100,9207
1845188.000,33998,3,PG,1,100,9215
1845228.000,33998,3,PG,1,100,9200
1845268.000,34016,2,PG,1,100,9213
1845308.000,34016,2,PG,1,100,9226
1845348.000,34032,3,PG,1,100,9225
1845388.000,34032,3,PG,1,100,9214
1845428.000,34032,3,PG,1,100,9210
1845468.000,34049,2,PG,1,100,9197
1845508.000,34049,2,PG,1,100,9189
1845548.000,34064,3,PG,1,100,9184
1845588.000,34064,3,PG,1,100,9177
1845628.000,34064,3,PG,1,100,9171
1845668.000,34081,3,PG,1,100,9165
1845708.000,34081,3,PG,1,100,9162
1845748.000,34081,3,PG,1,100,9158
1845788.000,34097,2,PG,1,100,9151
1845828.000,34097,2,PG,1,100,9160
1845868.000,34114,3,PG,1,100,9155
1845908.000,34114,3,PG,1,100,9155
1845948.000,34114,3,PG,1,100,9156
1845988.000,34129,2,PG,1,100,9154
1846028.000,34129,2,PG,1,100,9152
1846068.000,34148,3,PG,1,100,9166
1846108.000,34148,3,PG,1,100,9163
1846148.000,34148,3,PG,1,100,9178
1846188.000,34164,2,PG,1,100,9177
1846228.000,34164,2,PG,1,100,9161
1846268.000,34182,2,PG,1,100,9177
1846308.000,34182,2,PG,1,100,9174
1846352.333,34198,3,PG,1,100,9180
1846396.667,34198,3,PG,1,100,9168
1846441.000,34198,3,PG,1,100,9159
1846481.000,34215,3,PG,1,100,9138
1846521.000,34215,3,PG,1,100,9150
1846561.000,34215,3,PG,1,100,9127
1846601.000,34232,2,PG,1,100,9137
1846641.000,34232,2,PG,1,100,9121
1846681.000,34254,4,PG,1,100,9120
1846721.000,34254,4,PG,1,100,9098
1846761.000,34254,4,PG,1,100,9116
1846801.000,34254,4,PG,1,100,9113
1846841.000,34270,2,PG,1,100,9116
1846881.000,34270,2,PG,1,100,9128
1846921.000,34290,3,PG,1,100,9129
1846961.000,34290,3,PG,1,100,9127
1847001.000,34290,3,PG,1,100,9112
1847041.000,34304,2,PG,1,100,9116
1847081.000,34304,2,PG,1,100,9115
1847121.000,34321,3,PG,1,100,9117
1847161.000,34321,3,PG,1,100,9096
1847201.000,34321,3,PG,1,100,9094
1847241.000,34338,2,PG,1,100,9088
1847281.000,34338,2,PG,1,100,9072
1847321.000,34355,3,PG,1,100,9062
1847361.000,34355,3,PG,1,100,9046
1847401.000,34355,3,PG,1,100,9039
1847441.000,34369,3,PG,1,100,9015
1847481.000,34369,3,PG,1,100,9000
1847521.000,34369,3,PG,1,100,8973
1847561.000,34386,2,PG,1,100,8976
1847601.000,34386,2,PG,1,100,8964
1847641.000,34403,3,PG,1,100,8962
1847681.000,34403,3,PG,1,100,8955
1847721.000,34403,3,PG,1,100,8952
1847761.000,34420,2,PG,1,100,8953
1847801.000,34420,2,PG,1,100,8942
1847841.000,34434,3,PG,1,100,8935
1847881.000,34434,3,PG,1,100,8928
1847921.000,34434,3,PG,1,100,8934
1847961.000,34452,2,PG,1,100,8915
1848001.000,34452,2,PG,1,100,8888
1848041.000,34468,3,PG,1,100,8859
1848081.000,34468,3,PG,1,100,8826
1848121.000,34468,3,PG,1,100,8806
1848161.000,34485,2,PG,1,100,8775
1848201.000,34485,2,PG,1,100,8751
1848241.000,34500,3,PG,1,100,8733
1848281.000,34500,3,PG,1,100,8734
1848321.000,34500,3,PG,1,100,8698
1848361.000,34517,2,PG,1,100,8704
1848401.000,34517,2,PG,1,100,8698
1848441.000,34533,3,PG,1,100,8690
1848481.000,34533,3,PG,1,100,8678
1848521.000,34533,3,PG,1,100,8687
1848561.000,34550,2,PG,1,100,8661
1848601.000,34550,2,PG,1,100,8658
1848641.000,34566,3,PG,1,100,8637
1848681.000,34566,3,PG,1,100,8642
1848721.000,34566,3,PG,1,100,8642
1848761.000,34582,2,PG,1,100,8642
1848801.000,34582,2,PG,1,100,8640
1848841.000,34598,3,PG,1,100,8637
1848881.000,34598,3,PG,1,100,8632
1848921.000,34598,3,PG,1,100,8631
1848961.000,34616,3,PG,1,100,8631
1849001.000,34616,3,PG,1,100,8635
1849041.000,34616,3,PG,1,100,8636
1849081.000,34632,2,PG,1,100,8640
1849121.000,34632,2,PG,1,100,8635
1849161.000,34647,3,PG,1,100,8647
1849201.000,34647,3,PG,1,100,8655
1849241.000,34647,3,PG,1,100,8686
1849281.000,34664,2,PG,1,100,8702
1849321.000,34664,2,PG,1,100,8727
1849361.000,34681,3,PG,1,100,8723
1849401.000,34681,3,PG,1,100,8728
1849441.000,34681,3,PG,1,100,8753
1849481.000,34697,2,PG,1,100,8769
1849521.000,34697,2,PG,1,100,8824
1849561.000,34713,3,PG,1,100,8860
1849601.000,34713,3,PG,1,100,8940
1849641.000,34713,3,PG,1,100,9090
1849681.000,34729,2,PG,1,100,9153
1849721.000,34729,2,PG,1,100,9217
1849761.000,34746,3,PG,1,100,9265
1849801.000,34746,3,PG,1,100,9340
1849841.000,34746,3,PG,1,100,9385
1849881.000,34762,2,PG,1,100,9413
1849921.000,34762,2,PG,1,100,9426
1849961.000,34778,3,PG,1,100,9451
1850001.000,34778,3,PG,1,100,9481
1850041.000,34778,3,PG,1,100,9510
1850081.000,34794,3,PG,1,100,9537
1850121.000,34794,3,PG,1,100,9564
1850161.000,34794,3,PG,1,100,9612
1850201.000,34811,2,PG,1,100,9667
1850241.000,34811,2,PG,1,100,9722
1850280.667,34828,3,PG,1,100,9734
1850320.333,34828,3,PG,1,100,9762
1850360.000,34828,3,PG,1,100,9812
1850400.500,34843,2,PG,1,100,9836
1850441.000,34843,2,PG,1,100,9814
1850480.667,34859,3,PG,1,100,9770
1850520.333,34859,3,PG,1,100,9633
1850560.000,34859,3,PG,1,100,9320
1850600.500,34877,2,PG,1,100,8815
1850641.000,34877,2,PG,1,100,7611
1850681.000,34893,3,PG,1,100,7491
1850721.000,34893,3,PG,1,100,6651
1850761.000,34893,3,PG,1,100,1692
1850801.000,34909,2,PG,1,100,382
1850841.000,34909,2,PG,1,100,377
1850880.667,34925,3,PG,1,100,393
1850920.333,34925,3,PG,1,100,383
1850960.000,34925,3,PG,1,100,388
1851000.000,34942,2,PG,1,100,385
1851040.000,34942,2,PG,1,100,384
1851080.000,34958,3,PG,1,100,388
1851120.000,34958,3,PG,1,100,386
1851160.000,34958,3,PG,1,100,386
1851200.500,34975,2,PG,1,100,386
1851241.000,34975,2,PG,1,100,385
1851281.000,34992,3,PG,1,100,383
1851321.000,34992,3,PG,1,100,382
1851361.000,34992,3,PG,1,100,383
1851400.667,35009,3,PG,1,100,387
1851440.333,35009,3,PG,1,100,390
1851480.000,35009,3,PG,1,100,394
1851520.000,35025,2,PG,1,100,400
1851560.000,35025,2,PG,1,100,404
1851600.333,35043,3,PG,1,100,397
1851640.667,35043,3,PG,1,100,403
1851681.000,35043,3,PG,1,100,392
1851720.500,35057,2,PG,1,100,390
1851760.000,35057,2,PG,1,100,393
1851800.000,35079,4,PG,1,100,398
1851840.000,35079,4,PG,1,100,398
1851880.000,35079,4,PG,1,100,385
1851920.000,35079,4,PG,1,100,395
1851960.000,35096,2,PG,1,100,391
1852000.000,35096,2,PG,1,100,396
1852040.000,35113,3,PG,1,100,394
1852080.000,35113,3,PG,1,100,390
1852120.000,35113,3,PG,1,100,392
1852160.000,35129,2,PG,1,100,382
1852200.000,35129,2,PG,1,100,393
1852240.000,35146,3,PG,1,100,386
1852280.000,35146,3,PG,1,100,380
1852320.000,35146,3,PG,1,100,388
1852360.000,35161,2,PG,1,100,380
1852400.000,35161,2,PG,1,100,390
1852440.000,35178,3,PG,1,100,385
1852480.000,35178,3,PG,1,100,381
1852520.000,35178,3,PG,1,100,392
1852560.000,35195,3,PG,1,100,387
1852600.000,35195,3,PG,1,100,395
1852640.000,35195,3,PG,1,100,390
1852680.000,35212,2,PG,1,100,392
1852720.000,35212,2,PG,1,100,387
1852760.000,35226,3,PG,1,100,376
1852800.000,35226,3,PG,1,100,383
1852840.000,35226,3,PG,1,100,394
1852880.000,35243,2,PG,1,100,399
1852920.000,35243,2,PG,1,100,396
1852960.000,35260,3,PG,1,100,401
1853000.000,35260,3,PG,1,100,390
1853040.000,35260,3,PG,1,100,398
1853080.000,35277,2,PG,1,100,392
1853120.000,35277,2,PG,1,100,406
1853160.000,35291,3,PG,1,100,392
1853200.000,35291,3,PG,1,100,388
1853240.000,35291,3,PG,1,100,387
1853280.000,35309,2,PG,1,100,390
1853320.000,35309,2,PG,1,100,391
1853360.000,35325,3,PG,1,100,389
1853400.000,35325,3,PG,1,100,383
1853440.000,35325,3,PG,1,100,400
1853480.000,35342,2,PG,1,100,385
1853520.000,35342,2,PG,1,100,390
1853560.000,35357,3,PG,1,100,384
1853600.000,35357,3,PG,1,100,402
1853640.000,35357,3,PG,1,100,378
1853680.000,35374,3,PG,1,100,387
1853720.000,35374,3,PG,1,100,383
1853760.000,35374,3,PG,1,100,383
1853800.000,35390,2,PG,1,100,393
1853840.000,35390,2,PG,1,100,395
1853880.000,35407,3,PG,1,100,393
1853920.000,35407,3,PG,1,100,403
1853960.000,35407,3,PG,1,100,388
1854000.000,35422,2,PG,1,100,395
1854040.000,35422,2,PG,1,100,393
1854080.000,35439,3,PG,1,100,393
1854120.000,35439,3,PG,1,100,393
1854160.000,35439,3,PG,1,100,395
1854200.000,35455,2,PG,1,100,385
1854240.000,35455,2,PG,1,100,378
1854280.000,35473,3,PG,1,100,389
1854320.000,35473,3,PG,1,100,372
1854360.000,35473,3,PG,1,100,404
1854400.000,35488,2,PG,1,100,386
1854440.000,35488,2,PG,1,100,377
1854480.000,35504,3,PG,1,100,400
1854520.000,35504,3,PG,1,100,384
1854560.000,35504,3,PG,1,100,386
1854600.000,35521,2,PG,1,100,395
1854640.000,35521,2,PG,1,100,387
1854680.000,35538,3,PG,1,100,380
1854720.000,35538,3,PG,1,100,393
1854760.000,35538,3,PG,1,100,399
1854800.000,35554,2,PG,1,100,396
1854840.000,35554,2,PG,1,100,399
1854880.000,35570,3,PG,1,100,399
1854920.000,35570,3,PG,1,100,396
1854960.000,35570,3,PG,1,100,393
1855000.000,35586,2,PG,1,100,393
1855040.000,35586,2,PG,1,100,395
1855080.000,35603,3,PG,1,100,390
1855120.000,35603,3,PG,1,100,391
1855160.000,35603,3,PG,1,100,394
1855200.000,35619,3,PG,1,100,397
1855240.000,35619,3,PG,1,100,390
1855280.000,35619,3,PG,1,100,387
1855320.000,35635,2,PG,1,100,389
1855360.000,35635,2,PG,1,100,391
1855400.000,35651,3,PG,1,100,382
1855440.000,35651,3,PG,1,100,391
1855480.000,35651,3,PG,1,100,388
1855520.000,35668,2,PG,1,100,391
1855560.000,35668,2,PG,1,100,399
1855600.000,35685,3,PG,1,100,388
1855640.000,35685,3,PG,1,100,377
1855680.000,35685,3,PG,1,100,387
1855720.000,35700,2,PG,1,100,381
1855760.000,35700,2,PG,1,100,388
1855800.000,35716,3,PG,1,100,377
1855840.000,35716,3,PG,1,100,387
1855880.000,35716,3,PG,1,100,381
1855920.000,35734,2,PG,1,100,383
1855960.000,35734,2,PG,1,100,374
1856000.000,35750,3,PG,1,100,379
1856040.000,35750,3,PG,1,100,376
1856080.000,35750,3,PG,1,100,383
1856120.000,35765,2,PG,1,100,381
1856160.000,35765,2,PG,1,100,366
1856200.000,35781,3,PG,1,100,370
1856240.000,35781,3,PG,1,100,379
1856280.000,35781,3,PG,1,100,380
1856320.000,35801,2,PG,1,100,384
1856360.000,35801,2,PG,1,100,383
1856400.000,35817,3,PG,1,100,374
1856440.000,35817,3,PG,1,100,398
1856480.000,35817,3,PG,1,100,383
1856520.000,35833,3,PG,1,100,391
1856560.000,35833,3,PG,1,100,397
1856600.000,35833,3,PG,1,100,375
1856640.000,35849,2,PG,1,100,385
1856680.000,35849,2,PG,1,100,371
1856720.000,35866,3,PG,1,100,372
1856760.000,35866,3,PG,1,100,401
1856800.000,35866,3,PG,1,100,387
1856840.000,35882,2,PG,1,100,388
1856880.000,35882,2,PG,1,100,407
1856920.000,35905,4,PG,1,100,371
1856960.000,35905,4,PG,1,100,400
1857000.000,35905,4,PG,1,100,370
1857040.000,35905,4,PG,1,100,386
1857080.000,35921,3,PG,1,100,387
1857120.000,35921,3,PG,1,100,390
1857160.000,35921,3,PG,1,100,393
1857200.000,35936,2,PG,1,100,386
1857240.000,35936,2,PG,1,100,376
1857280.000,35953,3,PG,1,100,370
1857320.000,35953,3,PG,1,100,399
1857360.000,35953,3,PG,1,100,390
1857400.000,35970,2,PG,1,100,395
1857440.000,35970,2,PG,1,100,400
1857480.000,35986,3,PG,1,100,407
1857520.000,35986,3,PG,1,100,390
1857560.000,35986,3,PG,1,100,409
1857600.000,36003,2,PG,1,100,400
1857640.000,36003,2,PG,1,100,402
1857680.000,36018,3,PG,1,100,399
1857720.000,36018,3,PG,1,100,399
1857760.000,36018,3,PG,1,100,408
1857800.000,36035,2,PG,1,100,397
1857840.000,36035,2,PG,1,100,403
1857880.000,36052,3,PG,1,100,394
1857920.000,36052,3,PG,1,100,392
1857960.000,36052,3,PG,1,100,398
1858000.000,36069,2,PG,1,100,390
1858040.000,36069,2,PG,1,100,392
1858080.000,36083,3,PG,1,100,385
1858120.000,36083,3,PG,1,100,388
1858160.000,36083,3,PG,1,100,390
1858200.000,36100,2,PG,1,100,387
1858240.000,36100,2,PG,1,100,389
1858280.000,36117,3,PG,1,100,387
1858320.000,36117,3,PG,1,100,387
1858360.000,36117,3,PG,1,100,391
1858400.000,36134,3,PG,1,100,383
1858440.000,36134,3,PG,1,100,385
1858480.000,36134,3,PG,1,100,386
1858520.000,36148,2,PG,1,100,381
1858560.000,36148,2,PG,1,100,385
1858600.000,36166,3,PG,1,100,391
1858640.000,36166,3,PG,1,100,396
1858680.000,36166,3,PG,1,100,380
1858720.000,36182,2,PG,1,100,399
1858760.000,36182,2,PG,1,100,379
1858800.000,36199,3,PG,1,100,394
1858840.000,36199,3,PG,1,100,398
1858880.000,36199,3,PG,1,100,396
1858920.000,36214,2,PG,1,100,400
1858960.000,36214,2,PG,1,100,388
1859000.000,36231,3,PG,1,100,394
1859040.000,36231,3,PG,1,100,397
1859080.000,36231,3,PG,1,100,399
1859120.000,36247,2,PG,1,100,391
1859160.000,36247,2,PG,1,100,385
1859200.000,36264,3,PG,1,100,379
1859240.000,36264,3,PG,1,100,387
1859280.000,36264,3,PG,1,100,388
1859320.000,36279,2,PG,1,100,382
1859360.000,36279,2,PG,1,100,384
1859400.000,36296,3,PG,1,100,380
1859440.000,36296,3,PG,1,100,390
1859480.000,36296,3,PG,1,100,374
1859520.000,36312,2,PG,1,100,387
1859560.000,36312,2,PG,1,100,387
1859600.000,36330,3,PG,1,100,391
1859640.000,36330,3,PG,1,100,395
1859680.000,36330,3,PG,1,100,390
1859720.000,36345,3,PG,1,100,393
1859760.000,36345,3,PG,1,100,387
1859800.000,36345,3,PG,1,100,381
1859840.000,36361,2,PG,1,100,396
1859880.000,36361,2,PG,1,100,389
1859920.000,36378,3,PG,1,100,391
1859960.000,36378,3,PG,1,100,382
1860000.000,36378,3,PG,1,100,385
1860040.000,36395,2,PG,1,100,391
1860080.000,36395,2,PG,1,100,400
1860120.000,36411,3,PG,1,100,395
1860160.000,36411,3,PG,1,100,399
1860200.000,36411,3,PG,1,100,395
1860240.000,36427,2,PG,1,100,397
1860280.000,36427,2,PG,1,100,405
1860319.667,36443,3,PG,1,100,389
1860359.333,36443,3,PG,1,100,395
1860399.000,36443,3,PG,1,100,399
1860439.500,36460,2,PG,1,100,387
1860480.000,36460,2,PG,1,100,388
1860520.000,36476,3,PG,1,100,389
1860560.000,36476,3,PG,1,100,383
1860600.000,36476,3,PG,1,100,397
1860640.000,36492,3,PG,1,100,386
1860680.000,36492,3,PG,1,100,397
1860720.000,36492,3,PG,1,100,388
1860759.500,36508,2,PG,1,100,387
1860799.000,36508,2,PG,1,100,388
1860839.000,36525,3,PG,1,100,391
1860879.000,36525,3,PG,1,100,395
1860919.000,36525,3,PG,1,100,390
1860959.000,36542,2,PG,1,100,387
1860999.000,36542,2,PG,1,100,392
1861039.333,36557,3,PG,1,100,387
1861079.667,36557,3,PG,1,100,371
1861120.000,36557,3,PG,1,100,384
1861159.500,36573,2,PG,1,100,381
1861199.000,36573,2,PG,1,100,383
1861239.333,36591,3,PG,1,100,385
1861279.667,36591,3,PG,1,100,379
1861320.000,36591,3,PG,1,100,385
1861359.500,36609,2,PG,1,100,384
1861399.000,36609,2,PG,1,100,383
1861439.000,36624,3,PG,1,100,381
1861479.000,36624,3,PG,1,100,374
1861519.000,36624,3,PG,1,100,382
1861559.000,36640,2,PG,1,100,388
1861599.000,36640,2,PG,1,100,389
1861639.000,36658,3,PG,1,100,382
1861679.000,36658,3,PG,1,100,384
1861719.000,36658,3,PG,1,100,385
1861759.000,36674,2,PG,1,100,387
1861799.000,36674,2,PG,1,100,394
1861839.333,36690,3,PG,1,100,383
1861879.667,36690,3,PG,1,100,401
1861920.000,36690,3,PG,1,100,381
1861959.500,36706,2,PG,1,100,384
1861999.000,36706,2,PG,1,100,382
1862039.000,36726,4,PG,1,100,382
1862079.000,36726,4,PG,1,100,392
1862119.000,36726,4,PG,1,100,391
1862159.000,36726,4,PG,1,100,382
1862199.000,36742,3,PG,1,100,401
1862239.000,36742,3,PG,1,100,401
1862279.000,36742,3,PG,1,100,392
1862319.000,36760,2,PG,1,100,391
1862359.000,36760,2,PG,1,100,384
1862399.000,36776,3,PG,1,100,389
1862439.000,36776,3,PG,1,100,397
1862479.000,36776,3,PG,1,100,399
1862519.000,36791,2,PG,1,100,395
1862559.000,36791,2,PG,1,100,392
1862599.000,36808,3,PG,1,100,398
1862639.000,36808,3,PG,1,100,403
1862679.000,36808,3,PG,1,100,395
1862719.000,36825,2,PG,1,100,398
1862759.000,36825,2,PG,1,100,398
1862799.000,36841,3,PG,1,100,391
1862839.000,36841,3,PG,1,100,389
1862879.000,36841,3,PG,1,100,395
1862919.000,36857,2,PG,1,100,393
1862959.000,36857,2,PG,1,100,393
1862999.000,36873,3,PG,1,100,384
1863039.000,36873,3,PG,1,100,384
1863079.000,36873,3,PG,1,100,382
1863119.000,36890,2,PG,1,100,391
1863159.000,36890,2,PG,1,100,390
1863199.000,36906,3,PG,1,100,388
1863239.000,36906,3,PG,1,100,388
1863279.000,36906,3,PG,1,100,393
1863319.000,36922,3,PG,1,100,384
1863359.000,36922,3,PG,1,100,384
1863399.000,36922,3,PG,1,100,384
1863439.000,36938,2,PG,1,100,395
1863479.000,36938,2,PG,1,100,409
1863519.000,36955,3,PG,1,100,399
1863559.000,36955,3,PG,1,100,395
1863599.000,36955,3,PG,1,100,387
1863639.000,36972,2,PG,1,100,395
1863679.000,36972,2,PG,1,100,399
1863719.000,36988,3,PG,1,100,396
1863759.000,36988,3,PG,1,100,393
1863799.000,36988,3,PG,1,100,388
1863839.000,37003,2,PG,1,100,389
1863879.000,37003,2,PG,1,100,385
1863919.000,37021,3,PG,1,100,385
1863959.000,37021,3,PG,1,100,385
1863999.000,37021,3,PG,1,100,390
1864039.000,37037,2,PG,1,100,383
1864079.000,37037,2,PG,1,100,394
1864119.000,37054,3,PG,1,100,380
1864159.000,37054,3,PG,1,100,380
1864199.000,37054,3,PG,1,100,381
1864239.000,37069,2,PG,1,100,373
1864279.000,37069,2,PG,1,100,397
1864319.000,37086,3,PG,1,100,388
1864359.000,37086,3,PG,1,100,381
1864399.000,37086,3,PG,1,100,367
1864439.000,37102,2,PG,1,100,378
1864479.000,37102,2,PG,1,100,375
1864519.000,37119,3,PG,1,100,374
1864559.000,37119,3,PG,1,100,389
1864599.000,37119,3,PG,1,100,380
1864639.000,37134,3,PG,1,100,398
1864679.000,37134,3,PG,1,100,384
1864719.000,37134,3,PG,1,100,397
1864759.000,37151,2,PG,1,100,401
1864799.000,37151,2,PG,1,100,387
1864839.000,37167,3,PG,1,100,376
1864879.000,37167,3,PG,1,100,408
1864919.000,37167,3,PG,1,100,410
1864959.000,37185,2,PG,1,100,397
1864999.000,37185,2,PG,1,100,409
1865039.000,37199,3,PG,1,100,390
1865079.000,37199,3,PG,1,100,388
1865119.000,37199,3,PG,1,100,402
1865159.000,37216,2,PG,1,100,396
1865199.000,37216,2,PG,1,100,397
1865239.000,37233,3,PG,1,100,401
1865279.000,37233,3,PG,1,100,394
1865319.000,37233,3,PG,1,100,400
1865359.000,37250,2,PG,1,100,393
1865399.000,37250,2,PG,1,100,394
1865439.000,37264,3,PG,1,100,391
1865479.000,37264,3,PG,1,100,393
1865519.000,37264,3,PG,1,100,401
1865559.000,37281,2,PG,1,100,401
1865599.000,37281,2,PG,1,100,396
1865639.000,37298,3,PG,1,100,393
1865679.000,37298,3,PG,1,100,399
1865719.000,37298,3,PG,1,100,400
1865759.000,37315,2,PG,1,100,402
1865799.000,37315,2,PG,1,100,401
1865839.000,37330,3,PG,1,100,397
1865879.000,37330,3,PG,1,100,395
1865919.000,37330,3,PG,1,100,389
1865959.000,37347,2,PG,1,100,391
1865999.000,37347,2,PG,1,100,393
1866039.000,37363,3,PG,1,100,391
1866079.000,37363,3,PG,1,100,385
1866119.000,37363,3,PG,1,100,390
1866159.000,37381,5,PG,1,100,378
1866199.000,37381,5,PG,1,100,392
1866239.000,37381,5,PG,1,100,385
1866279.000,37381,5,PG,1,100,383
1866319.000,37381,5,PG,1,100,392
1866359.000,37399,2,PG,1,100,383
1866399.000,37399,2,PG,1,100,381
1866439.000,37416,3,PG,1,100,385
1866479.000,37416,3,PG,1,100,383
1866519.000,37416,3,PG,1,100,381
1866559.000,37432,2,PG,1,100,401
1866599.000,37432,2,PG,1,100,382
1866639.000,37448,3,PG,1,100,394
1866679.000,37448,3,PG,1,100,394
1866719.000,37448,3,PG,1,100,380
1866759.000,37464,2,PG,1,100,402
1866799.000,37464,2,PG,1,100,395
1866839.000,37481,3,PG,1,100,396
1866879.000,37481,3,PG,1,100,393
1866919.000,37481,3,PG,1,100,393
1866959.000,37498,2,PG,1,100,400
1866999.000,37498,2,PG,1,100,398
1867039.000,37514,3,PG,1,100,392
1867079.000,37514,3,PG,1,100,379
1867119.000,37514,3,PG,1,100,403
1867159.000,37536,4,PG,1,100,383
1867199.000,37536,4,PG,1,100,396
1867239.000,37536,4,PG,1,100,390
1867279.000,37536,4,PG,1,100,400
1867319.000,37554,2,PG,1,100,382
1867359.000,37554,2,PG,1,100,390
1867399.000,37570,3,PG,1,100,398
1867439.000,37570,3,PG,1,100,382
1867479.000,37570,3,PG,1,100,380
1867519.000,37587,2,PG,1,100,401
1867559.000,37587,2,PG,1,100,385
1867599.000,37604,3,PG,1,100,384
1867639.000,37604,3,PG,1,100,395
1867679.000,37604,3,PG,1,100,396
1867719.000,37620,3,PG,1,100,395
1867759.000,37620,3,PG,1,100,395
1867799.000,37620,3,PG,1,100,394
1867839.000,37635,2,PG,1,100,393
1867879.000,37635,2,PG,1,100,399
1867919.000,37653,3,PG,1,100,393
1867959.000,37653,3,PG,1,100,394
1867999.000,37653,3,PG,1,100,397
1868039.000,37669,2,PG,1,100,402
1868079.000,37669,2,PG,1,100,394
1868119.000,37685,3,PG,1,100,391
1868159.000,37685,3,PG,1,100,392
1868199.000,37685,3,PG,1,100,383
1868239.000,37701,2,PG,1,100,388
1868279.000,37701,2,PG,1,100,376
1868319.000,37718,3,PG,1,100,388
1868359.000,37718,3,PG,1,100,387
1868399.000,37718,3,PG,1,100,384
1868439.000,37734,2,PG,1,100,382
1868479.000,37734,2,PG,1,100,383
1868519.000,37752,4,PG,1,100,384
1868559.000,37752,4,PG,1,100,386
1868599.000,37752,4,PG,1,100,381
1868639.000,37752,4,PG,1,100,393
1868679.000,37768,2,PG,1,100,399
1868719.000,37768,2,PG,1,100,388
1868759.000,37783,3,PG,1,100,387
1868799.000,37783,3,PG,1,100,396
1868839.000,37783,3,PG,1,100,394
1868879.000,37799,2,PG,1,100,395
1868919.000,37799,2,PG,1,100,386
1868959.000,37817,3,PG,1,100,396
1868999.000,37817,3,PG,1,100,395
1869039.000,37817,3,PG,1,100,395
1869079.000,37833,2,PG,1,100,389
1869119.000,37833,2,PG,1,100,391
1869159.000,37848,3,PG,1,100,398
1869199.000,37848,3,PG,1,100,385
1869239.000,37848,3,PG,1,100,380
1869279.000,37865,2,PG,1,100,380
1869319.000,37865,2,PG,1,100,385
1869359.000,37882,3,PG,1,100,397
1869399.000,37882,3,PG,1,100,382
1869439.000,37882,3,PG,1,100,385
1869479.000,37898,2,PG,1,100,399
1869519.000,37898,2,PG,1,100,384
1869559.000,37914,3,PG,1,100,387
1869599.000,37914,3,PG,1,100,398
1869639.000,37914,3,PG,1,100,390
1869679.000,37930,3,PG,1,100,403
1869719.000,37930,3,PG,1,100,385
1869759.000,37930,3,PG,1,100,384
1869799.000,37947,2,PG,1,100,392
1869839.000,37947,2,PG,1,100,395
1869879.000,37963,3,PG,1,100,385
1869919.000,37963,3,PG,1,100,393
1869959.000,37963,3,PG,1,100,400
1869999.000,37979,2,PG,1,100,387
1870039.000,37979,2,PG,1,100,394
1870079.000,37995,3,PG,1,100,390
1870119.000,37995,3,PG,1,100,392
1870159.000,37995,3,PG,1,100,387
1870199.000,38012,2,PG,1,100,382
1870239.000,38012,2,PG,1,100,385
1870278.667,38029,3,PG,1,100,395
1870318.333,38029,3,PG,1,100,373
1870358.000,38029,3,PG,1,100,388
1870398.500,38045,2,PG,1,100,380
1870439.000,38045,2,PG,1,100,379
1870479.000,38060,3,PG,1,100,393
1870519.000,38060,3,PG,1,100,386
1870559.000,38060,3,PG,1,100,377
1870599.000,38078,2,PG,1,100,396
1870639.000,38078,2,PG,1,100,382
1870678.667,38094,3,PG,1,100,374
1870718.333,38094,3,PG,1,100,401
1870758.000,38094,3,PG,1,100,373
1870798.000,38111,3,PG,1,100,401
1870838.000,38111,3,PG,1,100,398
1870878.000,38111,3,PG,1,100,387
1870918.000,38126,2,PG,1,100,401
1870958.000,38126,2,PG,1,100,403
1870998.000,38143,3,PG,1,100,406
1871038.000,38143,3,PG,1,100,397
1871078.000,38143,3,PG,1,100,409
1871118.000,38159,2,PG,1,100,398
1871158.000,38159,2,PG,1,100,389
1871198.333,38176,3,PG,1,100,393
1871238.667,38176,3,PG,1,100,397
1871279.000,38176,3,PG,1,100,391
1871319.000,38194,3,PG,1,100,391
1871359.000,38194,3,PG,1,100,398
1871399.000,38194,3,PG,1,100,403
1871438.500,38210,2,PG,1,100,397
1871478.000,38210,2,PG,1,100,403
1871518.000,38226,3,PG,1,100,398
1871558.000,38226,3,PG,1,100,396
1871598.000,38226,3,PG,1,100,398
1871638.000,38244,2,PG,1,100,397
1871678.000,38244,2,PG,1,100,389
1871718.000,38260,3,PG,1,100,399
1871758.000,38260,3,PG,1,100,401
1871798.000,38260,3,PG,1,100,393
1871838.000,38275,2,PG,1,100,398
1871878.000,38275,2,PG,1,100,398
1871918.000,38292,3,PG,1,100,397
1871958.000,38292,3,PG,1,100,391
1871998.000,38292,3,PG,1,100,392
1872038.000,38309,2,PG,1,100,391
1872078.000,38309,2,PG,1,100,395
1872118.000,38325,3,PG,1,100,401
1872158.000,38325,3,PG,1,100,376
1872198.000,38325,3,PG,1,100,390
1872238.000,38346,5,PG,1,100,383
1872278.000,38346,5,PG,1,100,380
1872318.000,38346,5,PG,1,100,386
1872358.000,38346,5,PG,1,100,383
1872398.000,38346,5,PG,1,100,387
1872438.000,38363,2,PG,1,100,392
1872478.000,38363,2,PG,1,100,386
1872518.000,38378,3,PG,1,100,387
1872558.000,38378,3,PG,1,100,389
1872598.000,38378,3,PG,1,100,382
1872638.000,38395,2,PG,1,100,393
1872678.000,38395,2,PG,1,100,385
1872718.000,38411,3,PG,1,100,393
1872758.000,38411,3,PG,1,100,393
1872798.000,38411,3,PG,1,100,388
1872838.000,38428,2,PG,1,100,399
1872878.000,38428,2,PG,1,100,395
1872918.000,38445,3,PG,1,100,399
1872958.000,38445,3,PG,1,100,387
1872998.000,38445,3,PG,1,100,389
1873038.000,38462,3,PG,1,100,383
1873078.000,38462,3,PG,1,100,383
1873118.000,38462,3,PG,1,100,384
1873158.000,38476,3,PG,1,100,391
1873198.000,38476,3,PG,1,100,398
1873238.000,38476,3,PG,1,100,382
1873278.000,38494,2,PG,1,100,380
1873318.000,38494,2,PG,1,100,394
1873358.000,38510,3,PG,1,100,389
1873398.000,38510,3,PG,1,100,385
1873438.000,38510,3,PG,1,100,384
1873478.000,38527,2,PG,1,100,375
1873518.000,38527,2,PG,1,100,382
1873558.000,38542,3,PG,1,100,388
1873598.000,38542,3,PG,1,100,386
1873638.000,38542,3,PG,1,100,396
1873678.000,38559,2,PG,1,100,397
1873718.000,38559,2,PG,1,100,399
1873758.000,38575,3,PG,1,100,399
1873798.000,38575,3,PG,1,100,400
1873838.000,38575,3,PG,1,100,393
1873878.000,38592,2,PG,1,100,393
1873918.000,38592,2,PG,1,100,391
1873958.000,38607,3,PG,1,100,395
1873998.000,38607,3,PG,1,100,399
1874038.000,38607,3,PG,1,100,391
1874078.000,38624,2,PG,1,100,385
1874118.000,38624,2,PG,1,100,394
1874158.000,38640,3,PG,1,100,386
1874198.000,38640,3,PG,1,100,389
1874238.000,38640,3,PG,1,100,392
1874278.000,38658,2,PG,1,100,382
1874318.000,38658,2,PG,1,100,383
1874358.000,38672,3,PG,1,100,385
1874398.000,38672,3,PG,1,100,382
1874438.000,38672,3,PG,1,100,389
1874478.000,38689,3,PG,1,100,379
1874518.000,38689,3,PG,1,100,390
1874558.000,38689,3,PG,1,100,392
1874598.000,38706,2,PG,1,100,389
1874638.000,38706,2,PG,1,100,394
1874678.000,38723,3,PG,1,100,402
1874718.000,38723,3,PG,1,100,391
1874758.000,38723,3,PG,1,100,397
1874798.000,38737,2,PG,1,100,401
1874838.000,38737,2,PG,1,100,403
1874878.000,38754,3,PG,1,100,399
1874918.000,38754,3,PG,1,100,402
1874958.000,38754,3,PG,1,100,390
1874998.000,38771,2,PG,1,100,387
1875038.000,38771,2,PG,1,100,392
1875078.000,38788,3,PG,1,100,390
1875118.000,38788,3,PG,1,100,396
1875158.000,38788,3,PG,1,100,393
1875198.000,38803,2,PG,1,100,382
1875238.000,38803,2,PG,1,100,379
1875278.000,38820,3,PG,1,100,394
1875318.000,38820,3,PG,1,100,391
1875358.000,38820,3,PG,1,100,387
1875398.000,38836,3,PG,1,100,396
1875438.000,38836,3,PG,1,100,396
1875478.000,38836,3,PG,1,100,383
1875518.000,38853,3,PG,1,100,384
1875558.000,38853,3,PG,1,100,397
1875598.000,38853,3,PG,1,100,391
1875638.000,38870,2,PG,1,100,400
1875678.000,38870,2,PG,1,100,400
1875718.000,38886,3,PG,1,100,395
1875758.000,38886,3,PG,1,100,395
1875798.000,38886,3,PG,1,100,386
1875838.000,38901,2,PG,1,100,391
1875878.000,38901,2,PG,1,100,387
1875918.000,38919,3,PG,1,100,387
1875958.000,38919,3,PG,1,100,387
1875998.000,38919,3,PG,1,100,391
1876038.000,38935,2,PG,1,100,386
1876078.000,38935,2,PG,1,100,395
1876118.000,38952,3,PG,1,100,384
1876158.000,38952,3,PG,1,100,385
1876198.000,38952,3,PG,1,100,383
1876238.000,38967,2,PG,1,100,387
1876278.000,38967,2,PG,1,100,389
1876318.000,38986,3,PG,1,100,382
1876358.000,38986,3,PG,1,100,392
1876398.000,38986,3,PG,1,100,383
1876438.000,39002,2,PG,1,100,385
1876478.000,39002,2,PG,1,100,377
1876518.000,39019,3,PG,1,100,389
1876558.000,39019,3,PG,1,100,390
1876598.000,39019,3,PG,1,100,395
1876638.000,39034,3,PG,1,100,393
1876678.000,39034,3,PG,1,100,375
1876718.000,39034,3,PG,1,100,377
1876758.000,39051,2,PG,1,100,402
1876798.000,39051,2,PG,1,100,369
1876838.000,39067,3,PG,1,100,409
1876878.000,39067,3,PG,1,100,382
1876918.000,39067,3,PG,1,100,387
1876958.000,39085,2,PG,1,100,398
1876998.000,39085,2,PG,1,100,384
1877038.000,39099,3,PG,1,100,379
1877078.000,39099,3,PG,1,100,401
1877118.000,39099,3,PG,1,100,382
1877158.000,39116,2,PG,1,100,383
1877198.000,39116,2,PG,1,100,390
1877238.000,39133,3,PG,1,100,403
1877278.000,39133,3,PG,1,100,395
1877318.000,39133,3,PG,1,100,380
1877358.000,39155,4,PG,1,100,396
1877398.000,39155,4,PG,1,100,399
1877438.000,39155,4,PG,1,100,392
1877478.000,39155,4,PG,1,100,400
1877518.000,39171,3,PG,1,100,397
1877558.000,39171,3,PG,1,100,397
1877598.000,39171,3,PG,1,100,399
1877638.000,39189,3,PG,1,100,390
1877678.000,39189,3,PG,1,100,400
1877718.000,39189,3,PG,1,100,402
1877758.000,39205,3,PG,1,100,401
1877798.000,39205,3,PG,1,100,403
1877838.000,39205,3,PG,1,100,390
1877878.000,39222,2,PG,1,100,400
1877918.000,39222,2,PG,1,100,403
1877958.000,39237,3,PG,1,100,397
1877998.000,39237,3,PG,1,100,394
1878038.000,39237,3,PG,1,100,391
1878078.000,39254,2,PG,1,100,392
1878118.000,39254,2,PG,1,100,402
1878158.000,39270,3,PG,1,100,387
1878198.000,39270,3,PG,1,100,388
1878238.000,39270,3,PG,1,100,397
1878278.000,39288,2,PG,1,100,387
1878318.000,39288,2,PG,1,100,402
1878358.000,39302,3,PG,1,100,387
1878398.000,39302,3,PG,1,100,384
1878438.000,39302,3,PG,1,100,394
1878478.000,39319,2,PG,1,100,392
1878518.000,39319,2,PG,1,100,386
1878558.000,39336,3,PG,1,100,375
1878598.000,39336,3,PG,1,100,385
1878638.000,39336,3,PG,1,100,389
1878678.000,39353,2,PG,1,100,388
1878718.000,39353,2,PG,1,100,383
1878758.000,39367,3,PG,1,100,387
1878798.000,39367,3,PG,1,100,389
1878838.000,39367,3,PG,1,100,398
1878878.000,39384,2,PG,1,100,395
1878918.000,39384,2,PG,1,100,384
1878958.000,39401,3,PG,1,100,401
1878998.000,39401,3,PG,1,100,384
1879038.000,39401,3,PG,1,100,395
1879078.000,39418,3,PG,1,100,402
1879118.000,39418,3,PG,1,100,388
1879158.000,39418,3,PG,1,100,397
1879198.000,39432,2,PG,1,100,397
1879238.000,39432,2,PG,1,100,391
1879278.000,39450,3,PG,1,100,391
1879318.000,39450,3,PG,1,100,400
1879358.000,39450,3,PG,1,100,387
1879398.000,39466,2,PG,1,100,382
1879438.000,39466,2,PG,1,100,387
1879478.000,39483,3,PG,1,100,376
1879518.000,39483,3,PG,1,100,383
1879558.000,39483,3,PG,1,100,385
1879598.000,39499,2,PG,1,100,385
1879638.000,39499,2,PG,1,100,396
1879678.000,39515,3,PG,1,100,388
1879718.000,39515,3,PG,1,100,397
1879758.000,39515,3,PG,1,100,396
1879797.667,39531,3,PG,1,100,400
1879837.333,39531,3,PG,1,100,397
1879877.000,39531,3,PG,1,100,397
1879917.500,39549,2,PG,1,100,392
1879958.000,39549,2,PG,1,100,385
1879998.000,39565,3,PG,1,100,397
1880038.000,39565,3,PG,1,100,389
1880078.000,39565,3,PG,1,100,387
1880118.000,39580,2,PG,1,100,391
1880158.000,39580,2,PG,1,100,393
1880198.000,39596,3,PG,1,100,398
1880238.000,39596,3,PG,1,100,388
1880278.000,39596,3,PG,1,100,402
1880317.500,39614,2,PG,1,100,388
1880357.000,39614,2,PG,1,100,402
1880397.000,39630,3,PG,1,100,385
1880437.000,39630,3,PG,1,100,390
1880477.000,39630,3,PG,1,100,384
1880517.333,39645,3,PG,1,100,382
1880557.667,39645,3,PG,1,100,386
1880598.000,39645,3,PG,1,100,389
1880638.000,39662,2,PG,1,100,381
1880678.000,39662,2,PG,1,100,382
1880717.667,39679,3,PG,1,100,389
1880757.333,39679,3,PG,1,100,379
1880797.000,39679,3,PG,1,100,387
1880837.000,39695,2,PG,1,100,387
1880877.000,39695,2,PG,1,100,382
1880917.000,39712,3,PG,1,100,390
1880957.000,39712,3,PG,1,100,400
1880997.000,39712,3,PG,1,100,395
1881037.500,39727,2,PG,1,100,396
1881078.000,39727,2,PG,1,100,392
1881117.667,39744,3,PG,1,100,400
1881157.333,39744,3,PG,1,100,380
1881197.000,39744,3,PG,1,100,384
1881237.500,39761,2,PG,1,100,398
1881278.000,39761,2,PG,1,100,386
1881324.500,39780,2,PG,1,100,393
1881371.000,39780,2,PG,1,100,394
1881406.667,39794,3,PG,1,100,396
1881442.333,39794,3,PG,1,100,390
1881478.000,39794,3,PG,1,100,390
1881522.333,39811,3,PG,1,100,402
1881566.667,39811,3,PG,1,100,399
1881611.000,39811,3,PG,1,100,384
1881651.000,39828,2,PG,1,100,381
1881691.000,39828,2,PG,1,100,388
1881731.000,39845,3,PG,1,100,385
1881771.000,39845,3,PG,1,100,387
1881811.000,39845,3,PG,1,100,402
1881851.000,39859,2,PG,1,100,387
1881891.000,39859,2,PG,1,100,397
1881931.000,39877,5,PG,1,100,401
1881971.000,39877,5,PG,1,100,395
1882011.000,39877,5,PG,1,100,401
1882051.000,39877,5,PG,1,100,399
1882091.000,39877,5,PG,1,100,397
1882131.000,39893,4,PG,1,100,399
1882171.000,39893,4,PG,1,100,391
1882211.000,39893,4,PG,1,100,398
1882251.000,39893,4,PG,1,100,401
1882291.000,39911,5,PG,1,100,387
1882331.000,39911,5,PG,1,100,384
1882371.000,39911,5,PG,1,100,390
1882411.000,39911,5,PG,1,100,391
1882451.000,39911,5,PG,1,100,390
1882491.000,39934,6,PG,1,100,392
1882531.000,39934,6,PG,1,100,383
1882571.000,39934,6,PG,1,100,388
1882611.000,39934,6,PG,1,100,390
1882651.000,39934,6,PG,1,100,390
1882691.000,39934,6,PG,1,100,397
1882731.000,39950,3,PG,1,100,380
1882771.000,39950,3,PG,1,100,386
1882811.000,39950,3,PG,1,100,393
1882851.000,39967,2,PG,1,100,381
1882891.000,39967,2,PG,1,100,387
1882931.000,39984,3,PG,1,100,393
1882971.000,39984,3,PG,1,100,383
1883011.000,39984,3,PG,1,100,390
1883051.000,39999,2,PG,1,100,386
1883091.000,39999,2,PG,1,100,401
1883131.000,40015,3,PG,1,100,395
1883171.000,40015,3,PG,1,100,399
1883211.000,40015,3,PG,1,100,385
1883251.000,40033,2,PG,1,100,399
1883291.000,40033,2,PG,1,100,395
1883331.000,40049,3,PG,1,100,387
1883371.000,40049,3,PG,1,100,397
1883411.000,40049,3,PG,1,100,384
1883451.000,40065,3,PG,1,100,398
1883491.000,40065,3,PG,1,100,390
1883531.000,40065,3,PG,1,100,397
1883571.000,40080,2,PG,1,100,385
1883611.000,40080,2,PG,1,100,397
1883651.000,40098,3,PG,1,100,384
1883691.000,40098,3,PG,1,100,399
1883731.000,40098,3,PG,1,100,402
1883771.000,40114,2,PG,1,100,385
1883811.000,40114,2,PG,1,100,383
1883851.000,40131,3,PG,1,100,399
1883891.000,40131,3,PG,1,100,391
1883931.000,40131,3,PG,1,100,381
1883971.000,40146,2,PG,1,100,386
1884011.000,40146,2,PG,1,100,382
1884051.000,40163,3,PG,1,100,388
1884091.000,40163,3,PG,1,100,396
1884131.000,40163,3,PG,1,100,383
1884171.000,40179,2,PG,1,100,398
1884211.000,40179,2,PG,1,100,399
1884251.000,40197,3,PG,1,100,401
1884291.000,40197,3,PG,1,100,386
1884331.000,40197,3,PG,1,100,398
1884371.000,40211,2,PG,1,100,385
1884411.000,40211,2,PG,1,100,399
1884450.667,40228,3,PG,1,100,391
1884490.333,40228,3,PG,1,100,389
1884530.000,40228,3,PG,1,100,393
1884570.500,40245,2,PG,1,100,396
1884611.000,40245,2,PG,1,100,390
1884650.667,40262,3,PG,1,100,390
1884690.333,40262,3,PG,1,100,382
1884730.000,40262,3,PG,1,100,383
1884770.000,40276,3,PG,1,100,392
1884810.000,40276,3,PG,1,100,382
1884850.000,40276,3,PG,1,100,385
1884890.000,40293,2,PG,1,100,374
1884930.000,40293,2,PG,1,100,377
1884970.000,40310,3,PG,1,100,376
1885010.000,40310,3,PG,1,100,380
1885050.000,40310,3,PG,1,100,376
1885090.000,40327,2,PG,1,100,377
1885130.000,40327,2,PG,1,100,371
1885170.000,40341,3,PG,1,100,378
1885210.000,40341,3,PG,1,100,378
1885250.000,40341,3,PG,1,100,386
1885290.000,40359,2,PG,1,100,392
1885330.000,40359,2,PG,1,100,397
1885370.000,40375,3,PG,1,100,396
1885410.000,40375,3,PG,1,100,393
1885450.000,40375,3,PG,1,100,387
1885490.000,40392,2,PG,1,100,401
1885530.000,40392,2,PG,1,100,402
1885570.000,40408,3,PG,1,100,410
1885610.000,40408,3,PG,1,100,405
1885650.000,40408,3,PG,1,100,406
1885690.000,40424,2,PG,1,100,402
1885730.000,40424,2,PG,1,100,403
1885770.000,40440,3,PG,1,100,391
1885810.000,40440,3,PG,1,100,400
1885850.000,40440,3,PG,1,100,399
1885890.000,40457,2,PG,1,100,382
1885930.000,40457,2,PG,1,100,395
1885970.000,40473,3,PG,1,100,391
1886010.000,40473,3,PG,1,100,387
1886050.000,40473,3,PG,1,100,412
1886090.000,40489,3,PG,1,100,404
1886130.000,40489,3,PG,1,100,394
1886170.000,40489,3,PG,1,100,403
1886210.000,40505,2,PG,1,100,381
1886250.000,40505,2,PG,1,100,387
1886290.000,40525,3,PG,1,100,405
1886330.000,40525,3,PG,1,100,406
1886370.000,40525,3,PG,1,100,394
1886410.000,40541,2,PG,1,100,397
1886450.000,40541,2,PG,1,100,398
1886490.000,40556,3,PG,1,100,395
1886530.000,40556,3,PG,1,100,393
1886570.000,40556,3,PG,1,100,377
1886610.000,40573,2,PG,1,100,399
1886650.000,40573,2,PG,1,100,392
1886690.000,40590,3,PG,1,100,382
1886730.000,40590,3,PG,1,100,385
1886770.000,40590,3,PG,1,100,392
1886810.000,40606,2,PG,1,100,386
1886850.000,40606,2,PG,1,100,380
1886890.000,40622,3,PG,1,100,382
1886930.000,40622,3,PG,1,100,398
1886970.000,40622,3,PG,1,100,391
1887010.000,40638,2,PG,1,100,384
1887050.000,40638,2,PG,1,100,379
1887090.000,40655,3,PG,1,100,390
1887130.000,40655,3,PG,1,100,387
1887170.000,40655,3,PG,1,100,382
1887210.000,40671,2,PG,1,100,395
1887250.000,40671,2,PG,1,100,386
1887290.000,40687,3,PG,1,100,396
1887330.000,40687,3,PG,1,100,385
1887370.000,40687,3,PG,1,100,390
1887410.000,40703,3,PG,1,100,400
1887450.000,40703,3,PG,1,100,398
1887490.000,40703,3,PG,1,100,378
1887530.000,40720,2,PG,1,100,382
1887570.000,40720,2,PG,1,100,398
1887610.000,40737,3,PG,1,100,390
1887650.000,40737,3,PG,1,100,384
1887690.000,40737,3,PG,1,100,381
1887730.000,40756,3,PG,1,100,390
1887770.000,40756,3,PG,1,100,389
1887810.000,40756,3,PG,1,100,384
1887850.000,40772,3,PG,1,100,393
1887890.000,40772,3,PG,1,100,400
1887930.000,40772,3,PG,1,100,384
1887970.000,40788,2,PG,1,100,396
1888010.000,40788,2,PG,1,100,397
1888050.000,40804,3,PG,1,100,402
1888090.000,40804,3,PG,1,100,396
1888130.000,40804,3,PG,1,100,390
1888170.000,40821,3,PG,1,100,397
1888210.000,40821,3,PG,1,100,398
1888250.000,40821,3,PG,1,100,381
1888290.000,40838,2,PG,1,100,396
1888330.000,40838,2,PG,1,100,401
1888370.000,40853,3,PG,1,100,401
1888410.000,40853,3,PG,1,100,391
1888450.000,40853,3,PG,1,100,393
1888490.000,40869,2,PG,1,100,389
1888530.000,40869,2,PG,1,100,392
1888570.000,40887,3,PG,1,100,394
1888610.000,40887,3,PG,1,100,392
1888650.000,40887,3,PG,1,100,388
1888690.000,40903,2,PG,1,100,389
1888730.000,40903,2,PG,1,100,391
1888770.000,40918,3,PG,1,100,388
1888810.000,40918,3,PG,1,100,384
1888850.000,40918,3,PG,1,100,382
1888890.000,40934,2,PG,1,100,386
1888930.000,40934,2,PG,1,100,382
1888970.000,40952,3,PG,1,100,388
1889010.000,40952,3,PG,1,100,395
1889050.000,40952,3,PG,1,100,382
1889090.000,40968,2,PG,1,100,390
1889130.000,40968,2,PG,1,100,395
1889170.000,40984,3,PG,1,100,392
1889210.000,40984,3,PG,1,100,398
1889250.000,40984,3,PG,1,100,379
1889290.000,41000,2,PG,1,100,396
1889330.000,41000,2,PG,1,100,398
1889370.000,41017,3,PG,1,100,402
1889410.000,41017,3,PG,1,100,392
1889450.000,41017,3,PG,1,100,393
1889490.000,41033,2,PG,1,100,384
1889530.000,41033,2,PG,1,100,389
1889570.000,41050,3,PG,1,100,390
1889610.000,41050,3,PG,1,100,386
1889650.000,41050,3,PG,1,100,386
1889690.000,41065,3,PG,1,100,400
1889730.000,41065,3,PG,1,100,381
1889770.000,41065,3,PG,1,100,380
1889810.000,41082,2,PG,1,100,386
1889850.000,41082,2,PG,1,100,386
1889890.000,41099,3,PG,1,100,385
1889930.000,41099,3,PG,1,100,397
1889970.000,41099,3,PG,1,100,394
1890010.000,41116,2,PG,1,100,400
1890050.000,41116,2,PG,1,100,400
1890090.000,41130,3,PG,1,100,390
1890130.000,41130,3,PG,1,100,398
1890170.000,41130,3,PG,1,100,400
1890210.000,41147,2,PG,1,100,386
1890250.000,41147,2,PG,1,100,394
1890290.000,41164,3,PG,1,100,397
1890330.000,41164,3,PG,1,100,390
1890370.000,41164,3,PG,1,100,391
1890410.000,41181,2,PG,1,100,387
1890450.000,41181,2,PG,1,100,383
1890490.000,41195,3,PG,1,100,390
1890530.000,41195,3,PG,1,100,385
1890570.000,41195,3,PG,1,100,378
1890610.000,41213,2,PG,1,100,381
1890650.000,41213,2,PG,1,100,382
1890690.000,41229,3,PG,1,100,381
1890730.000,41229,3,PG,1,100,382
1890770.000,41229,3,PG,1,100,375
1890810.000,41246,2,PG,1,100,386
1890850.000,41246,2,PG,1,100,382
1890890.000,41261,3,PG,1,100,381
1890930.000,41261,3,PG,1,100,368
1890970.000,41261,3,PG,1,100,379
1891010.000,41278,3,PG,1,100,377
1891050.000,41278,3,PG,1,100,385
1891090.000,41278,3,PG,1,100,375
1891130.000,41294,2,PG,1,100,387
1891170.000,41294,2,PG,1,100,386
1891210.000,41311,3,PG,1,100,396
1891250.000,41311,3,PG,1,100,395
1891290.000,41311,3,PG,1,100,392
1891330.000,41328,2,PG,1,100,391
1891370.000,41328,2,PG,1,100,406
1891410.000,41345,3,PG,1,100,394
1891450.000,41345,3,PG,1,100,397
1891490.000,41345,3,PG,1,100,410
1891530.000,41361,2,PG,1,100,399
1891570.000,41361,2,PG,1,100,411
1891610.000,41379,3,PG,1,100,398
1891650.000,41379,3,PG,1,100,391
1891690.000,41379,3,PG,1,100,409
1891730.000,41394,2,PG,1,100,395
1891770.000,41394,2,PG,1,100,415
1891810.000,41410,3,PG,1,100,395
1891850.000,41410,3,PG,1,100,402
1891890.000,41410,3,PG,1,100,390
1891930.000,41427,2,PG,1,100,395
1891970.000,41427,2,PG,1,100,389
1892010.000,41444,3,PG,1,100,388
1892050.000,41444,3,PG,1,100,385
1892090.000,41444,3,PG,1,100,391
1892130.000,41460,2,PG,1,100,402
1892170.000,41460,2,PG,1,100,392
1892210.000,41476,3,PG,1,100,396
1892250.000,41476,3,PG,1,100,397
1892290.000,41476,3,PG,1,100,409
1892330.000,41492,2,PG,1,100,400
1892370.000,41492,2,PG,1,100,394
1892410.000,41509,3,PG,1,100,395
1892450.000,41509,3,PG,1,100,387
1892490.000,41509,3,PG,1,100,387
1892530.000,41525,3,PG,1,100,391
1892570.000,41525,3,PG,1,100,390
1892610.000,41525,3,PG,1,100,393
1892650.000,41541,2,PG,1,100,383
1892690.000,41541,2,PG,1,100,381
1892730.000,41557,3,PG,1,100,386
1892770.000,41557,3,PG,1,100,382
1892810.000,41557,3,PG,1,100,386
1892850.000,41580,3,PG,1,100,385
1892890.000,41580,3,PG,1,100,385
1892930.000,41580,3,PG,1,100,388
1892970.000,41597,3,PG,1,100,396
1893010.000,41597,3,PG,1,100,394
1893050.000,41597,3,PG,1,100,385
1893090.000,41614,2,PG,1,100,403
1893130.000,41614,2,PG,1,100,395
1893170.000,41629,3,PG,1,100,394
1893210.000,41629,3,PG,1,100,395
1893250.000,41629,3,PG,1,100,381
1893290.000,41646,2,PG,1,100,399
1893330.000,41646,2,PG,1,100,389
1893370.000,41662,3,PG,1,100,389
1893410.000,41662,3,PG,1,100,396
1893450.000,41662,3,PG,1,100,393
1893489.500,41679,2,PG,1,100,390
1893529.000,41679,2,PG,1,100,392
1893569.333,41695,3,PG,1,100,390
1893609.667,41695,3,PG,1,100,385
1893650.000,41695,3,PG,1,100,394
1893690.000,41711,2,PG,1,100,386
1893730.000,41711,2,PG,1,100,395
1893769.667,41727,3,PG,1,100,388
1893809.333,41727,3,PG,1,100,380
1893849.000,41727,3,PG,1,100,380
1893889.333,41745,3,PG,1,100,379
1893929.667,41745,3,PG,1,100,396
1893970.000,41745,3,PG,1,100,380
1894009.500,41761,2,PG,1,100,386
1894049.000,41761,2,PG,1,100,381
1894089.333,41776,3,PG,1,100,385
1894129.667,41776,3,PG,1,100,391
1894170.000,41776,3,PG,1,100,392
1894209.500,41792,2,PG,1,100,397
1894249.000,41792,2,PG,1,100,396
1894289.333,41810,3,PG,1,100,388
1894329.667,41810,3,PG,1,100,384
1894370.000,41810,3,PG,1,100,391
1894410.000,41826,2,PG,1,100,398
1894450.000,41826,2,PG,1,100,400
1894490.000,41841,3,PG,1,100,386
1894530.000,41841,3,PG,1,100,402
1894570.000,41841,3,PG,1,100,393
1894609.500,41858,2,PG,1,100,402
1894649.000,41858,2,PG,1,100,406
1894689.000,41875,3,PG,1,100,390
1894729.000,41875,3,PG,1,100,393
1894769.000,41875,3,PG,1,100,392
1894809.000,41891,2,PG,1,100,384
1894849.000,41891,2,PG,1,100,389
1894889.000,41907,3,PG,1,100,386
1894929.000,41907,3,PG,1,100,384
1894969.000,41907,3,PG,1,100,385
1895009.000,41923,3,PG,1,100,388
1895049.000,41923,3,PG,1,100,387
1895089.000,41923,3,PG,1,100,388
1895129.000,41940,2,PG,1,100,379
1895169.000,41940,2,PG,1,100,382
1895209.000,41956,3,PG,1,100,391
1895249.000,41956,3,PG,1,100,387
1895289.000,41956,3,PG,1,100,392
1895329.000,41972,2,PG,1,100,390
1895369.000,41972,2,PG,1,100,391
1895409.000,41988,3,PG,1,100,385
1895449.000,41988,3,PG,1,100,389
1895489.000,41988,3,PG,1,100,398
1895529.000,42005,2,PG,1,100,397
1895569.000,42005,2,PG,1,100,402
1895609.000,42022,3,PG,1,100,389
1895649.000,42022,3,PG,1,100,395
1895689.000,42022,3,PG,1,100,394
1895729.000,42038,2,PG,1,100,395
1895769.000,42038,2,PG,1,100,389
1895809.000,42053,3,PG,1,100,398
1895849.000,42053,3,PG,1,100,398
1895889.000,42053,3,PG,1,100,391
1895929.000,42071,2,PG,1,100,389
1895969.000,42071,2,PG,1,100,383
1896009.000,42087,3,PG,1,100,397
1896049.000,42087,3,PG,1,100,382
1896089.000,42087,3,PG,1,100,388
1896129.000,42104,2,PG,1,100,391
1896169.000,42104,2,PG,1,100,389
1896209.000,42119,3,PG,1,100,391
1896249.000,42119,3,PG,1,100,393
1896289.000,42119,3,PG,1,100,386
1896329.000,42138,2,PG,1,100,394
1896369.000,42138,2,PG,1,100,400
1896409.000,42154,3,PG,1,100,400
1896449.000,42154,3,PG,1,100,395
1896489.000,42154,3,PG,1,100,397
1896529.000,42171,3,PG,1,100,393
1896569.000,42171,3,PG,1,100,397
1896609.000,42171,3,PG,1,100,394
1896649.000,42186,2,PG,1,100,396
1896689.000,42186,2,PG,1,100,396
1896729.000,42203,3,PG,1,100,383
1896769.000,42203,3,PG,1,100,385
1896809.000,42203,3,PG,1,100,392
1896849.000,42219,2,PG,1,100,384
1896889.000,42219,2,PG,1,100,390
1896929.000,42237,3,PG,1,100,378
1896969.000,42237,3,PG,1,100,375
1897009.000,42237,3,PG,1,100,392
1897049.000,42251,2,PG,1,100,387
1897089.000,42251,2,PG,1,100,379
1897129.000,42268,3,PG,1,100,372
1897169.000,42268,3,PG,1,100,376
1897209.000,42268,3,PG,1,100,392
1897249.000,42285,2,PG,1,100,391
1897289.000,42285,2,PG,1,100,375
1897329.000,42302,3,PG,1,100,395
1897369.000,42302,3,PG,1,100,417
1897409.000,42302,3,PG,1,100,371
1897449.000,42316,2,PG,1,100,394
1897489.000,42316,2,PG,1,100,413
1897529.000,42333,3,PG,1,100,401
1897569.000,42333,3,PG,1,100,406
1897609.000,42333,3,PG,1,100,380
1897649.000,42350,2,PG,1,100,399
1897689.000,42350,2,PG,1,100,396
1897729.000,42367,3,PG,1,100,395
1897769.000,42367,3,PG,1,100,387
1897809.000,42367,3,PG,1,100,398
1897849.000,42382,3,PG,1,100,390
1897889.000,42382,3,PG,1,100,383
1897929.000,42382,3,PG,1,100,389
1897969.000,42404,3,PG,1,100,398
1898009.000,42404,3,PG,1,100,402
1898049.000,42404,3,PG,1,100,395
1898089.000,42420,3,PG,1,100,396
1898129.000,42420,3,PG,1,100,396
1898169.000,42420,3,PG,1,100,406
1898209.000,42437,2,PG,1,100,405
1898249.000,42437,2,PG,1,100,385
1898289.000,42454,3,PG,1,100,391
1898329.000,42454,3,PG,1,100,395
1898369.000,42454,3,PG,1,100,392
1898409.000,42471,2,PG,1,100,401
1898449.000,42471,2,PG,1,100,398
1898489.000,42485,3,PG,1,100,399
1898529.000,42485,3,PG,1,100,401
1898569.000,42485,3,PG,1,100,407
1898609.000,42503,2,PG,1,100,394
1898649.000,42503,2,PG,1,100,399
1898689.000,42519,3,PG,1,100,393
1898729.000,42519,3,PG,1,100,398
1898769.000,42519,3,PG,1,100,392
1898809.000,42536,2,PG,1,100,397
1898849.000,42536,2,PG,1,100,411
1898889.000,42551,3,PG,1,100,403
1898929.000,42551,3,PG,1,100,402
1898969.000,42551,3,PG,1,100,395
1899009.000,42568,2,PG,1,100,399
1899049.000,42568,2,PG,1,100,399
1899089.000,42584,3,PG,1,100,396
1899129.000,42584,3,PG,1,100,389
1899169.000,42584,3,PG,1,100,398
1899209.000,42601,3,PG,1,100,389
1899249.000,42601,3,PG,1,100,394
1899289.000,42601,3,PG,1,100,393
1899329.000,42616,2,PG,1,100,385
1899369.000,42616,2,PG,1,100,390
1899409.000,42633,3,PG,1,100,379
1899449.000,42633,3,PG,1,100,390
1899489.000,42633,3,PG,1,100,377
1899529.000,42649,2,PG,1,100,383
1899569.000,42649,2,PG,1,100,386
1899609.000,42667,3,PG,1,100,383
1899649.000,42667,3,PG,1,100,387
1899689.000,42667,3,PG,1,100,380
1899729.000,42682,2,PG,1,100,381
1899769.000,42682,2,PG,1,100,396
1899809.000,42698,3,PG,1,100,395
1899849.000,42698,3,PG,1,100,390
1899889.000,42698,3,PG,1,100,398
1899929.000,42715,2,PG,1,100,393
1899969.000,42715,2,PG,1,100,395
1900009.000,42732,3,PG,1,100,388
1900049.000,42732,3,PG,1,100,389
1900089.000,42732,3,PG,1,100,383
1900129.000,42747,2,PG,1,100,399
1900169.000,42747,2,PG,1,100,386
1900209.000,42764,3,PG,1,100,382
1900249.000,42764,3,PG,1,100,387
1900289.000,42764,3,PG,1,100,385
1900329.000,42780,2,PG,1,100,398
1900369.000,42780,2,PG,1,100,397
1900409.000,42797,3,PG,1,100,370
1900449.000,42797,3,PG,1,100,398
1900489.000,42797,3,PG,1,100,390
1900529.000,42813,2,PG,1,100,394
1900569.000,42813,2,PG,1,100,394
1900609.000,42829,3,PG,1,100,402
1900649.000,42829,3,PG,1,100,402
1900689.000,42829,3,PG,1,100,409
1900729.000,42845,3,PG,1,100,394
1900769.000,42845,3,PG,1,100,392
1900809.000,42845,3,PG,1,100,401
1900849.000,42862,2,PG,1,100,390
1900889.000,42862,2,PG,1,100,396
1900929.000,42879,3,PG,1,100,390
1900969.000,42879,3,PG,1,100,394
1901009.000,42879,3,PG,1,100,390
1901049.000,42894,2,PG,1,100,388
1901089.000,42894,2,PG,1,100,381
1901129.000,42910,3,PG,1,100,387
1901169.000,42910,3,PG,1,100,384
1901209.000,42910,3,PG,1,100,375
1901249.000,42928,2,PG,1,100,384
1901289.000,42928,2,PG,1,100,382
1901329.000,42946,3,PG,1,100,379
1901369.000,42946,3,PG,1,100,388
1901409.000,42946,3,PG,1,100,385
1901449.000,42961,2,PG,1,100,393
1901489.000,42961,2,PG,1,100,384
1901529.000,42977,3,PG,1,100,397
1901569.000,42977,3,PG,1,100,396
1901609.000,42977,3,PG,1,100,399
1901649.000,42995,2,PG,1,100,399
1901689.000,42995,2,PG,1,100,394
1901729.000,43011,3,PG,1,100,397
1901769.000,43011,3,PG,1,100,393
1901809.000,43011,3,PG,1,100,400
1901849.000,43026,2,PG,1,100,398
1901889.000,43026,2,PG,1,100,393
1901929.000,43043,3,PG,1,100,385
1901969.000,43043,3,PG,1,100,384
1902009.000,43043,3,PG,1,100,385
1902049.000,43060,3,PG,1,100,378
1902089.000,43060,3,PG,1,100,386
1902129.000,43060,3,PG,1,100,386
1902169.000,43078,4,PG,1,100,381
1902209.000,43078,4,PG,1,100,384
1902249.000,43078,4,PG,1,100,386
1902289.000,43078,4,PG,1,100,402
1902329.000,43094,3,PG,1,100,397
1902369.000,43094,3,PG,1,100,397
1902409.000,43094,3,PG,1,100,399
1902449.000,43111,2,PG,1,100,397
1902489.000,43111,2,PG,1,100,389
1902529.000,43127,3,PG,1,100,387
1902569.000,43127,3,PG,1,100,406
1902609.000,43127,3,PG,1,100,399
1902649.000,43143,2,PG,1,100,395
1902689.000,43143,2,PG,1,100,398
1902729.000,43159,3,PG,1,100,393
1902769.000,43159,3,PG,1,100,381
1902809.000,43159,3,PG,1,100,392
1902849.000,43176,2,PG,1,100,380
1902889.000,43176,2,PG,1,100,385
1902929.000,43193,3,PG,1,100,395
1902969.000,43193,3,PG,1,100,382
1903009.000,43193,3,PG,1,100,396
1903049.000,43213,4,PG,1,100,385
1903089.000,43213,4,PG,1,100,372
1903129.000,43213,4,PG,1,100,376
1903169.000,43213,4,PG,1,100,387
1903209.000,43229,2,PG,1,100,404
1903249.000,43229,2,PG,1,100,372
1903289.000,43245,3,PG,1,100,375
1903329.000,43245,3,PG,1,100,384
1903369.000,43245,3,PG,1,100,382
1903409.000,43261,2,PG,1,100,396
1903449.000,43261,2,PG,1,100,399
1903489.000,43278,3,PG,1,100,374
1903529.000,43278,3,PG,1,100,409
1903569.000,43278,3,PG,1,100,380
1903609.000,43295,3,PG,1,100,406
1903649.000,43295,3,PG,1,100,412
1903689.000,43295,3,PG,1,100,376
1903729.000,43310,2,PG,1,100,399
1903769.000,43310,2,PG,1,100,388
1903808.667,43326,3,PG,1,100,396
1903848.333,43326,3,PG,1,100,410
1903888.000,43326,3,PG,1,100,393
1903928.500,43344,2,PG,1,100,407
1903969.000,43344,2,PG,1,100,386
1904009.000,43360,3,PG,1,100,395
1904049.000,43360,3,PG,1,100,394
1904089.000,43360,3,PG,1,100,400
1904129.000,43376,2,PG,1,100,382
1904169.000,43376,2,PG,1,100,389
1904209.000,43391,3,PG,1,100,403
1904249.000,43391,3,PG,1,100,400
1904289.000,43391,3,PG,1,100,404
1904328.500,43409,2,PG,1,100,397
1904368.000,43409,2,PG,1,100,408
1904408.000,43425,3,PG,1,100,393
1904448.000,43425,3,PG,1,100,390
1904488.000,43425,3,PG,1,100,393
1904528.000,43443,3,PG,1,100,389
1904568.000,43443,3,PG,1,100,390
1904608.000,43443,3,PG,1,100,381
1904648.000,43459,3,PG,1,100,381
1904688.000,43459,3,PG,1,100,386
1904728.000,43459,3,PG,1,100,390
1904768.000,43474,2,PG,1,100,386
1904808.000,43474,2,PG,1,100,384
1904848.000,43490,3,PG,1,100,386
1904888.000,43490,3,PG,1,100,387
1904928.000,43490,3,PG,1,100,385
1904968.000,43508,2,PG,1,100,385
1905008.000,43508,2,PG,1,100,392
1905048.000,43524,3,PG,1,100,392
1905088.000,43524,3,PG,1,100,398
1905128.000,43524,3,PG,1,100,394
1905168.000,43539,2,PG,1,100,395
1905208.000,43539,2,PG,1,100,395
1905248.000,43556,3,PG,1,100,395
1905288.000,43556,3,PG,1,100,394
1905328.000,43556,3,PG,1,100,400
1905368.000,43573,3,PG,1,100,390
1905408.000,43573,3,PG,1,100,401
1905448.000,43573,3,PG,1,100,390
1905488.000,43589,2,PG,1,100,378
1905528.000,43589,2,PG,1,100,386
1905568.000,43605,3,PG,1,100,383
1905608.000,43605,3,PG,1,100,384
1905648.000,43605,3,PG,1,100,387
1905688.000,43621,2,PG,1,100,385
1905728.000,43621,2,PG,1,100,380
1905768.000,43638,3,PG,1,100,394
1905808.000,43638,3,PG,1,100,386
1905848.000,43638,3,PG,1,100,380
1905888.000,43654,2,PG,1,100,403
1905928.000,43654,2,PG,1,100,388
1905968.000,43670,3,PG,1,100,397
1906008.000,43670,3,PG,1,100,406
1906048.000,43670,3,PG,1,100,395
1906088.000,43686,2,PG,1,100,401
1906128.000,43686,2,PG,1,100,397
1906168.000,43703,3,PG,1,100,395
1906208.000,43703,3,PG,1,100,400
1906248.000,43703,3,PG,1,100,398
1906288.000,43720,2,PG,1,100,385
1906328.000,43720,2,PG,1,100,395
1906368.000,43737,3,PG,1,100,387
1906408.000,43737,3,PG,1,100,382
1906448.000,43737,3,PG,1,100,384
1906488.000,43753,2,PG,1,100,385
1906528.000,43753,2,PG,1,100,385
1906568.000,43771,3,PG,1,100,386
1906608.000,43771,3,PG,1,100,386
1906648.000,43771,3,PG,1,100,387
1906688.000,43787,2,PG,1,100,387
1906728.000,43787,2,PG,1,100,389
1906768.000,43803,3,PG,1,100,385
1906808.000,43803,3,PG,1,100,403
1906848.000,43803,3,PG,1,100,389
1906888.000,43819,3,PG,1,100,387
1906928.000,43819,3,PG,1,100,391
1906968.000,43819,3,PG,1,100,387
1907008.000,43836,3,PG,1,100,386
1907048.000,43836,3,PG,1,100,389
1907088.000,43836,3,PG,1,100,395
1907128.000,43852,2,PG,1,100,385
1907168.000,43852,2,PG,1,100,398
1907208.000,43869,3,PG,1,100,370
1907248.000,43869,3,PG,1,100,382
1907288.000,43869,3,PG,1,100,383
1907328.000,43885,2,PG,1,100,384
1907368.000,43885,2,PG,1,100,385
1907408.000,43901,3,PG,1,100,396
1907448.000,43901,3,PG,1,100,388
1907488.000,43901,3,PG,1,100,384
1907528.000,43917,2,PG,1,100,390
1907568.000,43917,2,PG,1,100,394
1907608.000,43935,3,PG,1,100,393
1907648.000,43935,3,PG,1,100,393
1907688.000,43935,3,PG,1,100,385
1907728.000,43950,2,PG,1,100,393
1907768.000,43950,2,PG,1,100,387
1907808.000,43966,3,PG,1,100,397
1907848.000,43966,3,PG,1,100,390
1907888.000,43966,3,PG,1,100,391
1907928.000,43983,2,PG,1,100,385
1907968.000,43983,2,PG,1,100,386
1908008.000,44000,3,PG,1,100,389
1908048.000,44000,3,PG,1,100,390
1908088.000,44000,3,PG,1,100,390
1908128.000,44021,4,PG,1,100,382
1908168.000,44021,4,PG,1,100,386
1908208.000,44021,4,PG,1,100,388
1908248.000,44021,4,PG,1,100,384
1908288.000,44039,3,PG,1,100,374
1908328.000,44039,3,PG,1,100,376
1908368.000,44039,3,PG,1,100,378
1908408.000,44055,3,PG,1,100,391
1908448.000,44055,3,PG,1,100,378
1908488.000,44055,3,PG,1,100,367
1908528.000,44070,2,PG,1,100,379
1908568.000,44070,2,PG,1,100,387
1908608.000,44087,3,PG,1,100,379
1908648.000,44087,3,PG,1,100,389
1908688.000,44087,3,PG,1,100,387
1908728.000,44104,2,PG,1,100,405
1908768.000,44104,2,PG,1,100,381
1908808.000,44120,3,PG,1,100,402
1908848.000,44120,3,PG,1,100,397
1908888.000,44120,3,PG,1,100,401
1908928.000,44137,2,PG,1,100,399
1908968.000,44137,2,PG,1,100,398
1909008.000,44152,3,PG,1,100,390
1909048.000,44152,3,PG,1,100,394
1909088.000,44152,3,PG,1,100,406
1909128.000,44169,3,PG,1,100,409
1909168.000,44169,3,PG,1,100,397
1909208.000,44169,3,PG,1,100,389
1909248.000,44186,2,PG,1,100,390
1909288.000,44186,2,PG,1,100,387
1909328.000,44203,3,PG,1,100,404
1909368.000,44203,3,PG,1,100,409
1909408.000,44203,3,PG,1,100,395
1909448.000,44217,2,PG,1,100,400
1909488.000,44217,2,PG,1,100,395
1909528.000,44234,3,PG,1,100,405
1909568.000,44234,3,PG,1,100,396
1909608.000,44234,3,PG,1,100,396
1909648.000,44251,2,PG,1,100,399
1909688.000,44251,2,PG,1,100,395
1909728.000,44268,3,PG,1,100,394
1909768.000,44268,3,PG,1,100,385
1909808.000,44268,3,PG,1,100,392
1909848.000,44282,2,PG,1,100,395
1909888.000,44282,2,PG,1,100,399
1909928.000,44300,3,PG,1,100,397
1909968.000,44300,3,PG,1,100,384
1910008.000,44300,3,PG,1,100,398
1910048.000,44316,2,PG,1,100,379
1910088.000,44316,2,PG,1,100,389
1910128.000,44333,3,PG,1,100,376
1910168.000,44333,3,PG,1,100,386
1910208.000,44333,3,PG,1,100,385
1910248.000,44349,3,PG,1,100,386
1910288.000,44349,3,PG,1,100,392
1910328.000,44349,3,PG,1,100,381
1910368.000,44365,2,PG,1,100,396
1910408.000,44365,2,PG,1,100,383
1910448.000,44381,3,PG,1,100,396
1910488.000,44381,3,PG,1,100,382
1910528.000,44381,3,PG,1,100,393
1910568.000,44398,2,PG,1,100,393
1910608.000,44398,2,PG,1,100,390
1910648.000,44414,3,PG,1,100,394
1910688.000,44414,3,PG,1,100,398
1910728.000,44414,3,PG,1,100,396
1910768.000,44430,2,PG,1,100,397
1910808.000,44430,2,PG,1,100,391
1910848.000,44446,3,PG,1,100,385
1910888.000,44446,3,PG,1,100,393
1910928.000,44446,3,PG,1,100,395
1910968.000,44464,2,PG,1,100,387
1911008.000,44464,2,PG,1,100,394
1911048.000,44480,3,PG,1,100,394
1911088.000,44480,3,PG,1,100,393
1911128.000,44480,3,PG,1,100,385
1911168.000,44495,2,PG,1,100,394
1911208.000,44495,2,PG,1,100,384
1911248.000,44513,4,PG,1,100,400
1911288.000,44513,4,PG,1,100,403
1911328.000,44513,4,PG,1,100,391
1911368.000,44513,4,PG,1,100,388
1911408.000,44531,2,PG,1,100,390
1911448.000,44531,2,PG,1,100,399
1911488.000,44548,3,PG,1,100,389
1911528.000,44548,3,PG,1,100,394
1911568.000,44548,3,PG,1,100,390
1911608.000,44565,2,PG,1,100,401
1911648.000,44565,2,PG,1,100,389
1911688.000,44580,3,PG,1,100,393
1911728.000,44580,3,PG,1,100,392
1911768.000,44580,3,PG,1,100,389
1911808.000,44596,2,PG,1,100,391
1911848.000,44596,2,PG,1,100,389
1911888.000,44614,3,PG,1,100,385
1911928.000,44614,3,PG,1,100,385
1911968.000,44614,3,PG,1,100,383
1912008.000,44630,2,PG,1,100,375
1912048.000,44630,2,PG,1,100,384
1912088.000,44645,3,PG,1,100,385
1912128.000,44645,3,PG,1,100,382
1912168.000,44645,3,PG,1,100,383
1912208.000,44661,3,PG,1,100,383
1912248.000,44661,3,PG,1,100,386
1912288.000,44661,3,PG,1,100,390
1912328.000,44679,2,PG,1,100,394
1912368.000,44679,2,PG,1,100,390
1912408.000,44695,3,PG,1,100,398
1912448.000,44695,3,PG,1,100,392
1912488.000,44695,3,PG,1,100,398
1912528.000,44710,2,PG,1,100,395
1912568.000,44710,2,PG,1,100,394
1912614.500,44727,2,PG,1,100,397
1912661.000,44727,2,PG,1,100,398
1912701.000,44744,3,PG,1,100,394
1912741.000,44744,3,PG,1,100,385
1912781.000,44744,3,PG,1,100,396
1912821.000,44760,2,PG,1,100,378
1912861.000,44760,2,PG,1,100,396
1912901.000,44777,3,PG,1,100,379
1912941.000,44777,3,PG,1,100,384
1912981.000,44777,3,PG,1,100,372
1913021.000,44792,2,PG,1,100,382
1913061.000,44792,2,PG,1,100,382
1913101.000,44809,3,PG,1,100,392
1913141.000,44809,3,PG,1,100,398
1913181.000,44809,3,PG,1,100,383
1913221.000,44830,5,PG,1,100,393
1913261.000,44830,5,PG,1,100,391
1913301.000,44830,5,PG,1,100,399
1913341.000,44830,5,PG,1,100,392
1913381.000,44830,5,PG,1,100,386
1913421.000,44846,3,PG,1,100,390
1913461.000,44846,3,PG,1,100,385
1913501.000,44846,3,PG,1,100,395
