EmotiBitTimestamp,PacketNumber,DataLength,TypeTag,ProtocolVersion,DataReliability,MZ
1839561.000,33094,1,MZ,1,100,-16
1839601.000,33109,2,MZ,1,100,-17
1839641.000,33109,2,MZ,1,100,-18
1839681.000,33126,3,MZ,1,100,-16
1839721.000,33126,3,MZ,1,100,-17
1839761.000,33126,3,MZ,1,100,-17
1839801.000,33144,3,MZ,1,100,-19
1839841.000,33144,3,MZ,1,100,-18
1839881.000,33144,3,MZ,1,100,-18
1839921.000,33162,2,MZ,1,100,-19
1839961.000,33162,2,MZ,1,100,-17
1840001.000,33176,3,MZ,1,100,-17
1840041.000,33176,3,MZ,1,100,-17
1840081.000,33176,3,MZ,1,100,-18
1840121.000,33193,2,MZ,1,100,-18
1840161.000,33193,2,MZ,1,100,-17
1840201.000,33209,3,MZ,1,100,-17
1840241.000,33209,3,MZ,1,100,-17
1840281.000,33209,3,MZ,1,100,-19
1840321.000,33227,2,MZ,1,100,-17
1840361.000,33227,2,MZ,1,100,-18
1840401.000,33241,3,MZ,1,100,-18
1840441.000,33241,3,MZ,1,100,-18
1840481.000,33241,3,MZ,1,100,-19
1840521.000,33258,2,MZ,1,100,-19
1840561.000,33258,2,MZ,1,100,-18
1840601.000,33275,3,MZ,1,100,-17
1840641.000,33275,3,MZ,1,100,-17
1840681.000,33275,3,MZ,1,100,-17
1840721.000,33292,2,MZ,1,100,-18
1840761.000,33292,2,MZ,1,100,-18
1840801.000,33306,3,MZ,1,100,-17
1840841.000,33306,3,MZ,1,100,-18
1840881.000,33306,3,MZ,1,100,-19
1840921.000,33324,2,MZ,1,100,-17
1840961.000,33324,2,MZ,1,100,-18
1841001.000,33342,3,MZ,1,100,-19
1841041.000,33342,3,MZ,1,100,-18
1841081.000,33342,3,MZ,1,100,-17
1841121.000,33359,3,MZ,1,100,-19
1841161.000,33359,3,MZ,1,100,-18
1841201.000,33359,3,MZ,1,100,-17
1841241.000,33376,2,MZ,1,100,-17
1841281.000,33376,2,MZ,1,100,-17
1841321.000,33393,3,MZ,1,100,-17
1841361.000,33393,3,MZ,1,100,-19
1841401.000,33393,3,MZ,1,100,-17
1841441.000,33409,2,MZ,1,100,-18
1841481.000,33409,2,MZ,1,100,-17
1841521.000,33432,5,MZ,1,100,-18
1841561.000,33432,5,MZ,1,100,-17
1841601.000,33432,5,MZ,1,100,-17
1841641.000,33432,5,MZ,1,100,-18
1841681.000,33432,5,MZ,1,100,-17
1841721.000,33448,2,MZ,1,100,-17
1841761.000,33448,2,MZ,1,100,-17
1841801.000,33465,3,MZ,1,100,-17
1841841.000,33465,3,MZ,1,100,-17
1841881.000,33465,3,MZ,1,100,-18
1841921.000,33482,2,MZ,1,100,-18
1841961.000,33482,2,MZ,1,100,-18
1842001.000,33497,3,MZ,1,100,-17
1842041.000,33497,3,MZ,1,100,-17
1842081.000,33497,3,MZ,1,100,-16
1842121.000,33513,2,MZ,1,100,-17
1842161.000,33513,2,MZ,1,100,-17
1842201.000,33530,3,MZ,1,100,-18
1842241.000,33530,3,MZ,1,100,-18
1842281.000,33530,3,MZ,1,100,-16
1842321.000,33547,2,MZ,1,100,-17
1842361.000,33547,2,MZ,1,100,-19
1842401.000,33562,3,MZ,1,100,-18
1842441.000,33562,3,MZ,1,100,-17
1842481.000,33562,3,MZ,1,100,-17
1842521.000,33580,2,MZ,1,100,-18
1842561.000,33580,2,MZ,1,100,-17
1842601.000,33598,3,MZ,1,100,-17
1842641.000,33598,3,MZ,1,100,-18
1842681.000,33598,3,MZ,1,100,-18
1842721.000,33614,3,MZ,1,100,-17
1842761.000,33614,3,MZ,1,100,-18
1842801.000,33614,3,MZ,1,100,-18
1842841.000,33630,2,MZ,1,100,-17
1842881.000,33630,2,MZ,1,100,-17
1842921.000,33646,3,MZ,1,100,-18
1842961.000,33646,3,MZ,1,100,-17
1843001.000,33646,3,MZ,1,100,-18
1843041.000,33663,2,MZ,1,100,-17
1843081.000,33663,2,MZ,1,100,-17
1843121.000,33679,3,MZ,1,100,-18
1843161.000,33679,3,MZ,1,100,-17
1843201.000,33679,3,MZ,1,100,-17
1843241.000,33697,2,MZ,1,100,-17
1843281.000,33697,2,MZ,1,100,-18
1843321.000,33711,3,MZ,1,100,-18
1843361.000,33711,3,MZ,1,100,-18
1843401.000,33711,3,MZ,1,100,-17
1843441.000,33728,2,MZ,1,100,-17
1843481.000,33728,2,MZ,1,100,-18
1843521.000,33744,3,MZ,1,100,-17
1843561.000,33744,3,MZ,1,100,-17
1843601.000,33744,3,MZ,1,100,-17
1843640.500,33762,2,MZ,1,100,-18
1843680.000,33762,2,MZ,1,100,-18
1843720.000,33776,3,MZ,1,100,-17
1843760.000,33776,3,MZ,1,100,-17
1843800.000,33776,3,MZ,1,100,-18
1843840.333,33793,3,MZ,1,100,-17
1843880.667,33793,3,MZ,1,100,-17
1843921.000,33793,3,MZ,1,100,-17
1843961.000,33810,2,MZ,1,100,-16
1844001.000,33810,2,MZ,1,100,-17
1844041.000,33827,3,MZ,1,100,-18
1844081.000,33827,3,MZ,1,100,-17
1844121.000,33827,3,MZ,1,100,-17
1844161.000,33841,2,MZ,1,100,-17
1844201.000,33841,2,MZ,1,100,-17
1844241.000,33861,2,MZ,1,100,-18
1844281.000,33861,2,MZ,1,100,-17
1844325.333,33877,3,MZ,1,100,-19
1844369.667,33877,3,MZ,1,100,-17
1844414.000,33877,3,MZ,1,100,-17
1844454.000,33896,2,MZ,1,100,-17
1844494.000,33896,2,MZ,1,100,-18
1844534.000,33910,3,MZ,1,100,-19
1844574.000,33910,3,MZ,1,100,-17
1844614.000,33910,3,MZ,1,100,-17
1844654.000,33928,2,MZ,1,100,-17
1844694.000,33928,2,MZ,1,100,-17
1844734.000,33944,3,MZ,1,100,-18
1844774.000,33944,3,MZ,1,100,-18
1844814.000,33944,3,MZ,1,100,-17
1844854.000,33961,3,MZ,1,100,-17
1844894.000,33961,3,MZ,1,100,-18
1844934.000,33961,3,MZ,1,100,-16
1844974.000,33977,2,MZ,1,100,-17
1845014.000,33977,2,MZ,1,100,-19
1845054.000,33993,3,MZ,1,100,-18
1845094.000,33993,3,MZ,1,100,-18
1845134.000,33993,3,MZ,1,100,-18
1845174.000,34011,2,MZ,1,100,-17
1845214.000,34011,2,MZ,1,100,-18
1845254.000,34029,3,MZ,1,100,-17
1845294.000,34029,3,MZ,1,100,-17
1845334.000,34029,3,MZ,1,100,-18
1845374.000,34045,2,MZ,1,100,-18
1845414.000,34045,2,MZ,1,100,-18
1845454.000,34060,3,MZ,1,100,-17
1845494.000,34060,3,MZ,1,100,-19
1845534.000,34060,3,MZ,1,100,-17
1845574.000,34077,2,MZ,1,100,-16
1845614.000,34077,2,MZ,1,100,-17
1845654.000,34094,3,MZ,1,100,-18
1845694.000,34094,3,MZ,1,100,-17
1845734.000,34094,3,MZ,1,100,-17
1845774.000,34110,2,MZ,1,100,-18
1845814.000,34110,2,MZ,1,100,-17
1845854.000,34125,3,MZ,1,100,-17
1845894.000,34125,3,MZ,1,100,-18
1845934.000,34125,3,MZ,1,100,-17
1845974.000,34142,3,MZ,1,100,-17
1846014.000,34142,3,MZ,1,100,-18
1846054.000,34142,3,MZ,1,100,-17
1846094.000,34161,2,MZ,1,100,-17
1846134.000,34161,2,MZ,1,100,-17
1846174.000,34177,3,MZ,1,100,-16
1846214.000,34177,3,MZ,1,100,-15
1846254.000,34177,3,MZ,1,100,-15
1846294.000,34193,2,MZ,1,100,-15
1846334.000,34193,2,MZ,1,100,-13
1846369.667,34211,3,MZ,1,100,-13
1846405.333,34211,3,MZ,1,100,-14
1846441.000,34211,3,MZ,1,100,-13
1846481.000,34228,2,MZ,1,100,-14
1846521.000,34228,2,MZ,1,100,-13
1846561.000,34245,3,MZ,1,100,-15
1846601.000,34245,3,MZ,1,100,-15
1846641.000,34245,3,MZ,1,100,-15
1846685.000,34267,3,MZ,1,100,-15
1846729.000,34267,3,MZ,1,100,-15
1846773.000,34267,3,MZ,1,100,-15
1846813.333,34283,3,MZ,1,100,-14
1846853.667,34283,3,MZ,1,100,-15
1846894.000,34283,3,MZ,1,100,-14
1846934.000,34301,2,MZ,1,100,-14
1846974.000,34301,2,MZ,1,100,-11
1847013.667,34317,3,MZ,1,100,-12
1847053.333,34317,3,MZ,1,100,-14
1847093.000,34317,3,MZ,1,100,-14
1847133.333,34334,3,MZ,1,100,-14
1847173.667,34334,3,MZ,1,100,-14
1847214.000,34334,3,MZ,1,100,-14
1847254.000,34351,2,MZ,1,100,-13
1847294.000,34351,2,MZ,1,100,-14
1847334.000,34366,3,MZ,1,100,-14
1847374.000,34366,3,MZ,1,100,-13
1847414.000,34366,3,MZ,1,100,-12
1847454.000,34382,2,MZ,1,100,-12
1847494.000,34382,2,MZ,1,100,-10
1847534.000,34399,3,MZ,1,100,-11
1847574.000,34399,3,MZ,1,100,-10
1847614.000,34399,3,MZ,1,100,-11
1847653.500,34416,2,MZ,1,100,-12
1847693.000,34416,2,MZ,1,100,-11
1847733.333,34431,3,MZ,1,100,-10
1847773.667,34431,3,MZ,1,100,-10
1847814.000,34431,3,MZ,1,100,-9
1847854.000,34447,2,MZ,1,100,-11
1847894.000,34447,2,MZ,1,100,-12
1847933.667,34465,3,MZ,1,100,-11
1847973.333,34465,3,MZ,1,100,-12
1848013.000,34465,3,MZ,1,100,-17
1848053.500,34481,2,MZ,1,100,-24
1848094.000,34481,2,MZ,1,100,-30
1848134.000,34496,3,MZ,1,100,-33
1848174.000,34496,3,MZ,1,100,-33
1848214.000,34496,3,MZ,1,100,-35
1848253.667,34513,3,MZ,1,100,-35
1848293.333,34513,3,MZ,1,100,-36
1848333.000,34513,3,MZ,1,100,-36
1848373.000,34530,2,MZ,1,100,-37
1848413.000,34530,2,MZ,1,100,-36
1848453.000,34546,3,MZ,1,100,-37
1848493.000,34546,3,MZ,1,100,-36
1848533.000,34546,3,MZ,1,100,-36
1848573.000,34562,2,MZ,1,100,-37
1848613.000,34562,2,MZ,1,100,-38
1848653.000,34578,3,MZ,1,100,-39
1848693.000,34578,3,MZ,1,100,-39
1848733.000,34578,3,MZ,1,100,-39
1848773.000,34595,2,MZ,1,100,-36
1848813.000,34595,2,MZ,1,100,-34
1848853.000,34611,3,MZ,1,100,-33
1848893.000,34611,3,MZ,1,100,-33
1848933.000,34611,3,MZ,1,100,-35
1848973.000,34629,2,MZ,1,100,-36
1849013.000,34629,2,MZ,1,100,-36
1849053.000,34643,3,MZ,1,100,-38
1849093.000,34643,3,MZ,1,100,-39
1849133.000,34643,3,MZ,1,100,-42
1849173.000,34660,2,MZ,1,100,-35
1849213.000,34660,2,MZ,1,100,-12
1849253.000,34677,3,MZ,1,100,28
1849293.000,34677,3,MZ,1,100,47
1849333.000,34677,3,MZ,1,100,33
1849373.000,34694,2,MZ,1,100,16
1849413.000,34694,2,MZ,1,100, 5
1849453.000,34708,3,MZ,1,100, 0
1849493.000,34708,3,MZ,1,100,-1
1849533.000,34708,3,MZ,1,100,-3
1849573.000,34726,3,MZ,1,100, 0
1849613.000,34726,3,MZ,1,100, 0
1849653.000,34726,3,MZ,1,100, 0
1849693.000,34742,2,MZ,1,100, 0
1849733.000,34742,2,MZ,1,100, 0
1849773.000,34759,3,MZ,1,100, 1
1849813.000,34759,3,MZ,1,100, 0
1849853.000,34759,3,MZ,1,100, 0
1849893.000,34773,2,MZ,1,100,-1
1849933.000,34773,2,MZ,1,100,-1
1849973.000,34791,3,MZ,1,100,-2
1850013.000,34791,3,MZ,1,100,-2
1850053.000,34791,3,MZ,1,100,-4
1850093.000,34807,2,MZ,1,100,-3
1850133.000,34807,2,MZ,1,100,-4
1850173.000,34824,3,MZ,1,100,-3
1850213.000,34824,3,MZ,1,100,-7
1850253.000,34824,3,MZ,1,100,-8
1850293.000,34839,2,MZ,1,100,-9
1850333.000,34839,2,MZ,1,100,-8
1850373.000,34856,3,MZ,1,100,-10
1850413.000,34856,3,MZ,1,100,-9
1850453.000,34856,3,MZ,1,100,-10
1850493.000,34872,2,MZ,1,100,-10
1850533.000,34872,2,MZ,1,100,-11
1850573.000,34890,3,MZ,1,100,-13
1850613.000,34890,3,MZ,1,100,-13
1850653.000,34890,3,MZ,1,100,-14
1850693.000,34905,2,MZ,1,100,-15
1850733.000,34905,2,MZ,1,100,-16
1850773.000,34921,3,MZ,1,100,-18
1850813.000,34921,3,MZ,1,100,-18
1850853.000,34921,3,MZ,1,100,-16
1850893.000,34938,3,MZ,1,100,-13
1850933.000,34938,3,MZ,1,100,-4
1850973.000,34938,3,MZ,1,100,-1
1851013.000,34955,2,MZ,1,100, 0
1851053.000,34955,2,MZ,1,100, 0
1851093.000,34971,3,MZ,1,100, 4
1851133.000,34971,3,MZ,1,100,11
1851173.000,34971,3,MZ,1,100,17
1851213.000,34986,2,MZ,1,100,18
1851253.000,34986,2,MZ,1,100,21
1851293.000,35005,3,MZ,1,100,23
1851333.000,35005,3,MZ,1,100,23
1851373.000,35005,3,MZ,1,100,26
1851413.000,35022,2,MZ,1,100,27
1851453.000,35022,2,MZ,1,100,27
1851493.000,35038,3,MZ,1,100,27
1851533.000,35038,3,MZ,1,100,25
1851573.000,35038,3,MZ,1,100,21
1851613.000,35054,2,MZ,1,100,18
1851653.000,35054,2,MZ,1,100,15
1851693.000,35070,3,MZ,1,100,16
1851733.000,35070,3,MZ,1,100,12
1851773.000,35070,3,MZ,1,100, 5
1851813.000,35092,4,MZ,1,100, 3
1851853.000,35092,4,MZ,1,100, 1
1851893.000,35092,4,MZ,1,100, 1
1851933.000,35092,4,MZ,1,100, 0
1851973.000,35109,2,MZ,1,100, 0
1852013.000,35109,2,MZ,1,100, 0
1852053.000,35126,3,MZ,1,100,-1
1852093.000,35126,3,MZ,1,100,-3
1852133.000,35126,3,MZ,1,100,-7
1852173.000,35141,2,MZ,1,100,-9
1852213.000,35141,2,MZ,1,100,-13
1852253.000,35158,3,MZ,1,100,-15
1852293.000,35158,3,MZ,1,100,-18
1852333.000,35158,3,MZ,1,100,-20
1852373.000,35174,2,MZ,1,100,-24
1852413.000,35174,2,MZ,1,100,-27
1852453.000,35191,3,MZ,1,100,-30
1852493.000,35191,3,MZ,1,100,-33
1852533.000,35191,3,MZ,1,100,-38
1852573.000,35208,2,MZ,1,100,-41
1852613.000,35208,2,MZ,1,100,-41
1852653.000,35223,3,MZ,1,100,-39
1852693.000,35223,3,MZ,1,100,-41
1852733.000,35223,3,MZ,1,100,-41
1852773.000,35239,2,MZ,1,100,-43
1852813.000,35239,2,MZ,1,100,-47
1852853.000,35256,3,MZ,1,100,-51
1852893.000,35256,3,MZ,1,100,-54
1852933.000,35256,3,MZ,1,100,-55
1852973.000,35273,2,MZ,1,100,-56
1853013.000,35273,2,MZ,1,100,-57
1853053.000,35288,3,MZ,1,100,-57
1853093.000,35288,3,MZ,1,100,-59
1853133.000,35288,3,MZ,1,100,-61
1853173.000,35304,3,MZ,1,100,-64
1853213.000,35304,3,MZ,1,100,-69
1853253.000,35304,3,MZ,1,100,-70
1853293.000,35322,2,MZ,1,100,-71
1853333.000,35322,2,MZ,1,100,-69
1853373.000,35338,3,MZ,1,100,-67
1853413.000,35338,3,MZ,1,100,-69
1853453.000,35338,3,MZ,1,100,-67
1853493.000,35353,2,MZ,1,100,-70
1853533.000,35353,2,MZ,1,100,-68
1853573.000,35370,3,MZ,1,100,-69
1853613.000,35370,3,MZ,1,100,-69
1853653.000,35370,3,MZ,1,100,-69
1853693.000,35387,2,MZ,1,100,-68
1853733.000,35387,2,MZ,1,100,-68
1853773.000,35403,3,MZ,1,100,-69
1853813.000,35403,3,MZ,1,100,-68
1853853.000,35403,3,MZ,1,100,-68
1853893.000,35418,2,MZ,1,100,-69
1853933.000,35418,2,MZ,1,100,-69
1853973.000,35435,3,MZ,1,100,-69
1854013.000,35435,3,MZ,1,100,-69
1854053.000,35435,3,MZ,1,100,-68
1854093.000,35452,2,MZ,1,100,-68
1854133.000,35452,2,MZ,1,100,-68
1854173.000,35468,3,MZ,1,100,-68
1854213.000,35468,3,MZ,1,100,-69
1854253.000,35468,3,MZ,1,100,-69
1854293.000,35485,2,MZ,1,100,-69
1854333.000,35485,2,MZ,1,100,-68
1854373.000,35500,3,MZ,1,100,-68
1854413.000,35500,3,MZ,1,100,-69
1854453.000,35500,3,MZ,1,100,-67
1854493.000,35517,2,MZ,1,100,-66
1854533.000,35517,2,MZ,1,100,-67
1854573.000,35534,3,MZ,1,100,-65
1854613.000,35534,3,MZ,1,100,-61
1854653.000,35534,3,MZ,1,100,-58
1854693.000,35551,3,MZ,1,100,-51
1854733.000,35551,3,MZ,1,100,-40
1854773.000,35551,3,MZ,1,100,-27
1854813.000,35565,2,MZ,1,100,-23
1854853.000,35565,2,MZ,1,100,-18
1854893.000,35583,3,MZ,1,100,-17
1854933.000,35583,3,MZ,1,100,-23
1854973.000,35583,3,MZ,1,100,-25
1855013.000,35599,2,MZ,1,100,-27
1855053.000,35599,2,MZ,1,100,-27
1855093.000,35616,3,MZ,1,100,-27
1855133.000,35616,3,MZ,1,100,-25
1855173.000,35616,3,MZ,1,100,-26
1855213.000,35630,2,MZ,1,100,-27
1855253.000,35630,2,MZ,1,100,-26
1855293.000,35648,3,MZ,1,100,-27
1855333.000,35648,3,MZ,1,100,-27
1855373.000,35648,3,MZ,1,100,-27
1855413.000,35664,2,MZ,1,100,-26
1855453.000,35664,2,MZ,1,100,-26
1855493.000,35681,3,MZ,1,100,-27
1855533.000,35681,3,MZ,1,100,-27
1855573.000,35681,3,MZ,1,100,-26
1855613.000,35696,2,MZ,1,100,-25
1855653.000,35696,2,MZ,1,100,-26
1855693.000,35713,3,MZ,1,100,-27
1855733.000,35713,3,MZ,1,100,-27
1855773.000,35713,3,MZ,1,100,-27
1855813.000,35729,2,MZ,1,100,-26
1855853.000,35729,2,MZ,1,100,-27
1855893.000,35747,3,MZ,1,100,-25
1855933.000,35747,3,MZ,1,100,-26
1855973.000,35747,3,MZ,1,100,-27
1856013.000,35761,3,MZ,1,100,-25
1856053.000,35761,3,MZ,1,100,-25
1856093.000,35761,3,MZ,1,100,-26
1856133.000,35778,2,MZ,1,100,-26
1856173.000,35778,2,MZ,1,100,-26
1856213.000,35794,3,MZ,1,100,-27
1856253.000,35794,3,MZ,1,100,-26
1856293.000,35794,3,MZ,1,100,-27
1856333.000,35814,2,MZ,1,100,-25
1856373.000,35814,2,MZ,1,100,-27
1856413.000,35829,3,MZ,1,100,-25
1856453.000,35829,3,MZ,1,100,-26
1856493.000,35829,3,MZ,1,100,-27
1856533.000,35845,2,MZ,1,100,-26
1856573.000,35845,2,MZ,1,100,-25
1856613.000,35862,3,MZ,1,100,-26
1856653.000,35862,3,MZ,1,100,-27
1856693.000,35862,3,MZ,1,100,-27
1856733.000,35879,2,MZ,1,100,-25
1856773.000,35879,2,MZ,1,100,-26
1856813.000,35895,3,MZ,1,100,-26
1856853.000,35895,3,MZ,1,100,-26
1856893.000,35895,3,MZ,1,100,-26
1856933.000,35918,4,MZ,1,100,-25
1856973.000,35918,4,MZ,1,100,-27
1857013.000,35918,4,MZ,1,100,-26
1857053.000,35918,4,MZ,1,100,-25
1857093.000,35932,2,MZ,1,100,-26
1857133.000,35932,2,MZ,1,100,-25
1857173.000,35949,3,MZ,1,100,-26
1857213.000,35949,3,MZ,1,100,-27
1857253.000,35949,3,MZ,1,100,-25
1857293.000,35966,2,MZ,1,100,-25
1857333.000,35966,2,MZ,1,100,-27
1857373.000,35983,3,MZ,1,100,-26
1857413.000,35983,3,MZ,1,100,-27
1857453.000,35983,3,MZ,1,100,-27
1857492.500,35998,2,MZ,1,100,-26
1857532.000,35998,2,MZ,1,100,-25
1857572.000,36015,3,MZ,1,100,-26
1857612.000,36015,3,MZ,1,100,-27
1857652.000,36015,3,MZ,1,100,-25
1857692.333,36031,3,MZ,1,100,-26
1857732.667,36031,3,MZ,1,100,-26
1857773.000,36031,3,MZ,1,100,-25
1857812.500,36048,2,MZ,1,100,-27
1857852.000,36048,2,MZ,1,100,-26
1857892.000,36065,3,MZ,1,100,-26
1857932.000,36065,3,MZ,1,100,-26
1857972.000,36065,3,MZ,1,100,-26
1858012.500,36080,2,MZ,1,100,-25
1858053.000,36080,2,MZ,1,100,-25
1858093.000,36096,3,MZ,1,100,-26
1858133.000,36096,3,MZ,1,100,-26
1858173.000,36096,3,MZ,1,100,-25
1858213.000,36113,2,MZ,1,100,-26
1858253.000,36113,2,MZ,1,100,-25
1858292.667,36130,3,MZ,1,100,-27
1858332.333,36130,3,MZ,1,100,-26
1858372.000,36130,3,MZ,1,100,-26
1858412.000,36145,2,MZ,1,100,-25
1858452.000,36145,2,MZ,1,100,-26
1858492.000,36161,3,MZ,1,100,-26
1858532.000,36161,3,MZ,1,100,-25
1858572.000,36161,3,MZ,1,100,-26
1858612.000,36179,2,MZ,1,100,-25
1858652.000,36179,2,MZ,1,100,-25
1858692.000,36195,3,MZ,1,100,-27
1858732.000,36195,3,MZ,1,100,-27
1858772.000,36195,3,MZ,1,100,-25
1858812.000,36210,2,MZ,1,100,-25
1858852.000,36210,2,MZ,1,100,-25
1858892.000,36227,3,MZ,1,100,-25
1858932.000,36227,3,MZ,1,100,-26
1858972.000,36227,3,MZ,1,100,-27
1859012.000,36244,2,MZ,1,100,-27
1859052.000,36244,2,MZ,1,100,-27
1859092.000,36260,3,MZ,1,100,-27
1859132.000,36260,3,MZ,1,100,-27
1859172.000,36260,3,MZ,1,100,-26
1859212.000,36275,3,MZ,1,100,-26
1859252.000,36275,3,MZ,1,100,-26
1859292.000,36275,3,MZ,1,100,-27
1859332.000,36292,2,MZ,1,100,-27
1859372.000,36292,2,MZ,1,100,-25
1859412.000,36309,3,MZ,1,100,-26
1859452.000,36309,3,MZ,1,100,-26
1859492.000,36309,3,MZ,1,100,-27
1859532.000,36325,2,MZ,1,100,-26
1859572.000,36325,2,MZ,1,100,-25
1859612.000,36342,3,MZ,1,100,-26
1859652.000,36342,3,MZ,1,100,-25
1859692.000,36342,3,MZ,1,100,-27
1859732.000,36357,2,MZ,1,100,-27
1859772.000,36357,2,MZ,1,100,-25
1859812.000,36374,3,MZ,1,100,-25
1859852.000,36374,3,MZ,1,100,-26
1859892.000,36374,3,MZ,1,100,-26
1859932.000,36391,2,MZ,1,100,-27
1859972.000,36391,2,MZ,1,100,-25
1860012.000,36408,3,MZ,1,100,-27
1860052.000,36408,3,MZ,1,100,-27
1860092.000,36408,3,MZ,1,100,-25
1860132.000,36422,2,MZ,1,100,-27
1860172.000,36422,2,MZ,1,100,-25
1860212.000,36440,3,MZ,1,100,-26
1860252.000,36440,3,MZ,1,100,-27
1860292.000,36440,3,MZ,1,100,-25
1860332.000,36456,3,MZ,1,100,-25
1860372.000,36456,3,MZ,1,100,-27
1860412.000,36456,3,MZ,1,100,-25
1860452.000,36473,2,MZ,1,100,-26
1860492.000,36473,2,MZ,1,100,-25
1860532.000,36487,3,MZ,1,100,-26
1860572.000,36487,3,MZ,1,100,-26
1860612.000,36487,3,MZ,1,100,-27
1860652.000,36505,2,MZ,1,100,-26
1860692.000,36505,2,MZ,1,100,-25
1860732.000,36521,3,MZ,1,100,-26
1860772.000,36521,3,MZ,1,100,-27
1860812.000,36521,3,MZ,1,100,-27
1860852.000,36538,2,MZ,1,100,-26
1860892.000,36538,2,MZ,1,100,-26
1860932.000,36553,3,MZ,1,100,-27
1860972.000,36553,3,MZ,1,100,-27
1861012.000,36553,3,MZ,1,100,-27
1861052.000,36570,2,MZ,1,100,-25
1861092.000,36570,2,MZ,1,100,-26
1861132.000,36586,3,MZ,1,100,-25
1861172.000,36586,3,MZ,1,100,-26
1861212.000,36586,3,MZ,1,100,-26
1861252.000,36604,2,MZ,1,100,-26
1861292.000,36604,2,MZ,1,100,-27
1861332.000,36620,3,MZ,1,100,-26
1861372.000,36620,3,MZ,1,100,-25
1861412.000,36620,3,MZ,1,100,-26
1861452.000,36637,2,MZ,1,100,-26
1861492.000,36637,2,MZ,1,100,-26
1861532.000,36653,3,MZ,1,100,-26
1861572.000,36653,3,MZ,1,100,-27
1861612.000,36653,3,MZ,1,100,-27
1861652.000,36671,3,MZ,1,100,-27
1861692.000,36671,3,MZ,1,100,-26
1861732.000,36671,3,MZ,1,100,-27
1861772.000,36686,2,MZ,1,100,-27
1861812.000,36686,2,MZ,1,100,-25
1861852.000,36702,3,MZ,1,100,-27
1861892.000,36702,3,MZ,1,100,-26
1861932.000,36702,3,MZ,1,100,-25
1861972.000,36719,2,MZ,1,100,-25
1862012.000,36719,2,MZ,1,100,-26
1862052.000,36739,4,MZ,1,100,-27
1862092.000,36739,4,MZ,1,100,-26
1862132.000,36739,4,MZ,1,100,-26
1862172.000,36739,4,MZ,1,100,-27
1862212.000,36755,2,MZ,1,100,-25
1862252.000,36755,2,MZ,1,100,-27
1862292.000,36773,3,MZ,1,100,-26
1862332.000,36773,3,MZ,1,100,-26
1862372.000,36773,3,MZ,1,100,-26
1862412.000,36787,2,MZ,1,100,-26
1862452.000,36787,2,MZ,1,100,-26
1862492.000,36804,3,MZ,1,100,-27
1862532.000,36804,3,MZ,1,100,-27
1862572.000,36804,3,MZ,1,100,-27
1862612.000,36821,2,MZ,1,100,-27
1862652.000,36821,2,MZ,1,100,-25
1862692.000,36838,3,MZ,1,100,-25
1862732.000,36838,3,MZ,1,100,-25
1862772.000,36838,3,MZ,1,100,-27
1862812.000,36852,2,MZ,1,100,-26
1862852.000,36852,2,MZ,1,100,-25
1862892.000,36870,3,MZ,1,100,-26
1862932.000,36870,3,MZ,1,100,-25
1862972.000,36870,3,MZ,1,100,-26
1863012.000,36886,3,MZ,1,100,-27
1863052.000,36886,3,MZ,1,100,-27
1863092.000,36886,3,MZ,1,100,-26
1863132.000,36903,2,MZ,1,100,-26
1863172.000,36903,2,MZ,1,100,-25
1863212.000,36917,3,MZ,1,100,-26
1863252.000,36917,3,MZ,1,100,-26
1863292.000,36917,3,MZ,1,100,-26
1863332.000,36935,2,MZ,1,100,-27
1863372.000,36935,2,MZ,1,100,-27
1863412.000,36951,3,MZ,1,100,-26
1863452.000,36951,3,MZ,1,100,-26
1863492.000,36951,3,MZ,1,100,-28
1863532.000,36968,2,MZ,1,100,-26
1863572.000,36968,2,MZ,1,100,-25
1863612.000,36984,3,MZ,1,100,-27
1863652.000,36984,3,MZ,1,100,-25
1863692.000,36984,3,MZ,1,100,-27
1863732.000,37000,2,MZ,1,100,-26
1863772.000,37000,2,MZ,1,100,-26
1863812.000,37016,3,MZ,1,100,-25
1863852.000,37016,3,MZ,1,100,-26
1863892.000,37016,3,MZ,1,100,-26
1863932.000,37034,2,MZ,1,100,-26
1863972.000,37034,2,MZ,1,100,-25
1864012.000,37050,3,MZ,1,100,-27
1864052.000,37050,3,MZ,1,100,-27
1864092.000,37050,3,MZ,1,100,-25
1864132.000,37065,2,MZ,1,100,-26
1864172.000,37065,2,MZ,1,100,-26
1864212.000,37082,3,MZ,1,100,-27
1864252.000,37082,3,MZ,1,100,-25
1864292.000,37082,3,MZ,1,100,-25
1864332.000,37099,3,MZ,1,100,-26
1864372.000,37099,3,MZ,1,100,-27
1864412.000,37099,3,MZ,1,100,-26
1864452.000,37115,2,MZ,1,100,-27
1864492.000,37115,2,MZ,1,100,-27
1864532.000,37130,3,MZ,1,100,-26
1864572.000,37130,3,MZ,1,100,-26
1864612.000,37130,3,MZ,1,100,-26
1864652.000,37147,2,MZ,1,100,-26
1864692.000,37147,2,MZ,1,100,-25
1864732.000,37164,3,MZ,1,100,-27
1864772.000,37164,3,MZ,1,100,-26
1864812.000,37164,3,MZ,1,100,-26
1864852.000,37180,2,MZ,1,100,-25
1864892.000,37180,2,MZ,1,100,-26
1864932.000,37196,3,MZ,1,100,-25
1864972.000,37196,3,MZ,1,100,-26
1865012.000,37196,3,MZ,1,100,-26
1865052.000,37212,2,MZ,1,100,-24
1865092.000,37212,2,MZ,1,100,-27
1865132.000,37229,3,MZ,1,100,-26
1865172.000,37229,3,MZ,1,100,-25
1865212.000,37229,3,MZ,1,100,-26
1865252.000,37246,2,MZ,1,100,-25
1865292.000,37246,2,MZ,1,100,-27
1865332.000,37261,3,MZ,1,100,-27
1865372.000,37261,3,MZ,1,100,-26
1865412.000,37261,3,MZ,1,100,-26
1865452.000,37277,3,MZ,1,100,-25
1865492.000,37277,3,MZ,1,100,-25
1865532.000,37277,3,MZ,1,100,-26
1865572.000,37294,2,MZ,1,100,-27
1865612.000,37294,2,MZ,1,100,-26
1865652.000,37311,3,MZ,1,100,-27
1865692.000,37311,3,MZ,1,100,-26
1865732.000,37311,3,MZ,1,100,-25
1865772.000,37327,2,MZ,1,100,-26
1865812.000,37327,2,MZ,1,100,-27
1865852.000,37342,3,MZ,1,100,-27
1865892.000,37342,3,MZ,1,100,-26
1865932.000,37342,3,MZ,1,100,-27
1865972.000,37360,2,MZ,1,100,-26
1866012.000,37360,2,MZ,1,100,-26
1866052.000,37376,3,MZ,1,100,-26
1866092.000,37376,3,MZ,1,100,-25
1866132.000,37376,3,MZ,1,100,-27
1866171.750,37394,4,MZ,1,100,-27
1866211.500,37394,4,MZ,1,100,-25
1866251.250,37394,4,MZ,1,100,-26
1866291.000,37394,4,MZ,1,100,-27
1866331.333,37412,3,MZ,1,100,-26
1866371.667,37412,3,MZ,1,100,-27
1866412.000,37412,3,MZ,1,100,-26
1866452.000,37429,2,MZ,1,100,-27
1866492.000,37429,2,MZ,1,100,-25
1866532.000,37443,3,MZ,1,100,-26
1866572.000,37443,3,MZ,1,100,-27
1866612.000,37443,3,MZ,1,100,-26
1866652.000,37461,2,MZ,1,100,-26
1866692.000,37461,2,MZ,1,100,-26
1866732.000,37477,3,MZ,1,100,-26
1866772.000,37477,3,MZ,1,100,-26
1866812.000,37477,3,MZ,1,100,-26
1866852.000,37494,3,MZ,1,100,-26
1866892.000,37494,3,MZ,1,100,-25
1866932.000,37494,3,MZ,1,100,-26
1866972.000,37510,2,MZ,1,100,-26
1867012.000,37510,2,MZ,1,100,-26
1867052.000,37526,3,MZ,1,100,-25
1867092.000,37526,3,MZ,1,100,-26
1867132.000,37526,3,MZ,1,100,-25
1867171.750,37549,4,MZ,1,100,-26
1867211.500,37549,4,MZ,1,100,-27
1867251.250,37549,4,MZ,1,100,-26
1867291.000,37549,4,MZ,1,100,-25
1867331.000,37567,2,MZ,1,100,-27
1867371.000,37567,2,MZ,1,100,-26
1867411.000,37583,3,MZ,1,100,-26
1867451.000,37583,3,MZ,1,100,-26
1867491.000,37583,3,MZ,1,100,-26
1867531.000,37600,2,MZ,1,100,-26
1867571.000,37600,2,MZ,1,100,-27
1867611.000,37616,3,MZ,1,100,-26
1867651.000,37616,3,MZ,1,100,-27
1867691.000,37616,3,MZ,1,100,-27
1867731.000,37632,2,MZ,1,100,-26
1867771.000,37632,2,MZ,1,100,-27
1867811.333,37648,3,MZ,1,100,-25
1867851.667,37648,3,MZ,1,100,-26
1867892.000,37648,3,MZ,1,100,-27
1867931.500,37666,2,MZ,1,100,-25
1867971.000,37666,2,MZ,1,100,-27
1868011.333,37681,3,MZ,1,100,-26
1868051.667,37681,3,MZ,1,100,-27
1868092.000,37681,3,MZ,1,100,-27
1868131.500,37697,2,MZ,1,100,-26
1868171.000,37697,2,MZ,1,100,-27
1868211.000,37714,3,MZ,1,100,-27
1868251.000,37714,3,MZ,1,100,-27
1868291.000,37714,3,MZ,1,100,-26
1868331.500,37731,2,MZ,1,100,-26
1868372.000,37731,2,MZ,1,100,-26
1868411.667,37747,3,MZ,1,100,-26
1868451.333,37747,3,MZ,1,100,-26
1868491.000,37747,3,MZ,1,100,-26
1868531.000,37765,3,MZ,1,100,-26
1868571.000,37765,3,MZ,1,100,-25
1868611.000,37765,3,MZ,1,100,-27
1868651.000,37779,3,MZ,1,100,-25
1868691.000,37779,3,MZ,1,100,-27
1868731.000,37779,3,MZ,1,100,-25
1868771.000,37796,2,MZ,1,100,-27
1868811.000,37796,2,MZ,1,100,-26
1868851.000,37812,3,MZ,1,100,-25
1868891.000,37812,3,MZ,1,100,-25
1868931.000,37812,3,MZ,1,100,-26
1868971.000,37830,2,MZ,1,100,-27
1869011.000,37830,2,MZ,1,100,-27
1869051.000,37844,3,MZ,1,100,-27
1869091.000,37844,3,MZ,1,100,-26
1869131.000,37844,3,MZ,1,100,-27
1869171.000,37861,3,MZ,1,100,-27
1869211.000,37861,3,MZ,1,100,-27
1869251.000,37861,3,MZ,1,100,-26
1869291.000,37878,2,MZ,1,100,-26
1869331.000,37878,2,MZ,1,100,-25
1869371.333,37895,3,MZ,1,100,-25
1869411.667,37895,3,MZ,1,100,-26
1869452.000,37895,3,MZ,1,100,-26
1869491.500,37909,2,MZ,1,100,-25
1869531.000,37909,2,MZ,1,100,-27
1869571.000,37927,3,MZ,1,100,-25
1869611.000,37927,3,MZ,1,100,-27
1869651.000,37927,3,MZ,1,100,-27
1869691.000,37943,2,MZ,1,100,-26
1869731.000,37943,2,MZ,1,100,-24
1869771.000,37960,3,MZ,1,100,-26
1869811.000,37960,3,MZ,1,100,-27
1869851.000,37960,3,MZ,1,100,-27
1869891.000,37974,2,MZ,1,100,-27
1869931.000,37974,2,MZ,1,100,-26
1869971.000,37992,3,MZ,1,100,-25
1870011.000,37992,3,MZ,1,100,-27
1870051.000,37992,3,MZ,1,100,-26
1870091.000,38008,2,MZ,1,100,-26
1870131.000,38008,2,MZ,1,100,-25
1870171.000,38025,3,MZ,1,100,-26
1870211.000,38025,3,MZ,1,100,-26
1870251.000,38025,3,MZ,1,100,-25
1870291.000,38041,2,MZ,1,100,-25
1870331.000,38041,2,MZ,1,100,-27
1870371.000,38057,3,MZ,1,100,-26
1870411.000,38057,3,MZ,1,100,-25
1870451.000,38057,3,MZ,1,100,-26
1870491.000,38073,2,MZ,1,100,-26
1870531.000,38073,2,MZ,1,100,-27
1870571.000,38091,3,MZ,1,100,-27
1870611.000,38091,3,MZ,1,100,-25
1870651.000,38091,3,MZ,1,100,-26
1870691.000,38107,3,MZ,1,100,-26
1870731.000,38107,3,MZ,1,100,-26
1870771.000,38107,3,MZ,1,100,-27
1870811.000,38122,3,MZ,1,100,-27
1870851.000,38122,3,MZ,1,100,-26
1870891.000,38122,3,MZ,1,100,-26
1870931.000,38139,2,MZ,1,100,-27
1870971.000,38139,2,MZ,1,100,-26
1871011.000,38156,3,MZ,1,100,-26
1871051.000,38156,3,MZ,1,100,-27
1871091.000,38156,3,MZ,1,100,-26
1871131.000,38172,2,MZ,1,100,-26
1871171.000,38172,2,MZ,1,100,-27
1871211.000,38188,3,MZ,1,100,-27
1871251.000,38188,3,MZ,1,100,-26
1871291.000,38188,3,MZ,1,100,-26
1871331.000,38206,2,MZ,1,100,-25
1871371.000,38206,2,MZ,1,100,-26
1871411.000,38223,3,MZ,1,100,-27
1871451.000,38223,3,MZ,1,100,-27
1871491.000,38223,3,MZ,1,100,-26
1871531.000,38239,2,MZ,1,100,-27
1871571.000,38239,2,MZ,1,100,-25
1871611.000,38257,3,MZ,1,100,-27
1871651.000,38257,3,MZ,1,100,-26
1871691.000,38257,3,MZ,1,100,-26
1871731.000,38271,2,MZ,1,100,-26
1871771.000,38271,2,MZ,1,100,-26
1871811.000,38288,3,MZ,1,100,-26
1871851.000,38288,3,MZ,1,100,-27
1871891.000,38288,3,MZ,1,100,-25
1871931.000,38305,2,MZ,1,100,-26
1871971.000,38305,2,MZ,1,100,-26
1872011.000,38322,3,MZ,1,100,-26
1872051.000,38322,3,MZ,1,100,-27
1872091.000,38322,3,MZ,1,100,-27
1872131.000,38336,3,MZ,1,100,-25
1872171.000,38336,3,MZ,1,100,-25
1872211.000,38336,3,MZ,1,100,-26
1872251.000,38359,4,MZ,1,100,-26
1872291.000,38359,4,MZ,1,100,-26
1872331.000,38359,4,MZ,1,100,-26
1872371.000,38359,4,MZ,1,100,-26
1872411.000,38375,3,MZ,1,100,-26
1872451.000,38375,3,MZ,1,100,-27
1872491.000,38375,3,MZ,1,100,-26
1872531.000,38390,2,MZ,1,100,-26
1872571.000,38390,2,MZ,1,100,-26
1872611.000,38408,3,MZ,1,100,-26
1872651.000,38408,3,MZ,1,100,-27
1872691.000,38408,3,MZ,1,100,-27
1872731.000,38424,2,MZ,1,100,-25
1872771.000,38424,2,MZ,1,100,-26
1872811.000,38441,3,MZ,1,100,-25
1872851.000,38441,3,MZ,1,100,-26
1872891.000,38441,3,MZ,1,100,-27
1872931.000,38458,3,MZ,1,100,-26
1872971.000,38458,3,MZ,1,100,-28
1873011.000,38458,3,MZ,1,100,-27
1873051.000,38473,3,MZ,1,100,-27
1873091.000,38473,3,MZ,1,100,-27
1873131.000,38473,3,MZ,1,100,-27
1873171.000,38489,2,MZ,1,100,-27
1873211.000,38489,2,MZ,1,100,-26
1873251.000,38507,3,MZ,1,100,-26
1873291.000,38507,3,MZ,1,100,-25
1873331.000,38507,3,MZ,1,100,-27
1873371.000,38523,2,MZ,1,100,-27
1873411.000,38523,2,MZ,1,100,-26
1873451.000,38538,3,MZ,1,100,-26
1873491.000,38538,3,MZ,1,100,-27
1873531.000,38538,3,MZ,1,100,-26
1873571.000,38555,2,MZ,1,100,-25
1873611.000,38555,2,MZ,1,100,-26
1873651.000,38572,3,MZ,1,100,-27
1873691.000,38572,3,MZ,1,100,-25
1873731.000,38572,3,MZ,1,100,-26
1873771.000,38588,2,MZ,1,100,-27
1873811.000,38588,2,MZ,1,100,-27
1873851.000,38603,3,MZ,1,100,-27
1873891.000,38603,3,MZ,1,100,-27
1873931.000,38603,3,MZ,1,100,-25
1873971.000,38620,3,MZ,1,100,-25
1874011.000,38620,3,MZ,1,100,-27
1874051.000,38620,3,MZ,1,100,-27
1874091.000,38637,2,MZ,1,100,-27
1874131.000,38637,2,MZ,1,100,-26
1874171.000,38653,3,MZ,1,100,-26
1874211.000,38653,3,MZ,1,100,-26
1874251.000,38653,3,MZ,1,100,-26
1874291.000,38669,2,MZ,1,100,-26
1874331.000,38669,2,MZ,1,100,-26
1874371.000,38685,3,MZ,1,100,-26
1874411.000,38685,3,MZ,1,100,-26
1874451.000,38685,3,MZ,1,100,-26
1874491.000,38702,2,MZ,1,100,-27
1874531.000,38702,2,MZ,1,100,-26
1874571.000,38719,3,MZ,1,100,-26
1874611.000,38719,3,MZ,1,100,-25
1874651.000,38719,3,MZ,1,100,-26
1874691.000,38734,2,MZ,1,100,-27
1874731.000,38734,2,MZ,1,100,-26
1874771.000,38750,3,MZ,1,100,-26
1874811.000,38750,3,MZ,1,100,-26
1874851.000,38750,3,MZ,1,100,-27
1874891.000,38767,2,MZ,1,100,-27
1874931.000,38767,2,MZ,1,100,-26
1874971.000,38784,3,MZ,1,100,-27
1875011.000,38784,3,MZ,1,100,-27
1875051.000,38784,3,MZ,1,100,-27
1875091.000,38800,2,MZ,1,100,-26
1875131.000,38800,2,MZ,1,100,-27
1875171.000,38815,3,MZ,1,100,-25
1875211.000,38815,3,MZ,1,100,-25
1875251.000,38815,3,MZ,1,100,-26
1875291.000,38833,3,MZ,1,100,-27
1875331.000,38833,3,MZ,1,100,-27
1875371.000,38833,3,MZ,1,100,-27
1875411.000,38849,3,MZ,1,100,-26
1875451.000,38849,3,MZ,1,100,-26
1875491.000,38849,3,MZ,1,100,-27
1875531.000,38866,2,MZ,1,100,-27
1875571.000,38866,2,MZ,1,100,-27
1875611.000,38882,3,MZ,1,100,-26
1875651.000,38882,3,MZ,1,100,-26
1875691.000,38882,3,MZ,1,100,-27
1875731.000,38898,2,MZ,1,100,-25
1875771.000,38898,2,MZ,1,100,-26
1875811.000,38914,3,MZ,1,100,-27
1875851.000,38914,3,MZ,1,100,-26
1875891.000,38914,3,MZ,1,100,-26
1875931.000,38932,2,MZ,1,100,-27
1875971.000,38932,2,MZ,1,100,-27
1876011.000,38948,3,MZ,1,100,-26
1876051.000,38948,3,MZ,1,100,-26
1876091.000,38948,3,MZ,1,100,-27
1876131.000,38963,2,MZ,1,100,-25
1876171.000,38963,2,MZ,1,100,-27
1876211.000,38980,3,MZ,1,100,-26
1876251.000,38980,3,MZ,1,100,-27
1876291.000,38980,3,MZ,1,100,-26
1876331.000,38999,2,MZ,1,100,-25
1876371.000,38999,2,MZ,1,100,-25
1876411.000,39015,3,MZ,1,100,-26
1876451.000,39015,3,MZ,1,100,-26
1876491.000,39015,3,MZ,1,100,-26
1876531.000,39030,3,MZ,1,100,-26
1876571.000,39030,3,MZ,1,100,-27
1876611.000,39030,3,MZ,1,100,-27
1876651.000,39047,2,MZ,1,100,-26
1876691.000,39047,2,MZ,1,100,-27
1876731.000,39064,3,MZ,1,100,-27
1876771.000,39064,3,MZ,1,100,-26
1876811.000,39064,3,MZ,1,100,-27
1876851.000,39080,2,MZ,1,100,-26
1876891.000,39080,2,MZ,1,100,-25
1876931.000,39096,3,MZ,1,100,-26
1876971.000,39096,3,MZ,1,100,-26
1877011.000,39096,3,MZ,1,100,-27
1877051.000,39112,2,MZ,1,100,-25
1877091.000,39112,2,MZ,1,100,-25
1877131.000,39129,3,MZ,1,100,-26
1877171.000,39129,3,MZ,1,100,-26
1877211.000,39129,3,MZ,1,100,-26
1877250.667,39146,3,MZ,1,100,-25
1877290.333,39146,3,MZ,1,100,-26
1877330.000,39146,3,MZ,1,100,-25
1877370.000,39168,4,MZ,1,100,-26
1877410.000,39168,4,MZ,1,100,-26
1877450.000,39168,4,MZ,1,100,-28
1877490.000,39168,4,MZ,1,100,-27
1877530.000,39184,3,MZ,1,100,-27
1877570.000,39184,3,MZ,1,100,-27
1877610.000,39184,3,MZ,1,100,-25
1877650.000,39202,3,MZ,1,100,-26
1877690.000,39202,3,MZ,1,100,-26
1877730.000,39202,3,MZ,1,100,-27
1877770.500,39218,2,MZ,1,100,-26
1877811.000,39218,2,MZ,1,100,-26
1877851.000,39233,3,MZ,1,100,-26
1877891.000,39233,3,MZ,1,100,-27
1877931.000,39233,3,MZ,1,100,-26
1877971.000,39250,2,MZ,1,100,-27
1878011.000,39250,2,MZ,1,100,-25
1878051.000,39267,3,MZ,1,100,-26
1878091.000,39267,3,MZ,1,100,-27
1878131.000,39267,3,MZ,1,100,-27
1878170.500,39283,2,MZ,1,100,-27
1878210.000,39283,2,MZ,1,100,-26
1878250.000,39299,3,MZ,1,100,-26
1878290.000,39299,3,MZ,1,100,-26
1878330.000,39299,3,MZ,1,100,-25
1878370.000,39315,3,MZ,1,100,-27
1878410.000,39315,3,MZ,1,100,-26
1878450.000,39315,3,MZ,1,100,-27
1878490.000,39332,2,MZ,1,100,-26
1878530.000,39332,2,MZ,1,100,-26
1878570.000,39349,3,MZ,1,100,-26
1878610.000,39349,3,MZ,1,100,-27
1878650.000,39349,3,MZ,1,100,-27
1878690.000,39364,2,MZ,1,100,-27
1878730.000,39364,2,MZ,1,100,-27
1878770.000,39380,3,MZ,1,100,-27
1878810.000,39380,3,MZ,1,100,-27
1878850.000,39380,3,MZ,1,100,-26
1878890.000,39397,2,MZ,1,100,-26
1878930.000,39397,2,MZ,1,100,-27
1878970.000,39414,3,MZ,1,100,-27
1879010.000,39414,3,MZ,1,100,-26
1879050.000,39414,3,MZ,1,100,-27
1879090.000,39429,2,MZ,1,100,-27
1879130.000,39429,2,MZ,1,100,-26
1879170.000,39445,3,MZ,1,100,-27
1879210.000,39445,3,MZ,1,100,-27
1879250.000,39445,3,MZ,1,100,-25
1879290.000,39463,2,MZ,1,100,-26
1879330.000,39463,2,MZ,1,100,-26
1879370.000,39479,3,MZ,1,100,-27
1879410.000,39479,3,MZ,1,100,-26
1879450.000,39479,3,MZ,1,100,-27
1879490.000,39495,2,MZ,1,100,-26
1879530.000,39495,2,MZ,1,100,-26
1879570.000,39511,3,MZ,1,100,-26
1879610.000,39511,3,MZ,1,100,-27
1879650.000,39511,3,MZ,1,100,-26
1879690.000,39528,2,MZ,1,100,-26
1879730.000,39528,2,MZ,1,100,-26
1879770.000,39544,3,MZ,1,100,-26
1879810.000,39544,3,MZ,1,100,-27
1879850.000,39544,3,MZ,1,100,-26
1879890.000,39562,3,MZ,1,100,-26
1879930.000,39562,3,MZ,1,100,-27
1879970.000,39562,3,MZ,1,100,-27
1880010.000,39576,2,MZ,1,100,-26
1880050.000,39576,2,MZ,1,100,-27
1880090.000,39593,3,MZ,1,100,-25
1880130.000,39593,3,MZ,1,100,-25
1880170.000,39593,3,MZ,1,100,-26
1880210.000,39609,3,MZ,1,100,-27
1880250.000,39609,3,MZ,1,100,-25
1880290.000,39609,3,MZ,1,100,-25
1880330.000,39627,2,MZ,1,100,-25
1880370.000,39627,2,MZ,1,100,-27
1880410.000,39641,3,MZ,1,100,-26
1880450.000,39641,3,MZ,1,100,-26
1880490.000,39641,3,MZ,1,100,-27
1880530.000,39658,2,MZ,1,100,-27
1880570.000,39658,2,MZ,1,100,-27
1880610.000,39675,3,MZ,1,100,-26
1880650.000,39675,3,MZ,1,100,-27
1880690.000,39675,3,MZ,1,100,-28
1880730.000,39692,2,MZ,1,100,-25
1880770.000,39692,2,MZ,1,100,-26
1880810.000,39707,3,MZ,1,100,-25
1880850.000,39707,3,MZ,1,100,-26
1880890.000,39707,3,MZ,1,100,-27
1880930.000,39724,2,MZ,1,100,-26
1880970.000,39724,2,MZ,1,100,-25
1881010.000,39740,3,MZ,1,100,-26
1881050.000,39740,3,MZ,1,100,-26
1881090.000,39740,3,MZ,1,100,-26
1881130.000,39757,2,MZ,1,100,-26
1881170.000,39757,2,MZ,1,100,-25
1881210.000,39774,3,MZ,1,100,-26
1881250.000,39774,3,MZ,1,100,-26
1881290.000,39774,3,MZ,1,100,-26
1881330.500,39791,2,MZ,1,100,-27
1881371.000,39791,2,MZ,1,100,-27
1881410.667,39807,3,MZ,1,100,-27
1881450.333,39807,3,MZ,1,100,-26
1881490.000,39807,3,MZ,1,100,-27
1881530.333,39824,3,MZ,1,100,-27
1881570.667,39824,3,MZ,1,100,-27
1881611.000,39824,3,MZ,1,100,-27
1881651.000,39841,2,MZ,1,100,-27
1881691.000,39841,2,MZ,1,100,-26
1881731.000,39856,3,MZ,1,100,-27
1881771.000,39856,3,MZ,1,100,-27
1881811.000,39856,3,MZ,1,100,-27
1881851.000,39872,2,MZ,1,100,-25
1881891.000,39872,2,MZ,1,100,-26
1881931.000,39890,5,MZ,1,100,-26
1881971.000,39890,5,MZ,1,100,-27
1882011.000,39890,5,MZ,1,100,-26
1882051.000,39890,5,MZ,1,100,-27
1882091.000,39890,5,MZ,1,100,-27
1882131.000,39906,4,MZ,1,100,-26
1882171.000,39906,4,MZ,1,100,-27
1882211.000,39906,4,MZ,1,100,-27
1882251.000,39906,4,MZ,1,100,-27
1882291.000,39924,5,MZ,1,100,-26
1882331.000,39924,5,MZ,1,100,-25
1882371.000,39924,5,MZ,1,100,-26
1882411.000,39924,5,MZ,1,100,-27
1882451.000,39924,5,MZ,1,100,-27
1882491.000,39947,6,MZ,1,100,-26
1882531.000,39947,6,MZ,1,100,-27
1882571.000,39947,6,MZ,1,100,-27
1882611.000,39947,6,MZ,1,100,-25
1882651.000,39947,6,MZ,1,100,-27
1882691.000,39947,6,MZ,1,100,-25
1882731.000,39963,3,MZ,1,100,-25
1882771.000,39963,3,MZ,1,100,-27
1882811.000,39963,3,MZ,1,100,-27
1882851.000,39980,2,MZ,1,100,-26
1882891.000,39980,2,MZ,1,100,-25
1882931.000,39995,3,MZ,1,100,-26
1882971.000,39995,3,MZ,1,100,-26
1883011.000,39995,3,MZ,1,100,-27
1883051.000,40012,2,MZ,1,100,-25
1883091.000,40012,2,MZ,1,100,-26
1883131.000,40028,3,MZ,1,100,-27
1883171.000,40028,3,MZ,1,100,-25
1883211.000,40028,3,MZ,1,100,-26
1883251.000,40046,2,MZ,1,100,-26
1883291.000,40046,2,MZ,1,100,-26
1883331.000,40061,3,MZ,1,100,-26
1883371.000,40061,3,MZ,1,100,-25
1883411.000,40061,3,MZ,1,100,-25
1883451.000,40077,3,MZ,1,100,-27
1883491.000,40077,3,MZ,1,100,-25
1883531.000,40077,3,MZ,1,100,-27
1883571.000,40093,2,MZ,1,100,-26
1883611.000,40093,2,MZ,1,100,-26
1883651.000,40111,3,MZ,1,100,-25
1883691.000,40111,3,MZ,1,100,-26
1883731.000,40111,3,MZ,1,100,-25
1883771.000,40127,2,MZ,1,100,-26
1883811.000,40127,2,MZ,1,100,-27
1883851.000,40142,3,MZ,1,100,-26
1883891.000,40142,3,MZ,1,100,-27
1883931.000,40142,3,MZ,1,100,-25
1883971.000,40159,2,MZ,1,100,-27
1884011.000,40159,2,MZ,1,100,-27
1884051.000,40176,3,MZ,1,100,-27
1884091.000,40176,3,MZ,1,100,-26
1884131.000,40176,3,MZ,1,100,-27
1884171.000,40192,2,MZ,1,100,-25
1884211.000,40192,2,MZ,1,100,-26
1884251.000,40208,3,MZ,1,100,-26
1884291.000,40208,3,MZ,1,100,-27
1884331.000,40208,3,MZ,1,100,-26
1884371.000,40224,2,MZ,1,100,-26
1884411.000,40224,2,MZ,1,100,-26
1884450.667,40241,3,MZ,1,100,-26
1884490.333,40241,3,MZ,1,100,-28
1884530.000,40241,3,MZ,1,100,-27
1884570.500,40258,2,MZ,1,100,-25
1884611.000,40258,2,MZ,1,100,-27
1884650.667,40273,3,MZ,1,100,-27
1884690.333,40273,3,MZ,1,100,-26
1884730.000,40273,3,MZ,1,100,-27
1884770.000,40289,3,MZ,1,100,-27
1884810.000,40289,3,MZ,1,100,-26
1884850.000,40289,3,MZ,1,100,-25
1884890.000,40306,2,MZ,1,100,-26
1884930.000,40306,2,MZ,1,100,-27
1884970.000,40323,3,MZ,1,100,-26
1885010.000,40323,3,MZ,1,100,-27
1885050.000,40323,3,MZ,1,100,-26
1885090.000,40338,2,MZ,1,100,-26
1885130.000,40338,2,MZ,1,100,-27
1885170.000,40354,3,MZ,1,100,-27
1885210.000,40354,3,MZ,1,100,-27
1885250.000,40354,3,MZ,1,100,-27
1885290.000,40372,2,MZ,1,100,-26
1885330.000,40372,2,MZ,1,100,-27
1885370.000,40388,3,MZ,1,100,-27
1885410.000,40388,3,MZ,1,100,-25
1885450.000,40388,3,MZ,1,100,-27
1885490.000,40404,2,MZ,1,100,-25
1885530.000,40404,2,MZ,1,100,-26
1885570.000,40420,3,MZ,1,100,-26
1885610.000,40420,3,MZ,1,100,-26
1885650.000,40420,3,MZ,1,100,-25
1885690.000,40437,2,MZ,1,100,-27
1885730.000,40437,2,MZ,1,100,-27
1885770.000,40453,3,MZ,1,100,-26
1885810.000,40453,3,MZ,1,100,-25
1885850.000,40453,3,MZ,1,100,-26
1885890.000,40469,2,MZ,1,100,-26
1885930.000,40469,2,MZ,1,100,-25
1885970.000,40485,3,MZ,1,100,-25
1886010.000,40485,3,MZ,1,100,-27
1886050.000,40485,3,MZ,1,100,-26
1886090.000,40502,3,MZ,1,100,-26
1886130.000,40502,3,MZ,1,100,-25
1886170.000,40502,3,MZ,1,100,-26
1886210.000,40518,2,MZ,1,100,-26
1886250.000,40518,2,MZ,1,100,-25
1886290.000,40538,3,MZ,1,100,-26
1886330.000,40538,3,MZ,1,100,-25
1886370.000,40538,3,MZ,1,100,-27
1886410.000,40552,2,MZ,1,100,-26
1886450.000,40552,2,MZ,1,100,-26
1886490.000,40569,3,MZ,1,100,-27
1886530.000,40569,3,MZ,1,100,-25
1886570.000,40569,3,MZ,1,100,-27
1886610.000,40586,2,MZ,1,100,-27
1886650.000,40586,2,MZ,1,100,-27
1886690.000,40603,3,MZ,1,100,-28
1886730.000,40603,3,MZ,1,100,-27
1886770.000,40603,3,MZ,1,100,-29
1886810.000,40617,2,MZ,1,100,-29
1886850.000,40617,2,MZ,1,100,-28
1886890.000,40635,3,MZ,1,100,-27
1886930.000,40635,3,MZ,1,100,-29
1886970.000,40635,3,MZ,1,100,-27
1887010.000,40651,2,MZ,1,100,-27
1887050.000,40651,2,MZ,1,100,-27
1887090.000,40668,3,MZ,1,100,-27
1887130.000,40668,3,MZ,1,100,-27
1887170.000,40668,3,MZ,1,100,-27
1887210.000,40682,2,MZ,1,100,-27
1887250.000,40682,2,MZ,1,100,-27
1887290.000,40700,3,MZ,1,100,-29
1887330.000,40700,3,MZ,1,100,-27
1887370.000,40700,3,MZ,1,100,-27
1887410.000,40716,3,MZ,1,100,-27
1887450.000,40716,3,MZ,1,100,-28
1887490.000,40716,3,MZ,1,100,-28
1887530.000,40733,2,MZ,1,100,-27
1887570.000,40733,2,MZ,1,100,-27
1887610.000,40748,3,MZ,1,100,-28
1887650.000,40748,3,MZ,1,100,-27
1887690.000,40748,3,MZ,1,100,-28
1887730.000,40769,3,MZ,1,100,-27
1887770.000,40769,3,MZ,1,100,-28
1887810.000,40769,3,MZ,1,100,-26
1887850.000,40783,3,MZ,1,100,-27
1887890.000,40783,3,MZ,1,100,-28
1887930.000,40783,3,MZ,1,100,-28
1887970.000,40801,2,MZ,1,100,-27
1888010.000,40801,2,MZ,1,100,-28
1888050.000,40817,3,MZ,1,100,-29
1888090.000,40817,3,MZ,1,100,-28
1888130.000,40817,3,MZ,1,100,-27
1888170.000,40834,3,MZ,1,100,-28
1888210.000,40834,3,MZ,1,100,-27
1888250.000,40834,3,MZ,1,100,-27
1888290.000,40849,2,MZ,1,100,-27
1888330.000,40849,2,MZ,1,100,-27
1888370.000,40866,3,MZ,1,100,-27
1888410.000,40866,3,MZ,1,100,-27
1888450.000,40866,3,MZ,1,100,-28
1888490.000,40882,2,MZ,1,100,-29
1888530.000,40882,2,MZ,1,100,-27
1888570.000,40900,3,MZ,1,100,-27
1888610.000,40900,3,MZ,1,100,-27
1888650.000,40900,3,MZ,1,100,-29
1888696.500,40914,2,MZ,1,100,-28
1888743.000,40914,2,MZ,1,100,-29
1888778.667,40931,3,MZ,1,100,-27
1888814.333,40931,3,MZ,1,100,-27
1888850.000,40931,3,MZ,1,100,-27
1888896.500,40947,2,MZ,1,100,-28
1888943.000,40947,2,MZ,1,100,-27
1888983.000,40965,3,MZ,1,100,-27
1889023.000,40965,3,MZ,1,100,-27
1889063.000,40965,3,MZ,1,100,-28
1889103.000,40980,2,MZ,1,100,-28
1889143.000,40980,2,MZ,1,100,-27
1889183.000,40996,3,MZ,1,100,-28
1889223.000,40996,3,MZ,1,100,-27
1889263.000,40996,3,MZ,1,100,-27
1889303.000,41013,2,MZ,1,100,-27
1889343.000,41013,2,MZ,1,100,-27
1889383.000,41030,3,MZ,1,100,-27
1889423.000,41030,3,MZ,1,100,-27
1889463.000,41030,3,MZ,1,100,-27
1889503.000,41045,2,MZ,1,100,-28
1889543.000,41045,2,MZ,1,100,-27
1889583.000,41062,3,MZ,1,100,-27
1889623.000,41062,3,MZ,1,100,-28
1889663.000,41062,3,MZ,1,100,-28
1889703.000,41078,2,MZ,1,100,-29
1889743.000,41078,2,MZ,1,100,-28
1889783.000,41095,3,MZ,1,100,-27
1889823.000,41095,3,MZ,1,100,-27
1889863.000,41095,3,MZ,1,100,-27
1889903.000,41112,2,MZ,1,100,-28
1889943.000,41112,2,MZ,1,100,-28
1889983.000,41127,3,MZ,1,100,-28
1890023.000,41127,3,MZ,1,100,-28
1890063.000,41127,3,MZ,1,100,-26
1890103.000,41143,2,MZ,1,100,-28
1890143.000,41143,2,MZ,1,100,-27
1890183.000,41160,3,MZ,1,100,-28
1890223.000,41160,3,MZ,1,100,-27
1890263.000,41160,3,MZ,1,100,-27
1890302.500,41177,2,MZ,1,100,-27
1890342.000,41177,2,MZ,1,100,-28
1890382.333,41192,3,MZ,1,100,-27
1890422.667,41192,3,MZ,1,100,-28
1890463.000,41192,3,MZ,1,100,-29
1890503.000,41208,3,MZ,1,100,-27
1890543.000,41208,3,MZ,1,100,-27
1890583.000,41208,3,MZ,1,100,-28
1890623.000,41226,2,MZ,1,100,-28
1890663.000,41226,2,MZ,1,100,-27
1890703.000,41242,3,MZ,1,100,-28
1890743.000,41242,3,MZ,1,100,-28
1890783.000,41242,3,MZ,1,100,-28
1890823.000,41257,2,MZ,1,100,-27
1890863.000,41257,2,MZ,1,100,-28
1890902.667,41274,3,MZ,1,100,-27
1890942.333,41274,3,MZ,1,100,-29
1890982.000,41274,3,MZ,1,100,-28
1891022.000,41291,2,MZ,1,100,-28
1891062.000,41291,2,MZ,1,100,-27
1891102.000,41307,3,MZ,1,100,-27
1891142.000,41307,3,MZ,1,100,-27
1891182.000,41307,3,MZ,1,100,-29
1891222.500,41322,2,MZ,1,100,-27
1891263.000,41322,2,MZ,1,100,-28
1891303.000,41341,3,MZ,1,100,-28
1891343.000,41341,3,MZ,1,100,-27
1891383.000,41341,3,MZ,1,100,-28
1891423.000,41358,2,MZ,1,100,-28
1891463.000,41358,2,MZ,1,100,-28
1891502.667,41374,3,MZ,1,100,-27
1891542.333,41374,3,MZ,1,100,-27
1891582.000,41374,3,MZ,1,100,-27
1891622.000,41391,2,MZ,1,100,-28
1891662.000,41391,2,MZ,1,100,-29
1891702.000,41406,3,MZ,1,100,-27
1891742.000,41406,3,MZ,1,100,-28
1891782.000,41406,3,MZ,1,100,-27
1891822.000,41423,3,MZ,1,100,-28
1891862.000,41423,3,MZ,1,100,-27
1891902.000,41423,3,MZ,1,100,-28
1891942.500,41440,2,MZ,1,100,-28
1891983.000,41440,2,MZ,1,100,-28
1892022.667,41457,3,MZ,1,100,-29
1892062.333,41457,3,MZ,1,100,-27
1892102.000,41457,3,MZ,1,100,-27
1892142.000,41471,2,MZ,1,100,-27
1892182.000,41471,2,MZ,1,100,-27
1892222.000,41489,3,MZ,1,100,-28
1892262.000,41489,3,MZ,1,100,-28
1892302.000,41489,3,MZ,1,100,-27
1892342.000,41505,2,MZ,1,100,-26
1892382.000,41505,2,MZ,1,100,-27
1892422.000,41522,3,MZ,1,100,-27
1892462.000,41522,3,MZ,1,100,-27
1892502.000,41522,3,MZ,1,100,-27
1892542.000,41536,2,MZ,1,100,-28
1892582.000,41536,2,MZ,1,100,-29
1892622.000,41554,3,MZ,1,100,-27
1892662.000,41554,3,MZ,1,100,-27
1892702.000,41554,3,MZ,1,100,-27
1892742.000,41570,2,MZ,1,100,-28
1892782.000,41570,2,MZ,1,100,-27
1892822.000,41593,4,MZ,1,100,-27
1892862.000,41593,4,MZ,1,100,-27
1892902.000,41593,4,MZ,1,100,-28
1892942.000,41593,4,MZ,1,100,-29
1892982.000,41610,3,MZ,1,100,-28
1893022.000,41610,3,MZ,1,100,-26
1893062.000,41610,3,MZ,1,100,-28
1893102.000,41626,2,MZ,1,100,-28
1893142.000,41626,2,MZ,1,100,-28
1893182.000,41641,3,MZ,1,100,-28
1893222.000,41641,3,MZ,1,100,-27
1893262.000,41641,3,MZ,1,100,-28
1893302.000,41659,2,MZ,1,100,-27
1893342.000,41659,2,MZ,1,100,-28
1893382.000,41675,3,MZ,1,100,-28
1893422.000,41675,3,MZ,1,100,-27
1893462.000,41675,3,MZ,1,100,-28
1893502.000,41691,2,MZ,1,100,-29
1893542.000,41691,2,MZ,1,100,-27
1893582.000,41707,3,MZ,1,100,-27
1893622.000,41707,3,MZ,1,100,-27
1893662.000,41707,3,MZ,1,100,-29
1893702.000,41724,2,MZ,1,100,-27
1893742.000,41724,2,MZ,1,100,-28
1893782.000,41740,3,MZ,1,100,-27
1893822.000,41740,3,MZ,1,100,-27
1893862.000,41740,3,MZ,1,100,-28
1893902.000,41758,2,MZ,1,100,-29
1893942.000,41758,2,MZ,1,100,-29
1893982.000,41772,3,MZ,1,100,-27
1894022.000,41772,3,MZ,1,100,-28
1894062.000,41772,3,MZ,1,100,-27
1894102.000,41789,2,MZ,1,100,-27
1894142.000,41789,2,MZ,1,100,-28
1894182.000,41805,3,MZ,1,100,-27
1894222.000,41805,3,MZ,1,100,-27
1894262.000,41805,3,MZ,1,100,-28
1894302.000,41823,2,MZ,1,100,-27
1894342.000,41823,2,MZ,1,100,-28
1894382.000,41837,3,MZ,1,100,-27
1894422.000,41837,3,MZ,1,100,-28
1894462.000,41837,3,MZ,1,100,-28
1894502.000,41854,3,MZ,1,100,-27
1894542.000,41854,3,MZ,1,100,-27
1894582.000,41854,3,MZ,1,100,-29
1894622.000,41871,2,MZ,1,100,-27
1894662.000,41871,2,MZ,1,100,-28
1894702.000,41888,3,MZ,1,100,-27
1894742.000,41888,3,MZ,1,100,-26
1894782.000,41888,3,MZ,1,100,-26
1894822.000,41902,2,MZ,1,100,-27
1894862.000,41902,2,MZ,1,100,-28
1894902.000,41920,3,MZ,1,100,-27
1894942.000,41920,3,MZ,1,100,-29
1894982.000,41920,3,MZ,1,100,-27
1895022.000,41936,2,MZ,1,100,-27
1895062.000,41936,2,MZ,1,100,-28
1895102.000,41953,3,MZ,1,100,-27
1895142.000,41953,3,MZ,1,100,-27
1895182.000,41953,3,MZ,1,100,-28
1895222.000,41967,2,MZ,1,100,-28
1895262.000,41967,2,MZ,1,100,-27
1895302.000,41985,3,MZ,1,100,-27
1895342.000,41985,3,MZ,1,100,-27
1895382.000,41985,3,MZ,1,100,-27
1895422.000,42001,2,MZ,1,100,-28
1895462.000,42001,2,MZ,1,100,-27
1895502.000,42018,3,MZ,1,100,-28
1895542.000,42018,3,MZ,1,100,-28
1895582.000,42018,3,MZ,1,100,-28
1895622.000,42034,2,MZ,1,100,-27
1895662.000,42034,2,MZ,1,100,-28
1895702.000,42050,3,MZ,1,100,-28
1895742.000,42050,3,MZ,1,100,-28
1895782.000,42050,3,MZ,1,100,-27
1895822.000,42066,2,MZ,1,100,-27
1895862.000,42066,2,MZ,1,100,-27
1895902.000,42084,3,MZ,1,100,-27
1895942.000,42084,3,MZ,1,100,-27
1895982.000,42084,3,MZ,1,100,-28
1896022.000,42100,3,MZ,1,100,-27
1896062.000,42100,3,MZ,1,100,-28
1896102.000,42100,3,MZ,1,100,-27
1896142.000,42115,2,MZ,1,100,-27
1896182.000,42115,2,MZ,1,100,-28
1896222.000,42132,3,MZ,1,100,-28
1896262.000,42132,3,MZ,1,100,-27
1896302.000,42132,3,MZ,1,100,-28
1896342.000,42151,2,MZ,1,100,-27
1896382.000,42151,2,MZ,1,100,-27
1896422.000,42167,3,MZ,1,100,-28
1896462.000,42167,3,MZ,1,100,-28
1896502.000,42167,3,MZ,1,100,-27
1896542.000,42182,2,MZ,1,100,-27
1896582.000,42182,2,MZ,1,100,-28
1896622.000,42199,3,MZ,1,100,-27
1896662.000,42199,3,MZ,1,100,-28
1896702.000,42199,3,MZ,1,100,-29
1896742.000,42216,2,MZ,1,100,-27
1896782.000,42216,2,MZ,1,100,-27
1896822.000,42232,3,MZ,1,100,-27
1896862.000,42232,3,MZ,1,100,-28
1896902.000,42232,3,MZ,1,100,-27
1896942.000,42248,2,MZ,1,100,-28
1896982.000,42248,2,MZ,1,100,-29
1897022.000,42264,3,MZ,1,100,-27
1897062.000,42264,3,MZ,1,100,-27
1897102.000,42264,3,MZ,1,100,-27
1897142.000,42281,2,MZ,1,100,-27
1897182.000,42281,2,MZ,1,100,-27
1897222.000,42298,3,MZ,1,100,-28
1897262.000,42298,3,MZ,1,100,-27
1897302.000,42298,3,MZ,1,100,-28
1897342.000,42313,2,MZ,1,100,-28
1897382.000,42313,2,MZ,1,100,-28
1897422.000,42329,3,MZ,1,100,-28
1897462.000,42329,3,MZ,1,100,-27
1897502.000,42329,3,MZ,1,100,-27
1897542.000,42346,3,MZ,1,100,-28
1897582.000,42346,3,MZ,1,100,-28
1897622.000,42346,3,MZ,1,100,-28
1897662.000,42363,2,MZ,1,100,-27
1897702.000,42363,2,MZ,1,100,-28
1897742.000,42379,3,MZ,1,100,-27
1897782.000,42379,3,MZ,1,100,-27
1897822.000,42379,3,MZ,1,100,-28
1897862.000,42394,2,MZ,1,100,-27
1897902.000,42394,2,MZ,1,100,-28
1897942.000,42417,4,MZ,1,100,-28
1897982.000,42417,4,MZ,1,100,-28
1898022.000,42417,4,MZ,1,100,-28
1898062.000,42417,4,MZ,1,100,-27
1898102.000,42433,2,MZ,1,100,-27
1898142.000,42433,2,MZ,1,100,-27
1898182.000,42450,3,MZ,1,100,-27
1898222.000,42450,3,MZ,1,100,-27
1898262.000,42450,3,MZ,1,100,-29
1898302.000,42467,2,MZ,1,100,-28
1898342.000,42467,2,MZ,1,100,-28
1898382.000,42482,3,MZ,1,100,-27
1898422.000,42482,3,MZ,1,100,-27
1898462.000,42482,3,MZ,1,100,-29
1898502.000,42498,3,MZ,1,100,-27
1898542.000,42498,3,MZ,1,100,-27
1898582.000,42498,3,MZ,1,100,-27
1898622.000,42516,2,MZ,1,100,-28
1898662.000,42516,2,MZ,1,100,-27
1898702.000,42532,3,MZ,1,100,-27
1898742.000,42532,3,MZ,1,100,-27
1898782.000,42532,3,MZ,1,100,-27
1898822.000,42547,2,MZ,1,100,-28
1898862.000,42547,2,MZ,1,100,-29
1898902.000,42564,3,MZ,1,100,-27
1898942.000,42564,3,MZ,1,100,-27
1898982.000,42564,3,MZ,1,100,-28
1899022.000,42581,2,MZ,1,100,-29
1899062.000,42581,2,MZ,1,100,-27
1899102.000,42597,3,MZ,1,100,-28
1899142.000,42597,3,MZ,1,100,-28
1899182.000,42597,3,MZ,1,100,-27
1899222.000,42612,2,MZ,1,100,-29
1899262.000,42612,2,MZ,1,100,-28
1899302.000,42629,3,MZ,1,100,-27
1899342.000,42629,3,MZ,1,100,-27
1899382.000,42629,3,MZ,1,100,-27
1899422.000,42646,2,MZ,1,100,-28
1899462.000,42646,2,MZ,1,100,-29
1899502.000,42662,3,MZ,1,100,-28
1899542.000,42662,3,MZ,1,100,-27
1899582.000,42662,3,MZ,1,100,-28
1899622.000,42679,2,MZ,1,100,-27
1899662.000,42679,2,MZ,1,100,-27
1899702.000,42694,3,MZ,1,100,-27
1899742.000,42694,3,MZ,1,100,-29
1899782.000,42694,3,MZ,1,100,-27
1899822.000,42711,2,MZ,1,100,-28
1899862.000,42711,2,MZ,1,100,-28
1899902.000,42728,3,MZ,1,100,-27
1899942.000,42728,3,MZ,1,100,-28
1899982.000,42728,3,MZ,1,100,-27
1900022.000,42744,2,MZ,1,100,-27
1900062.000,42744,2,MZ,1,100,-27
1900102.000,42759,3,MZ,1,100,-28
1900142.000,42759,3,MZ,1,100,-28
1900182.000,42759,3,MZ,1,100,-27
1900222.000,42777,3,MZ,1,100,-28
1900262.000,42777,3,MZ,1,100,-28
1900302.000,42777,3,MZ,1,100,-27
1900342.000,42793,2,MZ,1,100,-26
1900382.000,42793,2,MZ,1,100,-26
1900422.000,42810,3,MZ,1,100,-28
1900462.000,42810,3,MZ,1,100,-28
1900502.000,42810,3,MZ,1,100,-27
1900542.000,42824,2,MZ,1,100,-28
1900582.000,42824,2,MZ,1,100,-27
1900622.000,42842,3,MZ,1,100,-28
1900662.000,42842,3,MZ,1,100,-27
1900702.000,42842,3,MZ,1,100,-27
1900741.500,42858,2,MZ,1,100,-29
1900781.000,42858,2,MZ,1,100,-28
1900821.333,42875,3,MZ,1,100,-28
1900861.667,42875,3,MZ,1,100,-27
1900902.000,42875,3,MZ,1,100,-27
1900942.000,42890,2,MZ,1,100,-27
1900982.000,42890,2,MZ,1,100,-27
1901022.000,42907,3,MZ,1,100,-28
1901062.000,42907,3,MZ,1,100,-28
1901102.000,42907,3,MZ,1,100,-27
1901141.500,42923,2,MZ,1,100,-27
1901181.000,42923,2,MZ,1,100,-28
1901221.333,42941,3,MZ,1,100,-28
1901261.667,42941,3,MZ,1,100,-28
1901302.000,42941,3,MZ,1,100,-27
1901342.000,42957,2,MZ,1,100,-27
1901382.000,42957,2,MZ,1,100,-27
1901422.000,42974,3,MZ,1,100,-27
1901462.000,42974,3,MZ,1,100,-29
1901502.000,42974,3,MZ,1,100,-26
1901542.000,42990,3,MZ,1,100,-27
1901582.000,42990,3,MZ,1,100,-27
1901622.000,42990,3,MZ,1,100,-28
1901662.000,43008,2,MZ,1,100,-27
1901702.000,43008,2,MZ,1,100,-27
1901741.667,43022,3,MZ,1,100,-28
1901781.333,43022,3,MZ,1,100,-28
1901821.000,43022,3,MZ,1,100,-29
1901861.000,43039,2,MZ,1,100,-27
1901901.000,43039,2,MZ,1,100,-27
1901941.000,43056,3,MZ,1,100,-28
1901981.000,43056,3,MZ,1,100,-28
1902021.000,43056,3,MZ,1,100,-26
1902061.500,43073,2,MZ,1,100,-28
1902102.000,43073,2,MZ,1,100,-27
1902141.800,43091,5,MZ,1,100,-28
1902181.600,43091,5,MZ,1,100,-27
1902221.400,43091,5,MZ,1,100,-27
1902261.200,43091,5,MZ,1,100,-27
1902301.000,43091,5,MZ,1,100,-27
1902341.000,43107,2,MZ,1,100,-28
1902381.000,43107,2,MZ,1,100,-27
1902421.000,43124,3,MZ,1,100,-27
1902461.000,43124,3,MZ,1,100,-28
1902501.000,43124,3,MZ,1,100,-28
1902541.000,43138,2,MZ,1,100,-27
1902581.000,43138,2,MZ,1,100,-28
1902621.000,43156,3,MZ,1,100,-27
1902661.000,43156,3,MZ,1,100,-27
1902701.000,43156,3,MZ,1,100,-27
1902741.000,43172,3,MZ,1,100,-27
1902781.000,43172,3,MZ,1,100,-27
1902821.000,43172,3,MZ,1,100,-27
1902861.000,43189,2,MZ,1,100,-27
1902901.000,43189,2,MZ,1,100,-26
1902941.000,43204,3,MZ,1,100,-28
1902981.000,43204,3,MZ,1,100,-29
1903021.000,43204,3,MZ,1,100,-27
1903061.000,43226,4,MZ,1,100,-27
1903101.000,43226,4,MZ,1,100,-27
1903141.000,43226,4,MZ,1,100,-27
1903181.000,43226,4,MZ,1,100,-28
1903221.000,43240,2,MZ,1,100,-27
1903261.000,43240,2,MZ,1,100,-28
1903301.000,43258,3,MZ,1,100,-28
1903341.000,43258,3,MZ,1,100,-27
1903381.000,43258,3,MZ,1,100,-27
1903421.000,43274,2,MZ,1,100,-28
1903461.000,43274,2,MZ,1,100,-27
1903501.000,43291,3,MZ,1,100,-28
1903541.000,43291,3,MZ,1,100,-27
1903581.000,43291,3,MZ,1,100,-27
1903621.000,43306,2,MZ,1,100,-27
1903661.000,43306,2,MZ,1,100,-27
1903701.000,43323,3,MZ,1,100,-27
1903741.000,43323,3,MZ,1,100,-28
1903781.000,43323,3,MZ,1,100,-27
1903821.000,43339,2,MZ,1,100,-27
1903861.000,43339,2,MZ,1,100,-27
1903901.000,43357,3,MZ,1,100,-28
1903941.000,43357,3,MZ,1,100,-27
1903981.000,43357,3,MZ,1,100,-26
1904021.000,43372,2,MZ,1,100,-27
1904061.000,43372,2,MZ,1,100,-27
1904101.000,43388,3,MZ,1,100,-28
1904141.000,43388,3,MZ,1,100,-28
1904181.000,43388,3,MZ,1,100,-27
1904221.000,43404,2,MZ,1,100,-26
1904261.000,43404,2,MZ,1,100,-28
1904301.000,43422,3,MZ,1,100,-28
1904341.000,43422,3,MZ,1,100,-27
1904381.000,43422,3,MZ,1,100,-28
1904421.000,43438,3,MZ,1,100,-29
1904461.000,43438,3,MZ,1,100,-28
1904501.000,43438,3,MZ,1,100,-28
1904541.000,43456,3,MZ,1,100,-28
1904581.000,43456,3,MZ,1,100,-27
1904621.000,43456,3,MZ,1,100,-28
1904661.000,43470,2,MZ,1,100,-29
1904701.000,43470,2,MZ,1,100,-27
1904741.000,43487,3,MZ,1,100,-27
1904781.000,43487,3,MZ,1,100,-28
1904821.000,43487,3,MZ,1,100,-27
1904861.000,43503,2,MZ,1,100,-27
1904901.000,43503,2,MZ,1,100,-27
1904941.000,43521,3,MZ,1,100,-27
1904981.000,43521,3,MZ,1,100,-27
1905021.000,43521,3,MZ,1,100,-27
1905061.000,43535,3,MZ,1,100,-27
1905101.000,43535,3,MZ,1,100,-27
1905141.000,43535,3,MZ,1,100,-28
1905181.000,43552,2,MZ,1,100,-28
1905221.000,43552,2,MZ,1,100,-29
1905261.000,43569,3,MZ,1,100,-28
1905301.000,43569,3,MZ,1,100,-27
1905341.000,43569,3,MZ,1,100,-29
1905381.000,43586,2,MZ,1,100,-28
1905421.000,43586,2,MZ,1,100,-28
1905461.000,43600,3,MZ,1,100,-27
1905501.000,43600,3,MZ,1,100,-27
1905541.000,43600,3,MZ,1,100,-27
1905581.000,43618,2,MZ,1,100,-27
1905621.000,43618,2,MZ,1,100,-27
1905661.000,43634,3,MZ,1,100,-27
1905701.000,43634,3,MZ,1,100,-28
1905741.000,43634,3,MZ,1,100,-28
1905781.000,43651,2,MZ,1,100,-28
1905821.000,43651,2,MZ,1,100,-28
1905861.000,43665,3,MZ,1,100,-27
1905901.000,43665,3,MZ,1,100,-27
1905941.000,43665,3,MZ,1,100,-27
1905981.000,43683,2,MZ,1,100,-27
1906021.000,43683,2,MZ,1,100,-28
1906061.000,43699,3,MZ,1,100,-27
1906101.000,43699,3,MZ,1,100,-27
1906141.000,43699,3,MZ,1,100,-29
1906181.000,43716,2,MZ,1,100,-27
1906221.000,43716,2,MZ,1,100,-27
1906261.000,43731,3,MZ,1,100,-27
1906301.000,43731,3,MZ,1,100,-27
1906341.000,43731,3,MZ,1,100,-27
1906381.000,43750,3,MZ,1,100,-27
1906421.000,43750,3,MZ,1,100,-27
1906461.000,43750,3,MZ,1,100,-28
1906501.000,43766,2,MZ,1,100,-28
1906541.000,43766,2,MZ,1,100,-28
1906581.000,43784,3,MZ,1,100,-27
1906621.000,43784,3,MZ,1,100,-29
1906661.000,43784,3,MZ,1,100,-27
1906701.000,43799,2,MZ,1,100,-28
1906741.000,43799,2,MZ,1,100,-29
1906781.000,43815,3,MZ,1,100,-27
1906821.000,43815,3,MZ,1,100,-28
1906861.000,43815,3,MZ,1,100,-29
1906901.000,43832,3,MZ,1,100,-27
1906941.000,43832,3,MZ,1,100,-28
1906981.000,43832,3,MZ,1,100,-28
1907021.000,43849,2,MZ,1,100,-28
1907061.000,43849,2,MZ,1,100,-27
1907101.000,43865,3,MZ,1,100,-27
1907141.000,43865,3,MZ,1,100,-27
1907181.000,43865,3,MZ,1,100,-29
1907221.000,43881,2,MZ,1,100,-28
1907261.000,43881,2,MZ,1,100,-28
1907301.000,43897,3,MZ,1,100,-29
1907341.000,43897,3,MZ,1,100,-27
1907381.000,43897,3,MZ,1,100,-27
1907421.000,43914,2,MZ,1,100,-27
1907461.000,43914,2,MZ,1,100,-27
1907501.000,43930,3,MZ,1,100,-28
1907541.000,43930,3,MZ,1,100,-27
1907581.000,43930,3,MZ,1,100,-28
1907621.000,43947,2,MZ,1,100,-27
1907661.000,43947,2,MZ,1,100,-28
1907701.000,43962,3,MZ,1,100,-27
1907741.000,43962,3,MZ,1,100,-28
1907781.000,43962,3,MZ,1,100,-27
1907821.000,43979,3,MZ,1,100,-27
1907861.000,43979,3,MZ,1,100,-27
1907901.000,43979,3,MZ,1,100,-27
1907941.000,43996,2,MZ,1,100,-28
1907981.000,43996,2,MZ,1,100,-28
1908021.000,44013,3,MZ,1,100,-28
1908061.000,44013,3,MZ,1,100,-27
1908101.000,44013,3,MZ,1,100,-27
1908141.000,44034,4,MZ,1,100,-26
1908181.000,44034,4,MZ,1,100,-27
1908221.000,44034,4,MZ,1,100,-27
1908261.000,44034,4,MZ,1,100,-29
1908301.000,44052,3,MZ,1,100,-27
1908341.000,44052,3,MZ,1,100,-28
1908381.000,44052,3,MZ,1,100,-27
1908421.000,44066,2,MZ,1,100,-27
1908461.000,44066,2,MZ,1,100,-28
1908501.000,44083,3,MZ,1,100,-28
1908541.000,44083,3,MZ,1,100,-28
1908581.000,44083,3,MZ,1,100,-27
1908621.000,44100,2,MZ,1,100,-27
1908661.000,44100,2,MZ,1,100,-27
1908701.000,44117,3,MZ,1,100,-27
1908741.000,44117,3,MZ,1,100,-28
1908781.000,44117,3,MZ,1,100,-28
1908821.000,44132,2,MZ,1,100,-27
1908861.000,44132,2,MZ,1,100,-26
1908901.000,44149,3,MZ,1,100,-28
1908941.000,44149,3,MZ,1,100,-27
1908981.000,44149,3,MZ,1,100,-27
1909021.000,44165,3,MZ,1,100,-27
1909061.000,44165,3,MZ,1,100,-28
1909101.000,44165,3,MZ,1,100,-29
1909141.000,44182,2,MZ,1,100,-27
1909181.000,44182,2,MZ,1,100,-27
1909221.000,44199,3,MZ,1,100,-28
1909261.000,44199,3,MZ,1,100,-27
1909301.000,44199,3,MZ,1,100,-27
1909341.000,44214,2,MZ,1,100,-28
1909381.000,44214,2,MZ,1,100,-27
1909421.000,44230,3,MZ,1,100,-26
1909461.000,44230,3,MZ,1,100,-29
1909501.000,44230,3,MZ,1,100,-27
1909541.000,44247,3,MZ,1,100,-27
1909581.000,44247,3,MZ,1,100,-27
1909621.000,44247,3,MZ,1,100,-27
1909661.000,44264,2,MZ,1,100,-27
1909701.000,44264,2,MZ,1,100,-28
1909741.000,44279,3,MZ,1,100,-29
1909781.000,44279,3,MZ,1,100,-28
1909821.000,44279,3,MZ,1,100,-29
1909861.000,44295,2,MZ,1,100,-28
1909901.000,44295,2,MZ,1,100,-28
1909941.000,44313,3,MZ,1,100,-27
1909981.000,44313,3,MZ,1,100,-28
1910021.000,44313,3,MZ,1,100,-27
1910061.000,44329,2,MZ,1,100,-29
1910101.000,44329,2,MZ,1,100,-28
1910140.667,44345,3,MZ,1,100,-28
1910180.333,44345,3,MZ,1,100,-28
1910220.000,44345,3,MZ,1,100,-28
1910260.500,44361,2,MZ,1,100,-28
1910301.000,44361,2,MZ,1,100,-28
1910340.667,44378,3,MZ,1,100,-28
1910380.333,44378,3,MZ,1,100,-29
1910420.000,44378,3,MZ,1,100,-27
1910460.500,44394,2,MZ,1,100,-28
1910501.000,44394,2,MZ,1,100,-27
1910541.000,44410,3,MZ,1,100,-27
1910581.000,44410,3,MZ,1,100,-26
1910621.000,44410,3,MZ,1,100,-27
1910661.000,44426,2,MZ,1,100,-27
1910701.000,44426,2,MZ,1,100,-27
1910741.000,44443,3,MZ,1,100,-28
1910781.000,44443,3,MZ,1,100,-27
1910821.000,44443,3,MZ,1,100,-27
1910860.500,44459,2,MZ,1,100,-26
1910900.000,44459,2,MZ,1,100,-27
1910940.000,44477,3,MZ,1,100,-28
1910980.000,44477,3,MZ,1,100,-28
1911020.000,44477,3,MZ,1,100,-27
1911060.500,44491,2,MZ,1,100,-26
1911101.000,44491,2,MZ,1,100,-28
1911141.000,44508,3,MZ,1,100,-28
1911181.000,44508,3,MZ,1,100,-29
1911221.000,44508,3,MZ,1,100,-27
1911260.667,44526,3,MZ,1,100,-28
1911300.333,44526,3,MZ,1,100,-27
1911340.000,44526,3,MZ,1,100,-28
1911380.333,44544,3,MZ,1,100,-27
1911420.667,44544,3,MZ,1,100,-27
1911461.000,44544,3,MZ,1,100,-28
1911500.500,44561,2,MZ,1,100,-28
1911540.000,44561,2,MZ,1,100,-27
1911580.000,44576,3,MZ,1,100,-27
1911620.000,44576,3,MZ,1,100,-28
1911660.000,44576,3,MZ,1,100,-27
1911700.000,44593,3,MZ,1,100,-27
1911740.000,44593,3,MZ,1,100,-27
1911780.000,44593,3,MZ,1,100,-28
1911820.000,44609,2,MZ,1,100,-27
1911860.000,44609,2,MZ,1,100,-27
1911900.000,44627,3,MZ,1,100,-27
1911940.000,44627,3,MZ,1,100,-28
1911980.000,44627,3,MZ,1,100,-27
1912020.500,44641,2,MZ,1,100,-27
1912061.000,44641,2,MZ,1,100,-27
1912100.667,44658,3,MZ,1,100,-27
1912140.333,44658,3,MZ,1,100,-27
1912180.000,44658,3,MZ,1,100,-27
1912220.000,44674,2,MZ,1,100,-27
1912260.000,44674,2,MZ,1,100,-27
1912300.000,44692,3,MZ,1,100,-27
1912340.000,44692,3,MZ,1,100,-27
1912380.000,44692,3,MZ,1,100,-27
1912420.000,44706,2,MZ,1,100,-28
1912460.000,44706,2,MZ,1,100,-28
1912500.000,44723,3,MZ,1,100,-27
1912540.000,44723,3,MZ,1,100,-28
1912580.000,44723,3,MZ,1,100,-29
1912620.500,44740,2,MZ,1,100,-27
1912661.000,44740,2,MZ,1,100,-27
1912701.000,44757,3,MZ,1,100,-27
1912741.000,44757,3,MZ,1,100,-27
1912781.000,44757,3,MZ,1,100,-27
1912821.000,44772,2,MZ,1,100,-27
1912861.000,44772,2,MZ,1,100,-28
1912901.000,44789,3,MZ,1,100,-27
1912941.000,44789,3,MZ,1,100,-28
1912981.000,44789,3,MZ,1,100,-29
1913021.000,44805,3,MZ,1,100,-26
1913061.000,44805,3,MZ,1,100,-28
1913101.000,44805,3,MZ,1,100,-27
1913141.000,44822,2,MZ,1,100,-27
1913181.000,44822,2,MZ,1,100,-25
1913221.000,44843,5,MZ,1,100,-27
1913261.000,44843,5,MZ,1,100,-28
1913301.000,44843,5,MZ,1,100,-28
1913341.000,44843,5,MZ,1,100,-27
1913381.000,44843,5,MZ,1,100,-27
1913421.000,44859,3,MZ,1,100,-27
1913461.000,44859,3,MZ,1,100,-27
1913501.000,44859,3,MZ,1,100,-28
