EmotiBitTimestamp,PacketNumber,DataLength,TypeTag,ProtocolVersion,DataReliability,AX
1839561.000,33086,1,AX,1,100,0.852
1839601.000,33101,2,AX,1,100,0.851
1839641.000,33101,2,AX,1,100,0.851
1839681.000,33118,3,AX,1,100,0.855
1839721.000,33118,3,AX,1,100,0.832
1839761.000,33118,3,AX,1,100,0.849
1839801.000,33136,3,AX,1,100,0.843
1839841.000,33136,3,AX,1,100,0.851
1839881.000,33136,3,AX,1,100,0.842
1839921.000,33154,2,AX,1,100,0.845
1839961.000,33154,2,AX,1,100,0.846
1840001.000,33168,3,AX,1,100,0.848
1840041.000,33168,3,AX,1,100,0.858
1840081.000,33168,3,AX,1,100,0.836
1840121.000,33185,2,AX,1,100,0.851
1840161.000,33185,2,AX,1,100,0.842
1840201.000,33201,3,AX,1,100,0.843
1840241.000,33201,3,AX,1,100,0.858
1840281.000,33201,3,AX,1,100,0.845
1840321.000,33219,2,AX,1,100,0.828
1840361.000,33219,2,AX,1,100,0.868
1840401.000,33233,3,AX,1,100,0.840
1840441.000,33233,3,AX,1,100,0.853
1840481.000,33233,3,AX,1,100,0.834
1840521.000,33250,2,AX,1,100,0.854
1840561.000,33250,2,AX,1,100,0.850
1840601.000,33267,3,AX,1,100,0.848
1840641.000,33267,3,AX,1,100,0.857
1840681.000,33267,3,AX,1,100,0.843
1840721.000,33284,2,AX,1,100,0.835
1840761.000,33284,2,AX,1,100,0.859
1840801.000,33298,3,AX,1,100,0.845
1840841.000,33298,3,AX,1,100,0.850
1840881.000,33298,3,AX,1,100,0.844
1840921.000,33316,2,AX,1,100,0.844
1840961.000,33316,2,AX,1,100,0.862
1841001.000,33334,3,AX,1,100,0.848
1841041.000,33334,3,AX,1,100,0.837
1841081.000,33334,3,AX,1,100,0.858
1841121.000,33351,3,AX,1,100,0.852
1841161.000,33351,3,AX,1,100,0.856
1841201.000,33351,3,AX,1,100,0.851
1841241.000,33368,2,AX,1,100,0.835
1841281.000,33368,2,AX,1,100,0.863
1841321.000,33385,3,AX,1,100,0.853
1841361.000,33385,3,AX,1,100,0.843
1841401.000,33385,3,AX,1,100,0.845
1841441.000,33401,2,AX,1,100,0.849
1841481.000,33401,2,AX,1,100,0.844
1841521.000,33424,5,AX,1,100,0.845
1841561.000,33424,5,AX,1,100,0.860
1841601.000,33424,5,AX,1,100,0.844
1841641.000,33424,5,AX,1,100,0.847
1841681.000,33424,5,AX,1,100,0.856
1841721.000,33440,2,AX,1,100,0.854
1841761.000,33440,2,AX,1,100,0.843
1841801.000,33457,3,AX,1,100,0.850
1841841.000,33457,3,AX,1,100,0.843
1841881.000,33457,3,AX,1,100,0.852
1841921.000,33474,2,AX,1,100,0.862
1841961.000,33474,2,AX,1,100,0.851
1842001.000,33489,3,AX,1,100,0.839
1842041.000,33489,3,AX,1,100,0.849
1842081.000,33489,3,AX,1,100,0.853
1842121.000,33505,2,AX,1,100,0.849
1842161.000,33505,2,AX,1,100,0.852
1842201.000,33522,3,AX,1,100,0.846
1842241.000,33522,3,AX,1,100,0.840
1842281.000,33522,3,AX,1,100,0.859
1842321.000,33539,2,AX,1,100,0.856
1842361.000,33539,2,AX,1,100,0.848
1842401.000,33554,3,AX,1,100,0.837
1842441.000,33554,3,AX,1,100,0.857
1842481.000,33554,3,AX,1,100,0.849
1842521.000,33572,2,AX,1,100,0.845
1842561.000,33572,2,AX,1,100,0.846
1842601.000,33590,3,AX,1,100,0.837
1842641.000,33590,3,AX,1,100,0.846
1842681.000,33590,3,AX,1,100,0.857
1842721.000,33606,3,AX,1,100,0.856
1842761.000,33606,3,AX,1,100,0.843
1842801.000,33606,3,AX,1,100,0.842
1842841.000,33622,2,AX,1,100,0.857
1842881.000,33622,2,AX,1,100,0.861
1842921.000,33638,3,AX,1,100,0.847
1842961.000,33638,3,AX,1,100,0.847
1843001.000,33638,3,AX,1,100,0.854
1843041.000,33655,2,AX,1,100,0.839
1843081.000,33655,2,AX,1,100,0.866
1843121.000,33671,3,AX,1,100,0.846
1843161.000,33671,3,AX,1,100,0.836
1843201.000,33671,3,AX,1,100,0.847
1843241.000,33689,2,AX,1,100,0.847
1843281.000,33689,2,AX,1,100,0.855
1843321.000,33703,3,AX,1,100,0.836
1843361.000,33703,3,AX,1,100,0.842
1843401.000,33703,3,AX,1,100,0.844
1843441.000,33720,2,AX,1,100,0.864
1843481.000,33720,2,AX,1,100,0.839
1843521.000,33736,3,AX,1,100,0.833
1843561.000,33736,3,AX,1,100,0.816
1843601.000,33736,3,AX,1,100,0.864
1843640.500,33754,2,AX,1,100,0.859
1843680.000,33754,2,AX,1,100,0.834
1843720.000,33768,3,AX,1,100,0.863
1843760.000,33768,3,AX,1,100,0.834
1843800.000,33768,3,AX,1,100,0.855
1843840.333,33785,3,AX,1,100,0.853
1843880.667,33785,3,AX,1,100,0.850
1843921.000,33785,3,AX,1,100,0.850
1843961.000,33802,2,AX,1,100,0.848
1844001.000,33802,2,AX,1,100,0.851
1844041.000,33819,3,AX,1,100,0.865
1844081.000,33819,3,AX,1,100,0.850
1844121.000,33819,3,AX,1,100,0.837
1844161.000,33833,2,AX,1,100,0.852
1844201.000,33833,2,AX,1,100,0.865
1844241.000,33853,2,AX,1,100,0.850
1844281.000,33853,2,AX,1,100,0.845
1844325.333,33869,3,AX,1,100,0.834
1844369.667,33869,3,AX,1,100,0.865
1844414.000,33869,3,AX,1,100,0.854
1844454.000,33888,2,AX,1,100,0.849
1844494.000,33888,2,AX,1,100,0.846
1844534.000,33902,3,AX,1,100,0.838
1844574.000,33902,3,AX,1,100,0.851
1844614.000,33902,3,AX,1,100,0.865
1844654.000,33920,2,AX,1,100,0.831
1844694.000,33920,2,AX,1,100,0.851
1844734.000,33936,3,AX,1,100,0.852
1844774.000,33936,3,AX,1,100,0.847
1844814.000,33936,3,AX,1,100,0.859
1844854.000,33953,3,AX,1,100,0.855
1844894.000,33953,3,AX,1,100,0.845
1844934.000,33953,3,AX,1,100,0.865
1844974.000,33969,2,AX,1,100,0.859
1845014.000,33969,2,AX,1,100,0.844
1845054.000,33985,3,AX,1,100,0.854
1845094.000,33985,3,AX,1,100,0.838
1845134.000,33985,3,AX,1,100,0.859
1845174.000,34003,2,AX,1,100,0.868
1845214.000,34003,2,AX,1,100,0.852
1845254.000,34021,3,AX,1,100,0.850
1845294.000,34021,3,AX,1,100,0.855
1845334.000,34021,3,AX,1,100,0.859
1845374.000,34037,2,AX,1,100,0.843
1845414.000,34037,2,AX,1,100,0.848
1845454.000,34052,3,AX,1,100,0.858
1845494.000,34052,3,AX,1,100,0.831
1845534.000,34052,3,AX,1,100,0.851
1845574.000,34069,2,AX,1,100,0.871
1845614.000,34069,2,AX,1,100,0.846
1845654.000,34086,3,AX,1,100,0.838
1845694.000,34086,3,AX,1,100,0.857
1845734.000,34086,3,AX,1,100,0.844
1845774.000,34102,2,AX,1,100,0.860
1845814.000,34102,2,AX,1,100,0.857
1845854.000,34117,3,AX,1,100,0.837
1845894.000,34117,3,AX,1,100,0.861
1845934.000,34117,3,AX,1,100,0.850
1845974.000,34134,3,AX,1,100,0.859
1846014.000,34134,3,AX,1,100,0.862
1846054.000,34134,3,AX,1,100,0.838
1846094.000,34153,2,AX,1,100,0.858
1846134.000,34153,2,AX,1,100,0.855
1846174.000,34169,3,AX,1,100,0.871
1846214.000,34169,3,AX,1,100,0.842
1846254.000,34169,3,AX,1,100,0.849
1846294.000,34185,2,AX,1,100,0.864
1846334.000,34185,2,AX,1,100,0.849
1846369.667,34203,3,AX,1,100,0.857
1846405.333,34203,3,AX,1,100,0.867
1846441.000,34203,3,AX,1,100,0.866
1846481.000,34220,2,AX,1,100,0.844
1846521.000,34220,2,AX,1,100,0.853
1846561.000,34237,3,AX,1,100,0.881
1846601.000,34237,3,AX,1,100,0.855
1846641.000,34237,3,AX,1,100,0.880
1846685.000,34259,3,AX,1,100,0.856
1846729.000,34259,3,AX,1,100,0.850
1846773.000,34259,3,AX,1,100,0.883
1846813.333,34275,3,AX,1,100,0.856
1846853.667,34275,3,AX,1,100,0.874
1846894.000,34275,3,AX,1,100,0.864
1846934.000,34293,2,AX,1,100,0.853
1846974.000,34293,2,AX,1,100,0.882
1847013.667,34309,3,AX,1,100,0.852
1847053.333,34309,3,AX,1,100,0.864
1847093.000,34309,3,AX,1,100,0.857
1847133.333,34326,3,AX,1,100,0.860
1847173.667,34326,3,AX,1,100,0.876
1847214.000,34326,3,AX,1,100,0.867
1847254.000,34343,2,AX,1,100,0.861
1847294.000,34343,2,AX,1,100,0.869
1847334.000,34358,3,AX,1,100,0.904
1847374.000,34358,3,AX,1,100,0.876
1847414.000,34358,3,AX,1,100,0.877
1847454.000,34374,2,AX,1,100,0.886
1847494.000,34374,2,AX,1,100,0.861
1847534.000,34391,3,AX,1,100,0.907
1847574.000,34391,3,AX,1,100,0.890
1847614.000,34391,3,AX,1,100,0.882
1847653.500,34408,2,AX,1,100,0.899
1847693.000,34408,2,AX,1,100,0.907
1847733.333,34423,3,AX,1,100,0.893
1847773.667,34423,3,AX,1,100,0.901
1847814.000,34423,3,AX,1,100,0.902
1847854.000,34439,2,AX,1,100,0.867
1847894.000,34439,2,AX,1,100,0.965
1847933.667,34457,3,AX,1,100,1.057
1847973.333,34457,3,AX,1,100,0.934
1848013.000,34457,3,AX,1,100,0.676
1848053.500,34473,2,AX,1,100,0.770
1848094.000,34473,2,AX,1,100,0.788
1848134.000,34488,3,AX,1,100,0.760
1848174.000,34488,3,AX,1,100,0.765
1848214.000,34488,3,AX,1,100,0.822
1848253.667,34505,3,AX,1,100,0.789
1848293.333,34505,3,AX,1,100,0.782
1848333.000,34505,3,AX,1,100,0.802
1848373.000,34522,2,AX,1,100,0.819
1848413.000,34522,2,AX,1,100,0.783
1848453.000,34538,3,AX,1,100,0.771
1848493.000,34538,3,AX,1,100,0.795
1848533.000,34538,3,AX,1,100,0.809
1848573.000,34554,2,AX,1,100,0.803
1848613.000,34554,2,AX,1,100,0.775
1848653.000,34570,3,AX,1,100,0.767
1848693.000,34570,3,AX,1,100,0.797
1848733.000,34570,3,AX,1,100,0.806
1848773.000,34587,2,AX,1,100,0.808
1848813.000,34587,2,AX,1,100,0.827
1848853.000,34603,3,AX,1,100,0.816
1848893.000,34603,3,AX,1,100,0.782
1848933.000,34603,3,AX,1,100,0.852
1848973.000,34621,2,AX,1,100,0.770
1849013.000,34621,2,AX,1,100,0.699
1849053.000,34635,3,AX,1,100,0.741
1849093.000,34635,3,AX,1,100,0.738
1849133.000,34635,3,AX,1,100,0.866
1849173.000,34652,2,AX,1,100,0.718
1849213.000,34652,2,AX,1,100,0.145
1849253.000,34669,3,AX,1,100,0.409
1849293.000,34669,3,AX,1,100,0.501
1849333.000,34669,3,AX,1,100,0.587
1849373.000,34686,2,AX,1,100,0.693
1849413.000,34686,2,AX,1,100,0.862
1849453.000,34700,3,AX,1,100,1.174
1849493.000,34700,3,AX,1,100,0.810
1849533.000,34700,3,AX,1,100,1.620
1849573.000,34718,3,AX,1,100,0.264
1849613.000,34718,3,AX,1,100,0.733
1849653.000,34718,3,AX,1,100,0.772
1849693.000,34734,2,AX,1,100,0.833
1849733.000,34734,2,AX,1,100,0.706
1849773.000,34751,3,AX,1,100,0.747
1849813.000,34751,3,AX,1,100,0.818
1849853.000,34751,3,AX,1,100,0.774
1849893.000,34765,2,AX,1,100,0.763
1849933.000,34765,2,AX,1,100,0.905
1849973.000,34783,3,AX,1,100,0.835
1850013.000,34783,3,AX,1,100,0.862
1850053.000,34783,3,AX,1,100,0.775
1850093.000,34799,2,AX,1,100,0.785
1850133.000,34799,2,AX,1,100,0.948
1850173.000,34816,3,AX,1,100,0.912
1850213.000,34816,3,AX,1,100,0.828
1850253.000,34816,3,AX,1,100,0.842
1850293.000,34831,2,AX,1,100,0.836
1850333.000,34831,2,AX,1,100,0.786
1850373.000,34848,3,AX,1,100,0.925
1850413.000,34848,3,AX,1,100,0.888
1850453.000,34848,3,AX,1,100,0.793
1850493.000,34864,2,AX,1,100,0.909
1850533.000,34864,2,AX,1,100,0.844
1850573.000,34882,3,AX,1,100,0.922
1850613.000,34882,3,AX,1,100,0.906
1850653.000,34882,3,AX,1,100,1.134
1850693.000,34897,2,AX,1,100,0.986
1850733.000,34897,2,AX,1,100,0.899
1850773.000,34913,3,AX,1,100,0.869
1850813.000,34913,3,AX,1,100,0.957
1850853.000,34913,3,AX,1,100,1.061
1850893.000,34930,3,AX,1,100,1.222
1850933.000,34930,3,AX,1,100,1.403
1850973.000,34930,3,AX,1,100,0.834
1851013.000,34947,2,AX,1,100,0.583
1851053.000,34947,2,AX,1,100,0.577
1851093.000,34963,3,AX,1,100,0.642
1851133.000,34963,3,AX,1,100,0.062
1851173.000,34963,3,AX,1,100,-0.385
1851213.000,34978,2,AX,1,100,-0.100
1851253.000,34978,2,AX,1,100,0.123
1851293.000,34997,3,AX,1,100,0.367
1851333.000,34997,3,AX,1,100,0.386
1851373.000,34997,3,AX,1,100,0.616
1851413.000,35014,2,AX,1,100,0.512
1851453.000,35014,2,AX,1,100,0.494
1851493.000,35030,3,AX,1,100,1.165
1851533.000,35030,3,AX,1,100,0.633
1851573.000,35030,3,AX,1,100,0.798
1851613.000,35046,2,AX,1,100,0.583
1851653.000,35046,2,AX,1,100,0.754
1851693.000,35062,3,AX,1,100,0.633
1851733.000,35062,3,AX,1,100,0.865
1851773.000,35062,3,AX,1,100,0.895
1851813.000,35084,4,AX,1,100,0.871
1851853.000,35084,4,AX,1,100,0.910
1851893.000,35084,4,AX,1,100,0.969
1851933.000,35084,4,AX,1,100,0.927
1851973.000,35101,2,AX,1,100,0.938
1852013.000,35101,2,AX,1,100,0.998
1852053.000,35118,3,AX,1,100,0.961
1852093.000,35118,3,AX,1,100,0.999
1852133.000,35118,3,AX,1,100,1.005
1852173.000,35133,2,AX,1,100,1.021
1852213.000,35133,2,AX,1,100,1.052
1852253.000,35150,3,AX,1,100,1.029
1852293.000,35150,3,AX,1,100,1.033
1852333.000,35150,3,AX,1,100,1.028
1852373.000,35166,2,AX,1,100,1.038
1852413.000,35166,2,AX,1,100,1.008
1852453.000,35183,3,AX,1,100,1.000
1852493.000,35183,3,AX,1,100,0.989
1852533.000,35183,3,AX,1,100,1.038
1852573.000,35200,2,AX,1,100,0.896
1852613.000,35200,2,AX,1,100,0.940
1852653.000,35215,3,AX,1,100,0.948
1852693.000,35215,3,AX,1,100,0.871
1852733.000,35215,3,AX,1,100,0.970
1852773.000,35231,2,AX,1,100,1.002
1852813.000,35231,2,AX,1,100,0.786
1852853.000,35248,3,AX,1,100,0.826
1852893.000,35248,3,AX,1,100,0.776
1852933.000,35248,3,AX,1,100,0.801
1852973.000,35265,2,AX,1,100,0.789
1853013.000,35265,2,AX,1,100,0.704
1853053.000,35280,3,AX,1,100,0.755
1853093.000,35280,3,AX,1,100,0.770
1853133.000,35280,3,AX,1,100,0.755
1853173.000,35296,3,AX,1,100,0.481
1853213.000,35296,3,AX,1,100,0.455
1853253.000,35296,3,AX,1,100,0.083
1853293.000,35314,2,AX,1,100,0.208
1853333.000,35314,2,AX,1,100,-0.387
1853373.000,35330,3,AX,1,100,-0.448
1853413.000,35330,3,AX,1,100,-0.202
1853453.000,35330,3,AX,1,100,0.174
1853493.000,35345,2,AX,1,100,-0.073
1853533.000,35345,2,AX,1,100,-0.211
1853573.000,35362,3,AX,1,100,-0.217
1853613.000,35362,3,AX,1,100,-0.043
1853653.000,35362,3,AX,1,100,0.021
1853693.000,35379,2,AX,1,100,-0.061
1853733.000,35379,2,AX,1,100,-0.198
1853773.000,35395,3,AX,1,100,-0.050
1853813.000,35395,3,AX,1,100,-0.044
1853853.000,35395,3,AX,1,100,-0.042
1853893.000,35410,2,AX,1,100,-0.056
1853933.000,35410,2,AX,1,100,-0.201
1853973.000,35427,3,AX,1,100,-0.052
1854013.000,35427,3,AX,1,100,-0.054
1854053.000,35427,3,AX,1,100,-0.062
1854093.000,35444,2,AX,1,100,-0.176
1854133.000,35444,2,AX,1,100,-0.064
1854173.000,35460,3,AX,1,100,-0.190
1854213.000,35460,3,AX,1,100,-0.068
1854253.000,35460,3,AX,1,100,-0.070
1854293.000,35477,2,AX,1,100,-0.117
1854333.000,35477,2,AX,1,100,-0.119
1854373.000,35492,3,AX,1,100,-0.104
1854413.000,35492,3,AX,1,100,-0.322
1854453.000,35492,3,AX,1,100,0.064
1854493.000,35509,2,AX,1,100,0.111
1854533.000,35509,2,AX,1,100,-0.258
1854573.000,35526,3,AX,1,100,-0.264
1854613.000,35526,3,AX,1,100,-0.524
1854653.000,35526,3,AX,1,100,-0.657
1854693.000,35543,3,AX,1,100,-0.748
1854733.000,35543,3,AX,1,100,-0.558
1854773.000,35543,3,AX,1,100,-0.788
1854813.000,35557,2,AX,1,100,-0.967
1854853.000,35557,2,AX,1,100,-0.833
1854893.000,35575,3,AX,1,100,-0.836
1854933.000,35575,3,AX,1,100,-0.777
1854973.000,35575,3,AX,1,100,-0.982
1855013.000,35591,2,AX,1,100,-0.883
1855053.000,35591,2,AX,1,100,-0.858
1855093.000,35608,3,AX,1,100,-0.847
1855133.000,35608,3,AX,1,100,-0.962
1855173.000,35608,3,AX,1,100,-0.898
1855213.000,35622,2,AX,1,100,-0.846
1855253.000,35622,2,AX,1,100,-0.853
1855293.000,35640,3,AX,1,100,-0.891
1855333.000,35640,3,AX,1,100,-0.893
1855373.000,35640,3,AX,1,100,-0.895
1855413.000,35656,2,AX,1,100,-0.893
1855453.000,35656,2,AX,1,100,-0.893
1855493.000,35673,3,AX,1,100,-0.893
1855533.000,35673,3,AX,1,100,-0.894
1855573.000,35673,3,AX,1,100,-0.894
1855613.000,35688,2,AX,1,100,-0.895
1855653.000,35688,2,AX,1,100,-0.893
1855693.000,35705,3,AX,1,100,-0.893
1855733.000,35705,3,AX,1,100,-0.895
1855773.000,35705,3,AX,1,100,-0.896
1855813.000,35721,2,AX,1,100,-0.892
1855853.000,35721,2,AX,1,100,-0.896
1855893.000,35739,3,AX,1,100,-0.890
1855933.000,35739,3,AX,1,100,-0.895
1855973.000,35739,3,AX,1,100,-0.894
1856013.000,35753,3,AX,1,100,-0.889
1856053.000,35753,3,AX,1,100,-0.898
1856093.000,35753,3,AX,1,100,-0.893
1856133.000,35770,2,AX,1,100,-0.893
1856173.000,35770,2,AX,1,100,-0.899
1856213.000,35786,3,AX,1,100,-0.892
1856253.000,35786,3,AX,1,100,-0.888
1856293.000,35786,3,AX,1,100,-0.886
1856333.000,35806,2,AX,1,100,-0.887
1856373.000,35806,2,AX,1,100,-0.892
1856413.000,35821,3,AX,1,100,-0.894
1856453.000,35821,3,AX,1,100,-0.887
1856493.000,35821,3,AX,1,100,-0.893
1856533.000,35837,2,AX,1,100,-0.899
1856573.000,35837,2,AX,1,100,-0.890
1856613.000,35854,3,AX,1,100,-0.891
1856653.000,35854,3,AX,1,100,-0.899
1856693.000,35854,3,AX,1,100,-0.895
1856733.000,35871,2,AX,1,100,-0.897
1856773.000,35871,2,AX,1,100,-0.891
1856813.000,35887,3,AX,1,100,-0.892
1856853.000,35887,3,AX,1,100,-0.895
1856893.000,35887,3,AX,1,100,-0.900
1856933.000,35910,4,AX,1,100,-0.892
1856973.000,35910,4,AX,1,100,-0.892
1857013.000,35910,4,AX,1,100,-0.896
1857053.000,35910,4,AX,1,100,-0.893
1857093.000,35924,2,AX,1,100,-0.895
1857133.000,35924,2,AX,1,100,-0.893
1857173.000,35941,3,AX,1,100,-0.894
1857213.000,35941,3,AX,1,100,-0.900
1857253.000,35941,3,AX,1,100,-0.893
1857293.000,35958,2,AX,1,100,-0.894
1857333.000,35958,2,AX,1,100,-0.895
1857373.000,35975,3,AX,1,100,-0.894
1857413.000,35975,3,AX,1,100,-0.895
1857453.000,35975,3,AX,1,100,-0.891
1857492.500,35990,2,AX,1,100,-0.893
1857532.000,35990,2,AX,1,100,-0.896
1857572.000,36007,3,AX,1,100,-0.896
1857612.000,36007,3,AX,1,100,-0.894
1857652.000,36007,3,AX,1,100,-0.894
1857692.333,36023,3,AX,1,100,-0.896
1857732.667,36023,3,AX,1,100,-0.895
1857773.000,36023,3,AX,1,100,-0.893
1857812.500,36040,2,AX,1,100,-0.893
1857852.000,36040,2,AX,1,100,-0.897
1857892.000,36057,3,AX,1,100,-0.892
1857932.000,36057,3,AX,1,100,-0.893
1857972.000,36057,3,AX,1,100,-0.895
1858012.500,36072,2,AX,1,100,-0.895
1858053.000,36072,2,AX,1,100,-0.896
1858093.000,36088,3,AX,1,100,-0.892
1858133.000,36088,3,AX,1,100,-0.892
1858173.000,36088,3,AX,1,100,-0.895
1858213.000,36105,2,AX,1,100,-0.893
1858253.000,36105,2,AX,1,100,-0.892
1858292.667,36122,3,AX,1,100,-0.893
1858332.333,36122,3,AX,1,100,-0.892
1858372.000,36122,3,AX,1,100,-0.896
1858412.000,36137,2,AX,1,100,-0.897
1858452.000,36137,2,AX,1,100,-0.893
1858492.000,36153,3,AX,1,100,-0.891
1858532.000,36153,3,AX,1,100,-0.895
1858572.000,36153,3,AX,1,100,-0.893
1858612.000,36171,2,AX,1,100,-0.896
1858652.000,36171,2,AX,1,100,-0.895
1858692.000,36187,3,AX,1,100,-0.892
1858732.000,36187,3,AX,1,100,-0.894
1858772.000,36187,3,AX,1,100,-0.894
1858812.000,36202,2,AX,1,100,-0.894
1858852.000,36202,2,AX,1,100,-0.892
1858892.000,36219,3,AX,1,100,-0.892
1858932.000,36219,3,AX,1,100,-0.896
1858972.000,36219,3,AX,1,100,-0.892
1859012.000,36236,2,AX,1,100,-0.897
1859052.000,36236,2,AX,1,100,-0.892
1859092.000,36252,3,AX,1,100,-0.889
1859132.000,36252,3,AX,1,100,-0.896
1859172.000,36252,3,AX,1,100,-0.895
1859212.000,36267,3,AX,1,100,-0.889
1859252.000,36267,3,AX,1,100,-0.891
1859292.000,36267,3,AX,1,100,-0.889
1859332.000,36284,2,AX,1,100,-0.895
1859372.000,36284,2,AX,1,100,-0.895
1859412.000,36301,3,AX,1,100,-0.891
1859452.000,36301,3,AX,1,100,-0.895
1859492.000,36301,3,AX,1,100,-0.895
1859532.000,36317,2,AX,1,100,-0.894
1859572.000,36317,2,AX,1,100,-0.896
1859612.000,36334,3,AX,1,100,-0.890
1859652.000,36334,3,AX,1,100,-0.895
1859692.000,36334,3,AX,1,100,-0.896
1859732.000,36349,2,AX,1,100,-0.889
1859772.000,36349,2,AX,1,100,-0.895
1859812.000,36366,3,AX,1,100,-0.892
1859852.000,36366,3,AX,1,100,-0.892
1859892.000,36366,3,AX,1,100,-0.895
1859932.000,36383,2,AX,1,100,-0.894
1859972.000,36383,2,AX,1,100,-0.893
1860012.000,36400,3,AX,1,100,-0.895
1860052.000,36400,3,AX,1,100,-0.892
1860092.000,36400,3,AX,1,100,-0.893
1860132.000,36414,2,AX,1,100,-0.893
1860172.000,36414,2,AX,1,100,-0.894
1860212.000,36432,3,AX,1,100,-0.891
1860252.000,36432,3,AX,1,100,-0.894
1860292.000,36432,3,AX,1,100,-0.894
1860332.000,36448,3,AX,1,100,-0.896
1860372.000,36448,3,AX,1,100,-0.894
1860412.000,36448,3,AX,1,100,-0.890
1860452.000,36465,2,AX,1,100,-0.896
1860492.000,36465,2,AX,1,100,-0.894
1860532.000,36479,3,AX,1,100,-0.894
1860572.000,36479,3,AX,1,100,-0.892
1860612.000,36479,3,AX,1,100,-0.893
1860652.000,36497,2,AX,1,100,-0.895
1860692.000,36497,2,AX,1,100,-0.895
1860732.000,36513,3,AX,1,100,-0.892
1860772.000,36513,3,AX,1,100,-0.893
1860812.000,36513,3,AX,1,100,-0.895
1860852.000,36530,2,AX,1,100,-0.894
1860892.000,36530,2,AX,1,100,-0.896
1860932.000,36545,3,AX,1,100,-0.892
1860972.000,36545,3,AX,1,100,-0.893
1861012.000,36545,3,AX,1,100,-0.895
1861052.000,36562,2,AX,1,100,-0.893
1861092.000,36562,2,AX,1,100,-0.893
1861132.000,36578,3,AX,1,100,-0.894
1861172.000,36578,3,AX,1,100,-0.893
1861212.000,36578,3,AX,1,100,-0.893
1861252.000,36596,2,AX,1,100,-0.893
1861292.000,36596,2,AX,1,100,-0.895
1861332.000,36612,3,AX,1,100,-0.893
1861372.000,36612,3,AX,1,100,-0.894
1861412.000,36612,3,AX,1,100,-0.894
1861452.000,36629,2,AX,1,100,-0.894
1861492.000,36629,2,AX,1,100,-0.893
1861532.000,36645,3,AX,1,100,-0.895
1861572.000,36645,3,AX,1,100,-0.893
1861612.000,36645,3,AX,1,100,-0.895
1861652.000,36663,3,AX,1,100,-0.895
1861692.000,36663,3,AX,1,100,-0.895
1861732.000,36663,3,AX,1,100,-0.891
1861772.000,36678,2,AX,1,100,-0.895
1861812.000,36678,2,AX,1,100,-0.896
1861852.000,36694,3,AX,1,100,-0.893
1861892.000,36694,3,AX,1,100,-0.894
1861932.000,36694,3,AX,1,100,-0.892
1861972.000,36711,2,AX,1,100,-0.893
1862012.000,36711,2,AX,1,100,-0.894
1862052.000,36731,4,AX,1,100,-0.891
1862092.000,36731,4,AX,1,100,-0.895
1862132.000,36731,4,AX,1,100,-0.892
1862172.000,36731,4,AX,1,100,-0.893
1862212.000,36747,2,AX,1,100,-0.895
1862252.000,36747,2,AX,1,100,-0.895
1862292.000,36765,3,AX,1,100,-0.894
1862332.000,36765,3,AX,1,100,-0.894
1862372.000,36765,3,AX,1,100,-0.892
1862412.000,36779,2,AX,1,100,-0.893
1862452.000,36779,2,AX,1,100,-0.893
1862492.000,36796,3,AX,1,100,-0.891
1862532.000,36796,3,AX,1,100,-0.894
1862572.000,36796,3,AX,1,100,-0.895
1862612.000,36813,2,AX,1,100,-0.896
1862652.000,36813,2,AX,1,100,-0.894
1862692.000,36830,3,AX,1,100,-0.894
1862732.000,36830,3,AX,1,100,-0.895
1862772.000,36830,3,AX,1,100,-0.896
1862812.000,36844,2,AX,1,100,-0.895
1862852.000,36844,2,AX,1,100,-0.891
1862892.000,36862,3,AX,1,100,-0.893
1862932.000,36862,3,AX,1,100,-0.893
1862972.000,36862,3,AX,1,100,-0.895
1863012.000,36878,3,AX,1,100,-0.895
1863052.000,36878,3,AX,1,100,-0.892
1863092.000,36878,3,AX,1,100,-0.895
1863132.000,36895,2,AX,1,100,-0.896
1863172.000,36895,2,AX,1,100,-0.892
1863212.000,36909,3,AX,1,100,-0.895
1863252.000,36909,3,AX,1,100,-0.894
1863292.000,36909,3,AX,1,100,-0.891
1863332.000,36927,2,AX,1,100,-0.895
1863372.000,36927,2,AX,1,100,-0.895
1863412.000,36943,3,AX,1,100,-0.894
1863452.000,36943,3,AX,1,100,-0.893
1863492.000,36943,3,AX,1,100,-0.892
1863532.000,36960,2,AX,1,100,-0.892
1863572.000,36960,2,AX,1,100,-0.895
1863612.000,36976,3,AX,1,100,-0.891
1863652.000,36976,3,AX,1,100,-0.894
1863692.000,36976,3,AX,1,100,-0.894
1863732.000,36992,2,AX,1,100,-0.893
1863772.000,36992,2,AX,1,100,-0.896
1863812.000,37008,3,AX,1,100,-0.892
1863852.000,37008,3,AX,1,100,-0.894
1863892.000,37008,3,AX,1,100,-0.896
1863932.000,37026,2,AX,1,100,-0.896
1863972.000,37026,2,AX,1,100,-0.894
1864012.000,37042,3,AX,1,100,-0.891
1864052.000,37042,3,AX,1,100,-0.896
1864092.000,37042,3,AX,1,100,-0.895
1864132.000,37057,2,AX,1,100,-0.897
1864172.000,37057,2,AX,1,100,-0.895
1864212.000,37074,3,AX,1,100,-0.894
1864252.000,37074,3,AX,1,100,-0.893
1864292.000,37074,3,AX,1,100,-0.892
1864332.000,37091,3,AX,1,100,-0.894
1864372.000,37091,3,AX,1,100,-0.896
1864412.000,37091,3,AX,1,100,-0.891
1864452.000,37107,2,AX,1,100,-0.895
1864492.000,37107,2,AX,1,100,-0.893
1864532.000,37122,3,AX,1,100,-0.892
1864572.000,37122,3,AX,1,100,-0.894
1864612.000,37122,3,AX,1,100,-0.893
1864652.000,37139,2,AX,1,100,-0.895
1864692.000,37139,2,AX,1,100,-0.897
1864732.000,37156,3,AX,1,100,-0.892
1864772.000,37156,3,AX,1,100,-0.895
1864812.000,37156,3,AX,1,100,-0.896
1864852.000,37172,2,AX,1,100,-0.892
1864892.000,37172,2,AX,1,100,-0.895
1864932.000,37188,3,AX,1,100,-0.894
1864972.000,37188,3,AX,1,100,-0.893
1865012.000,37188,3,AX,1,100,-0.896
1865052.000,37204,2,AX,1,100,-0.895
1865092.000,37204,2,AX,1,100,-0.896
1865132.000,37221,3,AX,1,100,-0.894
1865172.000,37221,3,AX,1,100,-0.893
1865212.000,37221,3,AX,1,100,-0.893
1865252.000,37238,2,AX,1,100,-0.895
1865292.000,37238,2,AX,1,100,-0.894
1865332.000,37253,3,AX,1,100,-0.892
1865372.000,37253,3,AX,1,100,-0.894
1865412.000,37253,3,AX,1,100,-0.892
1865452.000,37269,3,AX,1,100,-0.895
1865492.000,37269,3,AX,1,100,-0.893
1865532.000,37269,3,AX,1,100,-0.892
1865572.000,37286,2,AX,1,100,-0.892
1865612.000,37286,2,AX,1,100,-0.893
1865652.000,37303,3,AX,1,100,-0.896
1865692.000,37303,3,AX,1,100,-0.895
1865732.000,37303,3,AX,1,100,-0.894
1865772.000,37319,2,AX,1,100,-0.892
1865812.000,37319,2,AX,1,100,-0.896
1865852.000,37334,3,AX,1,100,-0.894
1865892.000,37334,3,AX,1,100,-0.895
1865932.000,37334,3,AX,1,100,-0.894
1865972.000,37352,2,AX,1,100,-0.895
1866012.000,37352,2,AX,1,100,-0.895
1866052.000,37368,3,AX,1,100,-0.893
1866092.000,37368,3,AX,1,100,-0.891
1866132.000,37368,3,AX,1,100,-0.897
1866171.750,37386,4,AX,1,100,-0.896
1866211.500,37386,4,AX,1,100,-0.894
1866251.250,37386,4,AX,1,100,-0.896
1866291.000,37386,4,AX,1,100,-0.894
1866331.333,37404,3,AX,1,100,-0.894
1866371.667,37404,3,AX,1,100,-0.894
1866412.000,37404,3,AX,1,100,-0.892
1866452.000,37421,2,AX,1,100,-0.896
1866492.000,37421,2,AX,1,100,-0.893
1866532.000,37435,3,AX,1,100,-0.892
1866572.000,37435,3,AX,1,100,-0.894
1866612.000,37435,3,AX,1,100,-0.895
1866652.000,37453,2,AX,1,100,-0.894
1866692.000,37453,2,AX,1,100,-0.892
1866732.000,37469,3,AX,1,100,-0.891
1866772.000,37469,3,AX,1,100,-0.896
1866812.000,37469,3,AX,1,100,-0.893
1866852.000,37486,3,AX,1,100,-0.893
1866892.000,37486,3,AX,1,100,-0.894
1866932.000,37486,3,AX,1,100,-0.893
1866972.000,37502,2,AX,1,100,-0.897
1867012.000,37502,2,AX,1,100,-0.894
1867052.000,37518,3,AX,1,100,-0.893
1867092.000,37518,3,AX,1,100,-0.892
1867132.000,37518,3,AX,1,100,-0.891
1867171.750,37541,4,AX,1,100,-0.894
1867211.500,37541,4,AX,1,100,-0.893
1867251.250,37541,4,AX,1,100,-0.894
1867291.000,37541,4,AX,1,100,-0.893
1867331.000,37559,2,AX,1,100,-0.896
1867371.000,37559,2,AX,1,100,-0.896
1867411.000,37575,3,AX,1,100,-0.893
1867451.000,37575,3,AX,1,100,-0.891
1867491.000,37575,3,AX,1,100,-0.898
1867531.000,37592,2,AX,1,100,-0.892
1867571.000,37592,2,AX,1,100,-0.894
1867611.000,37608,3,AX,1,100,-0.894
1867651.000,37608,3,AX,1,100,-0.893
1867691.000,37608,3,AX,1,100,-0.893
1867731.000,37624,2,AX,1,100,-0.892
1867771.000,37624,2,AX,1,100,-0.895
1867811.333,37640,3,AX,1,100,-0.893
1867851.667,37640,3,AX,1,100,-0.892
1867892.000,37640,3,AX,1,100,-0.893
1867931.500,37658,2,AX,1,100,-0.890
1867971.000,37658,2,AX,1,100,-0.889
1868011.333,37673,3,AX,1,100,-0.889
1868051.667,37673,3,AX,1,100,-0.891
1868092.000,37673,3,AX,1,100,-0.891
1868131.500,37689,2,AX,1,100,-0.896
1868171.000,37689,2,AX,1,100,-0.897
1868211.000,37706,3,AX,1,100,-0.889
1868251.000,37706,3,AX,1,100,-0.893
1868291.000,37706,3,AX,1,100,-0.898
1868331.500,37723,2,AX,1,100,-0.892
1868372.000,37723,2,AX,1,100,-0.893
1868411.667,37739,3,AX,1,100,-0.892
1868451.333,37739,3,AX,1,100,-0.893
1868491.000,37739,3,AX,1,100,-0.897
1868531.000,37757,3,AX,1,100,-0.893
1868571.000,37757,3,AX,1,100,-0.894
1868611.000,37757,3,AX,1,100,-0.894
1868651.000,37771,3,AX,1,100,-0.894
1868691.000,37771,3,AX,1,100,-0.892
1868731.000,37771,3,AX,1,100,-0.894
1868771.000,37788,2,AX,1,100,-0.894
1868811.000,37788,2,AX,1,100,-0.895
1868851.000,37804,3,AX,1,100,-0.895
1868891.000,37804,3,AX,1,100,-0.894
1868931.000,37804,3,AX,1,100,-0.893
1868971.000,37822,2,AX,1,100,-0.893
1869011.000,37822,2,AX,1,100,-0.894
1869051.000,37836,3,AX,1,100,-0.892
1869091.000,37836,3,AX,1,100,-0.896
1869131.000,37836,3,AX,1,100,-0.893
1869171.000,37853,3,AX,1,100,-0.895
1869211.000,37853,3,AX,1,100,-0.893
1869251.000,37853,3,AX,1,100,-0.894
1869291.000,37870,2,AX,1,100,-0.896
1869331.000,37870,2,AX,1,100,-0.894
1869371.333,37887,3,AX,1,100,-0.892
1869411.667,37887,3,AX,1,100,-0.895
1869452.000,37887,3,AX,1,100,-0.896
1869491.500,37901,2,AX,1,100,-0.895
1869531.000,37901,2,AX,1,100,-0.894
1869571.000,37919,3,AX,1,100,-0.891
1869611.000,37919,3,AX,1,100,-0.894
1869651.000,37919,3,AX,1,100,-0.895
1869691.000,37935,2,AX,1,100,-0.894
1869731.000,37935,2,AX,1,100,-0.893
1869771.000,37952,3,AX,1,100,-0.894
1869811.000,37952,3,AX,1,100,-0.895
1869851.000,37952,3,AX,1,100,-0.893
1869891.000,37966,2,AX,1,100,-0.896
1869931.000,37966,2,AX,1,100,-0.893
1869971.000,37984,3,AX,1,100,-0.893
1870011.000,37984,3,AX,1,100,-0.896
1870051.000,37984,3,AX,1,100,-0.889
1870091.000,38000,2,AX,1,100,-0.894
1870131.000,38000,2,AX,1,100,-0.898
1870171.000,38017,3,AX,1,100,-0.892
1870211.000,38017,3,AX,1,100,-0.898
1870251.000,38017,3,AX,1,100,-0.895
1870291.000,38033,2,AX,1,100,-0.892
1870331.000,38033,2,AX,1,100,-0.898
1870371.000,38049,3,AX,1,100,-0.891
1870411.000,38049,3,AX,1,100,-0.896
1870451.000,38049,3,AX,1,100,-0.896
1870491.000,38065,2,AX,1,100,-0.892
1870531.000,38065,2,AX,1,100,-0.894
1870571.000,38083,3,AX,1,100,-0.895
1870611.000,38083,3,AX,1,100,-0.894
1870651.000,38083,3,AX,1,100,-0.896
1870691.000,38099,3,AX,1,100,-0.892
1870731.000,38099,3,AX,1,100,-0.894
1870771.000,38099,3,AX,1,100,-0.895
1870811.000,38114,3,AX,1,100,-0.894
1870851.000,38114,3,AX,1,100,-0.893
1870891.000,38114,3,AX,1,100,-0.894
1870931.000,38131,2,AX,1,100,-0.894
1870971.000,38131,2,AX,1,100,-0.895
1871011.000,38148,3,AX,1,100,-0.895
1871051.000,38148,3,AX,1,100,-0.892
1871091.000,38148,3,AX,1,100,-0.891
1871131.000,38164,2,AX,1,100,-0.897
1871171.000,38164,2,AX,1,100,-0.896
1871211.000,38180,3,AX,1,100,-0.896
1871251.000,38180,3,AX,1,100,-0.895
1871291.000,38180,3,AX,1,100,-0.894
1871331.000,38198,2,AX,1,100,-0.896
1871371.000,38198,2,AX,1,100,-0.893
1871411.000,38215,3,AX,1,100,-0.895
1871451.000,38215,3,AX,1,100,-0.894
1871491.000,38215,3,AX,1,100,-0.894
1871531.000,38231,2,AX,1,100,-0.896
1871571.000,38231,2,AX,1,100,-0.895
1871611.000,38249,3,AX,1,100,-0.892
1871651.000,38249,3,AX,1,100,-0.895
1871691.000,38249,3,AX,1,100,-0.892
1871731.000,38263,2,AX,1,100,-0.895
1871771.000,38263,2,AX,1,100,-0.896
1871811.000,38280,3,AX,1,100,-0.891
1871851.000,38280,3,AX,1,100,-0.894
1871891.000,38280,3,AX,1,100,-0.894
1871931.000,38297,2,AX,1,100,-0.892
1871971.000,38297,2,AX,1,100,-0.894
1872011.000,38314,3,AX,1,100,-0.893
1872051.000,38314,3,AX,1,100,-0.894
1872091.000,38314,3,AX,1,100,-0.896
1872131.000,38328,3,AX,1,100,-0.896
1872171.000,38328,3,AX,1,100,-0.893
1872211.000,38328,3,AX,1,100,-0.894
1872251.000,38351,4,AX,1,100,-0.895
1872291.000,38351,4,AX,1,100,-0.895
1872331.000,38351,4,AX,1,100,-0.896
1872371.000,38351,4,AX,1,100,-0.892
1872411.000,38367,3,AX,1,100,-0.894
1872451.000,38367,3,AX,1,100,-0.894
1872491.000,38367,3,AX,1,100,-0.894
1872531.000,38382,2,AX,1,100,-0.895
1872571.000,38382,2,AX,1,100,-0.894
1872611.000,38400,3,AX,1,100,-0.893
1872651.000,38400,3,AX,1,100,-0.895
1872691.000,38400,3,AX,1,100,-0.895
1872731.000,38416,2,AX,1,100,-0.894
1872771.000,38416,2,AX,1,100,-0.892
1872811.000,38433,3,AX,1,100,-0.892
1872851.000,38433,3,AX,1,100,-0.895
1872891.000,38433,3,AX,1,100,-0.894
1872931.000,38450,3,AX,1,100,-0.893
1872971.000,38450,3,AX,1,100,-0.895
1873011.000,38450,3,AX,1,100,-0.894
1873051.000,38465,3,AX,1,100,-0.894
1873091.000,38465,3,AX,1,100,-0.896
1873131.000,38465,3,AX,1,100,-0.893
1873171.000,38481,2,AX,1,100,-0.894
1873211.000,38481,2,AX,1,100,-0.893
1873251.000,38499,3,AX,1,100,-0.893
1873291.000,38499,3,AX,1,100,-0.895
1873331.000,38499,3,AX,1,100,-0.893
1873371.000,38515,2,AX,1,100,-0.892
1873411.000,38515,2,AX,1,100,-0.893
1873451.000,38530,3,AX,1,100,-0.895
1873491.000,38530,3,AX,1,100,-0.895
1873531.000,38530,3,AX,1,100,-0.891
1873571.000,38547,2,AX,1,100,-0.893
1873611.000,38547,2,AX,1,100,-0.896
1873651.000,38564,3,AX,1,100,-0.893
1873691.000,38564,3,AX,1,100,-0.893
1873731.000,38564,3,AX,1,100,-0.896
1873771.000,38580,2,AX,1,100,-0.894
1873811.000,38580,2,AX,1,100,-0.893
1873851.000,38595,3,AX,1,100,-0.894
1873891.000,38595,3,AX,1,100,-0.892
1873931.000,38595,3,AX,1,100,-0.895
1873971.000,38612,3,AX,1,100,-0.895
1874011.000,38612,3,AX,1,100,-0.895
1874051.000,38612,3,AX,1,100,-0.895
1874091.000,38629,2,AX,1,100,-0.893
1874131.000,38629,2,AX,1,100,-0.893
1874171.000,38645,3,AX,1,100,-0.894
1874211.000,38645,3,AX,1,100,-0.894
1874251.000,38645,3,AX,1,100,-0.893
1874291.000,38661,2,AX,1,100,-0.894
1874331.000,38661,2,AX,1,100,-0.894
1874371.000,38677,3,AX,1,100,-0.892
1874411.000,38677,3,AX,1,100,-0.894
1874451.000,38677,3,AX,1,100,-0.894
1874491.000,38694,2,AX,1,100,-0.893
1874531.000,38694,2,AX,1,100,-0.894
1874571.000,38711,3,AX,1,100,-0.894
1874611.000,38711,3,AX,1,100,-0.894
1874651.000,38711,3,AX,1,100,-0.896
1874691.000,38726,2,AX,1,100,-0.892
1874731.000,38726,2,AX,1,100,-0.897
1874771.000,38742,3,AX,1,100,-0.893
1874811.000,38742,3,AX,1,100,-0.893
1874851.000,38742,3,AX,1,100,-0.895
1874891.000,38759,2,AX,1,100,-0.894
1874931.000,38759,2,AX,1,100,-0.896
1874971.000,38776,3,AX,1,100,-0.893
1875011.000,38776,3,AX,1,100,-0.892
1875051.000,38776,3,AX,1,100,-0.895
1875091.000,38792,2,AX,1,100,-0.894
1875131.000,38792,2,AX,1,100,-0.894
1875171.000,38807,3,AX,1,100,-0.896
1875211.000,38807,3,AX,1,100,-0.895
1875251.000,38807,3,AX,1,100,-0.894
1875291.000,38825,3,AX,1,100,-0.892
1875331.000,38825,3,AX,1,100,-0.894
1875371.000,38825,3,AX,1,100,-0.896
1875411.000,38841,3,AX,1,100,-0.893
1875451.000,38841,3,AX,1,100,-0.891
1875491.000,38841,3,AX,1,100,-0.893
1875531.000,38858,2,AX,1,100,-0.896
1875571.000,38858,2,AX,1,100,-0.895
1875611.000,38874,3,AX,1,100,-0.893
1875651.000,38874,3,AX,1,100,-0.892
1875691.000,38874,3,AX,1,100,-0.896
1875731.000,38890,2,AX,1,100,-0.894
1875771.000,38890,2,AX,1,100,-0.893
1875811.000,38906,3,AX,1,100,-0.892
1875851.000,38906,3,AX,1,100,-0.895
1875891.000,38906,3,AX,1,100,-0.894
1875931.000,38924,2,AX,1,100,-0.895
1875971.000,38924,2,AX,1,100,-0.892
1876011.000,38940,3,AX,1,100,-0.892
1876051.000,38940,3,AX,1,100,-0.894
1876091.000,38940,3,AX,1,100,-0.893
1876131.000,38955,2,AX,1,100,-0.891
1876171.000,38955,2,AX,1,100,-0.896
1876211.000,38972,3,AX,1,100,-0.894
1876251.000,38972,3,AX,1,100,-0.895
1876291.000,38972,3,AX,1,100,-0.894
1876331.000,38991,2,AX,1,100,-0.896
1876371.000,38991,2,AX,1,100,-0.894
1876411.000,39007,3,AX,1,100,-0.892
1876451.000,39007,3,AX,1,100,-0.893
1876491.000,39007,3,AX,1,100,-0.894
1876531.000,39022,3,AX,1,100,-0.896
1876571.000,39022,3,AX,1,100,-0.894
1876611.000,39022,3,AX,1,100,-0.892
1876651.000,39039,2,AX,1,100,-0.894
1876691.000,39039,2,AX,1,100,-0.894
1876731.000,39056,3,AX,1,100,-0.893
1876771.000,39056,3,AX,1,100,-0.893
1876811.000,39056,3,AX,1,100,-0.893
1876851.000,39072,2,AX,1,100,-0.895
1876891.000,39072,2,AX,1,100,-0.894
1876931.000,39088,3,AX,1,100,-0.894
1876971.000,39088,3,AX,1,100,-0.892
1877011.000,39088,3,AX,1,100,-0.892
1877051.000,39104,2,AX,1,100,-0.894
1877091.000,39104,2,AX,1,100,-0.894
1877131.000,39121,3,AX,1,100,-0.892
1877171.000,39121,3,AX,1,100,-0.893
1877211.000,39121,3,AX,1,100,-0.894
1877250.667,39138,3,AX,1,100,-0.894
1877290.333,39138,3,AX,1,100,-0.893
1877330.000,39138,3,AX,1,100,-0.893
1877370.000,39160,4,AX,1,100,-0.892
1877410.000,39160,4,AX,1,100,-0.893
1877450.000,39160,4,AX,1,100,-0.895
1877490.000,39160,4,AX,1,100,-0.896
1877530.000,39176,3,AX,1,100,-0.892
1877570.000,39176,3,AX,1,100,-0.894
1877610.000,39176,3,AX,1,100,-0.896
1877650.000,39194,3,AX,1,100,-0.896
1877690.000,39194,3,AX,1,100,-0.894
1877730.000,39194,3,AX,1,100,-0.892
1877770.500,39210,2,AX,1,100,-0.894
1877811.000,39210,2,AX,1,100,-0.898
1877851.000,39225,3,AX,1,100,-0.899
1877891.000,39225,3,AX,1,100,-0.895
1877931.000,39225,3,AX,1,100,-0.897
1877971.000,39242,2,AX,1,100,-0.896
1878011.000,39242,2,AX,1,100,-0.895
1878051.000,39259,3,AX,1,100,-0.896
1878091.000,39259,3,AX,1,100,-0.893
1878131.000,39259,3,AX,1,100,-0.895
1878170.500,39275,2,AX,1,100,-0.893
1878210.000,39275,2,AX,1,100,-0.891
1878250.000,39291,3,AX,1,100,-0.895
1878290.000,39291,3,AX,1,100,-0.896
1878330.000,39291,3,AX,1,100,-0.894
1878370.000,39307,3,AX,1,100,-0.893
1878410.000,39307,3,AX,1,100,-0.896
1878450.000,39307,3,AX,1,100,-0.894
1878490.000,39324,2,AX,1,100,-0.895
1878530.000,39324,2,AX,1,100,-0.894
1878570.000,39341,3,AX,1,100,-0.893
1878610.000,39341,3,AX,1,100,-0.893
1878650.000,39341,3,AX,1,100,-0.892
1878690.000,39356,2,AX,1,100,-0.893
1878730.000,39356,2,AX,1,100,-0.897
1878770.000,39372,3,AX,1,100,-0.894
1878810.000,39372,3,AX,1,100,-0.895
1878850.000,39372,3,AX,1,100,-0.891
1878890.000,39389,2,AX,1,100,-0.893
1878930.000,39389,2,AX,1,100,-0.896
1878970.000,39406,3,AX,1,100,-0.893
1879010.000,39406,3,AX,1,100,-0.892
1879050.000,39406,3,AX,1,100,-0.896
1879090.000,39421,2,AX,1,100,-0.892
1879130.000,39421,2,AX,1,100,-0.895
1879170.000,39437,3,AX,1,100,-0.893
1879210.000,39437,3,AX,1,100,-0.893
1879250.000,39437,3,AX,1,100,-0.893
1879290.000,39455,2,AX,1,100,-0.894
1879330.000,39455,2,AX,1,100,-0.894
1879370.000,39471,3,AX,1,100,-0.896
1879410.000,39471,3,AX,1,100,-0.894
1879450.000,39471,3,AX,1,100,-0.891
1879490.000,39487,2,AX,1,100,-0.894
1879530.000,39487,2,AX,1,100,-0.894
1879570.000,39503,3,AX,1,100,-0.898
1879610.000,39503,3,AX,1,100,-0.893
1879650.000,39503,3,AX,1,100,-0.892
1879690.000,39520,2,AX,1,100,-0.896
1879730.000,39520,2,AX,1,100,-0.893
1879770.000,39536,3,AX,1,100,-0.895
1879810.000,39536,3,AX,1,100,-0.894
1879850.000,39536,3,AX,1,100,-0.887
1879890.000,39554,3,AX,1,100,-0.896
1879930.000,39554,3,AX,1,100,-0.893
1879970.000,39554,3,AX,1,100,-0.891
1880010.000,39568,2,AX,1,100,-0.894
1880050.000,39568,2,AX,1,100,-0.893
1880090.000,39585,3,AX,1,100,-0.894
1880130.000,39585,3,AX,1,100,-0.896
1880170.000,39585,3,AX,1,100,-0.891
1880210.000,39601,3,AX,1,100,-0.893
1880250.000,39601,3,AX,1,100,-0.894
1880290.000,39601,3,AX,1,100,-0.890
1880330.000,39619,2,AX,1,100,-0.894
1880370.000,39619,2,AX,1,100,-0.892
1880410.000,39633,3,AX,1,100,-0.893
1880450.000,39633,3,AX,1,100,-0.895
1880490.000,39633,3,AX,1,100,-0.892
1880530.000,39650,2,AX,1,100,-0.897
1880570.000,39650,2,AX,1,100,-0.895
1880610.000,39667,3,AX,1,100,-0.892
1880650.000,39667,3,AX,1,100,-0.896
1880690.000,39667,3,AX,1,100,-0.891
1880730.000,39684,2,AX,1,100,-0.892
1880770.000,39684,2,AX,1,100,-0.894
1880810.000,39699,3,AX,1,100,-0.893
1880850.000,39699,3,AX,1,100,-0.894
1880890.000,39699,3,AX,1,100,-0.896
1880930.000,39716,2,AX,1,100,-0.894
1880970.000,39716,2,AX,1,100,-0.892
1881010.000,39732,3,AX,1,100,-0.894
1881050.000,39732,3,AX,1,100,-0.895
1881090.000,39732,3,AX,1,100,-0.894
1881130.000,39749,2,AX,1,100,-0.893
1881170.000,39749,2,AX,1,100,-0.891
1881210.000,39766,3,AX,1,100,-0.893
1881250.000,39766,3,AX,1,100,-0.895
1881290.000,39766,3,AX,1,100,-0.893
1881330.500,39783,2,AX,1,100,-0.896
1881371.000,39783,2,AX,1,100,-0.893
1881410.667,39799,3,AX,1,100,-0.888
1881450.333,39799,3,AX,1,100,-0.893
1881490.000,39799,3,AX,1,100,-0.890
1881530.333,39816,3,AX,1,100,-0.886
1881570.667,39816,3,AX,1,100,-0.894
1881611.000,39816,3,AX,1,100,-0.891
1881651.000,39833,2,AX,1,100,-0.893
1881691.000,39833,2,AX,1,100,-0.896
1881731.000,39848,3,AX,1,100,-0.889
1881771.000,39848,3,AX,1,100,-0.893
1881811.000,39848,3,AX,1,100,-0.896
1881851.000,39864,2,AX,1,100,-0.894
1881891.000,39864,2,AX,1,100,-0.894
1881931.000,39882,5,AX,1,100,-0.893
1881971.000,39882,5,AX,1,100,-0.893
1882011.000,39882,5,AX,1,100,-0.896
1882051.000,39882,5,AX,1,100,-0.895
1882091.000,39882,5,AX,1,100,-0.894
1882131.000,39898,4,AX,1,100,-0.894
1882171.000,39898,4,AX,1,100,-0.895
1882211.000,39898,4,AX,1,100,-0.895
1882251.000,39898,4,AX,1,100,-0.894
1882291.000,39916,5,AX,1,100,-0.892
1882331.000,39916,5,AX,1,100,-0.894
1882371.000,39916,5,AX,1,100,-0.894
1882411.000,39916,5,AX,1,100,-0.894
1882451.000,39916,5,AX,1,100,-0.894
1882491.000,39939,6,AX,1,100,-0.893
1882531.000,39939,6,AX,1,100,-0.894
1882571.000,39939,6,AX,1,100,-0.894
1882611.000,39939,6,AX,1,100,-0.896
1882651.000,39939,6,AX,1,100,-0.897
1882691.000,39939,6,AX,1,100,-0.894
1882731.000,39955,3,AX,1,100,-0.893
1882771.000,39955,3,AX,1,100,-0.896
1882811.000,39955,3,AX,1,100,-0.896
1882851.000,39972,2,AX,1,100,-0.894
1882891.000,39972,2,AX,1,100,-0.892
1882931.000,39987,3,AX,1,100,-0.896
1882971.000,39987,3,AX,1,100,-0.893
1883011.000,39987,3,AX,1,100,-0.889
1883051.000,40004,2,AX,1,100,-0.893
1883091.000,40004,2,AX,1,100,-0.890
1883131.000,40020,3,AX,1,100,-0.891
1883171.000,40020,3,AX,1,100,-0.894
1883211.000,40020,3,AX,1,100,-0.891
1883251.000,40038,2,AX,1,100,-0.895
1883291.000,40038,2,AX,1,100,-0.889
1883331.000,40053,3,AX,1,100,-0.892
1883371.000,40053,3,AX,1,100,-0.900
1883411.000,40053,3,AX,1,100,-0.890
1883451.000,40069,3,AX,1,100,-0.890
1883491.000,40069,3,AX,1,100,-0.895
1883531.000,40069,3,AX,1,100,-0.894
1883571.000,40085,2,AX,1,100,-0.895
1883611.000,40085,2,AX,1,100,-0.894
1883651.000,40103,3,AX,1,100,-0.892
1883691.000,40103,3,AX,1,100,-0.897
1883731.000,40103,3,AX,1,100,-0.896
1883771.000,40119,2,AX,1,100,-0.893
1883811.000,40119,2,AX,1,100,-0.896
1883851.000,40134,3,AX,1,100,-0.892
1883891.000,40134,3,AX,1,100,-0.898
1883931.000,40134,3,AX,1,100,-0.892
1883971.000,40151,2,AX,1,100,-0.892
1884011.000,40151,2,AX,1,100,-0.889
1884051.000,40168,3,AX,1,100,-0.896
1884091.000,40168,3,AX,1,100,-0.897
1884131.000,40168,3,AX,1,100,-0.892
1884171.000,40184,2,AX,1,100,-0.894
1884211.000,40184,2,AX,1,100,-0.894
1884251.000,40200,3,AX,1,100,-0.892
1884291.000,40200,3,AX,1,100,-0.895
1884331.000,40200,3,AX,1,100,-0.895
1884371.000,40216,2,AX,1,100,-0.893
1884411.000,40216,2,AX,1,100,-0.895
1884450.667,40233,3,AX,1,100,-0.893
1884490.333,40233,3,AX,1,100,-0.893
1884530.000,40233,3,AX,1,100,-0.896
1884570.500,40250,2,AX,1,100,-0.894
1884611.000,40250,2,AX,1,100,-0.894
1884650.667,40265,3,AX,1,100,-0.894
1884690.333,40265,3,AX,1,100,-0.893
1884730.000,40265,3,AX,1,100,-0.895
1884770.000,40281,3,AX,1,100,-0.895
1884810.000,40281,3,AX,1,100,-0.891
1884850.000,40281,3,AX,1,100,-0.896
1884890.000,40298,2,AX,1,100,-0.894
1884930.000,40298,2,AX,1,100,-0.893
1884970.000,40315,3,AX,1,100,-0.892
1885010.000,40315,3,AX,1,100,-0.894
1885050.000,40315,3,AX,1,100,-0.896
1885090.000,40330,2,AX,1,100,-0.895
1885130.000,40330,2,AX,1,100,-0.893
1885170.000,40346,3,AX,1,100,-0.894
1885210.000,40346,3,AX,1,100,-0.897
1885250.000,40346,3,AX,1,100,-0.894
1885290.000,40364,2,AX,1,100,-0.894
1885330.000,40364,2,AX,1,100,-0.893
1885370.000,40380,3,AX,1,100,-0.893
1885410.000,40380,3,AX,1,100,-0.895
1885450.000,40380,3,AX,1,100,-0.895
1885490.000,40396,2,AX,1,100,-0.894
1885530.000,40396,2,AX,1,100,-0.895
1885570.000,40412,3,AX,1,100,-0.892
1885610.000,40412,3,AX,1,100,-0.893
1885650.000,40412,3,AX,1,100,-0.894
1885690.000,40429,2,AX,1,100,-0.896
1885730.000,40429,2,AX,1,100,-0.896
1885770.000,40445,3,AX,1,100,-0.893
1885810.000,40445,3,AX,1,100,-0.894
1885850.000,40445,3,AX,1,100,-0.895
1885890.000,40461,2,AX,1,100,-0.894
1885930.000,40461,2,AX,1,100,-0.889
1885970.000,40477,3,AX,1,100,-0.896
1886010.000,40477,3,AX,1,100,-0.894
1886050.000,40477,3,AX,1,100,-0.898
1886090.000,40494,3,AX,1,100,-0.896
1886130.000,40494,3,AX,1,100,-0.891
1886170.000,40494,3,AX,1,100,-0.896
1886210.000,40510,2,AX,1,100,-0.895
1886250.000,40510,2,AX,1,100,-0.892
1886290.000,40530,3,AX,1,100,-0.891
1886330.000,40530,3,AX,1,100,-0.891
1886370.000,40530,3,AX,1,100,-0.895
1886410.000,40544,2,AX,1,100,-0.898
1886450.000,40544,2,AX,1,100,-0.891
1886490.000,40561,3,AX,1,100,-0.894
1886530.000,40561,3,AX,1,100,-0.879
1886570.000,40561,3,AX,1,100,-0.897
1886610.000,40578,2,AX,1,100,-0.906
1886650.000,40578,2,AX,1,100,-0.878
1886690.000,40595,3,AX,1,100,-0.893
1886730.000,40595,3,AX,1,100,-0.899
1886770.000,40595,3,AX,1,100,-0.892
1886810.000,40609,2,AX,1,100,-0.894
1886850.000,40609,2,AX,1,100,-0.891
1886890.000,40627,3,AX,1,100,-0.891
1886930.000,40627,3,AX,1,100,-0.890
1886970.000,40627,3,AX,1,100,-0.895
1887010.000,40643,2,AX,1,100,-0.892
1887050.000,40643,2,AX,1,100,-0.884
1887090.000,40660,3,AX,1,100,-0.896
1887130.000,40660,3,AX,1,100,-0.897
1887170.000,40660,3,AX,1,100,-0.893
1887210.000,40674,2,AX,1,100,-0.895
1887250.000,40674,2,AX,1,100,-0.888
1887290.000,40692,3,AX,1,100,-0.897
1887330.000,40692,3,AX,1,100,-0.897
1887370.000,40692,3,AX,1,100,-0.891
1887410.000,40708,3,AX,1,100,-0.892
1887450.000,40708,3,AX,1,100,-0.896
1887490.000,40708,3,AX,1,100,-0.893
1887530.000,40725,2,AX,1,100,-0.891
1887570.000,40725,2,AX,1,100,-0.896
1887610.000,40740,3,AX,1,100,-0.896
1887650.000,40740,3,AX,1,100,-0.894
1887690.000,40740,3,AX,1,100,-0.890
1887730.000,40761,3,AX,1,100,-0.894
1887770.000,40761,3,AX,1,100,-0.898
1887810.000,40761,3,AX,1,100,-0.892
1887850.000,40775,3,AX,1,100,-0.892
1887890.000,40775,3,AX,1,100,-0.893
1887930.000,40775,3,AX,1,100,-0.894
1887970.000,40793,2,AX,1,100,-0.896
1888010.000,40793,2,AX,1,100,-0.891
1888050.000,40809,3,AX,1,100,-0.892
1888090.000,40809,3,AX,1,100,-0.894
1888130.000,40809,3,AX,1,100,-0.894
1888170.000,40826,3,AX,1,100,-0.893
1888210.000,40826,3,AX,1,100,-0.893
1888250.000,40826,3,AX,1,100,-0.892
1888290.000,40841,2,AX,1,100,-0.895
1888330.000,40841,2,AX,1,100,-0.894
1888370.000,40858,3,AX,1,100,-0.893
1888410.000,40858,3,AX,1,100,-0.894
1888450.000,40858,3,AX,1,100,-0.896
1888490.000,40874,2,AX,1,100,-0.892
1888530.000,40874,2,AX,1,100,-0.893
1888570.000,40892,3,AX,1,100,-0.893
1888610.000,40892,3,AX,1,100,-0.896
1888650.000,40892,3,AX,1,100,-0.892
1888696.500,40906,2,AX,1,100,-0.893
1888743.000,40906,2,AX,1,100,-0.895
1888778.667,40923,3,AX,1,100,-0.892
1888814.333,40923,3,AX,1,100,-0.894
1888850.000,40923,3,AX,1,100,-0.894
1888896.500,40939,2,AX,1,100,-0.894
1888943.000,40939,2,AX,1,100,-0.893
1888983.000,40957,3,AX,1,100,-0.893
1889023.000,40957,3,AX,1,100,-0.895
1889063.000,40957,3,AX,1,100,-0.895
1889103.000,40972,2,AX,1,100,-0.896
1889143.000,40972,2,AX,1,100,-0.896
1889183.000,40988,3,AX,1,100,-0.892
1889223.000,40988,3,AX,1,100,-0.894
1889263.000,40988,3,AX,1,100,-0.891
1889303.000,41005,2,AX,1,100,-0.894
1889343.000,41005,2,AX,1,100,-0.893
1889383.000,41022,3,AX,1,100,-0.892
1889423.000,41022,3,AX,1,100,-0.896
1889463.000,41022,3,AX,1,100,-0.895
1889503.000,41037,2,AX,1,100,-0.896
1889543.000,41037,2,AX,1,100,-0.894
1889583.000,41054,3,AX,1,100,-0.890
1889623.000,41054,3,AX,1,100,-0.896
1889663.000,41054,3,AX,1,100,-0.895
1889703.000,41070,2,AX,1,100,-0.894
1889743.000,41070,2,AX,1,100,-0.895
1889783.000,41087,3,AX,1,100,-0.890
1889823.000,41087,3,AX,1,100,-0.894
1889863.000,41087,3,AX,1,100,-0.894
1889903.000,41104,2,AX,1,100,-0.892
1889943.000,41104,2,AX,1,100,-0.898
1889983.000,41119,3,AX,1,100,-0.897
1890023.000,41119,3,AX,1,100,-0.894
1890063.000,41119,3,AX,1,100,-0.897
1890103.000,41135,2,AX,1,100,-0.894
1890143.000,41135,2,AX,1,100,-0.894
1890183.000,41152,3,AX,1,100,-0.896
1890223.000,41152,3,AX,1,100,-0.893
1890263.000,41152,3,AX,1,100,-0.892
1890302.500,41169,2,AX,1,100,-0.893
1890342.000,41169,2,AX,1,100,-0.893
1890382.333,41184,3,AX,1,100,-0.896
1890422.667,41184,3,AX,1,100,-0.895
1890463.000,41184,3,AX,1,100,-0.895
1890503.000,41200,3,AX,1,100,-0.896
1890543.000,41200,3,AX,1,100,-0.892
1890583.000,41200,3,AX,1,100,-0.894
1890623.000,41218,2,AX,1,100,-0.896
1890663.000,41218,2,AX,1,100,-0.895
1890703.000,41234,3,AX,1,100,-0.894
1890743.000,41234,3,AX,1,100,-0.894
1890783.000,41234,3,AX,1,100,-0.894
1890823.000,41249,2,AX,1,100,-0.894
1890863.000,41249,2,AX,1,100,-0.891
1890902.667,41266,3,AX,1,100,-0.894
1890942.333,41266,3,AX,1,100,-0.895
1890982.000,41266,3,AX,1,100,-0.895
1891022.000,41283,2,AX,1,100,-0.896
1891062.000,41283,2,AX,1,100,-0.895
1891102.000,41299,3,AX,1,100,-0.896
1891142.000,41299,3,AX,1,100,-0.895
1891182.000,41299,3,AX,1,100,-0.895
1891222.500,41314,2,AX,1,100,-0.894
1891263.000,41314,2,AX,1,100,-0.895
1891303.000,41333,3,AX,1,100,-0.897
1891343.000,41333,3,AX,1,100,-0.894
1891383.000,41333,3,AX,1,100,-0.895
1891423.000,41350,2,AX,1,100,-0.894
1891463.000,41350,2,AX,1,100,-0.892
1891502.667,41366,3,AX,1,100,-0.893
1891542.333,41366,3,AX,1,100,-0.896
1891582.000,41366,3,AX,1,100,-0.895
1891622.000,41383,2,AX,1,100,-0.894
1891662.000,41383,2,AX,1,100,-0.893
1891702.000,41398,3,AX,1,100,-0.894
1891742.000,41398,3,AX,1,100,-0.897
1891782.000,41398,3,AX,1,100,-0.895
1891822.000,41415,3,AX,1,100,-0.894
1891862.000,41415,3,AX,1,100,-0.893
1891902.000,41415,3,AX,1,100,-0.893
1891942.500,41432,2,AX,1,100,-0.894
1891983.000,41432,2,AX,1,100,-0.896
1892022.667,41449,3,AX,1,100,-0.892
1892062.333,41449,3,AX,1,100,-0.892
1892102.000,41449,3,AX,1,100,-0.895
1892142.000,41463,2,AX,1,100,-0.894
1892182.000,41463,2,AX,1,100,-0.895
1892222.000,41481,3,AX,1,100,-0.894
1892262.000,41481,3,AX,1,100,-0.893
1892302.000,41481,3,AX,1,100,-0.894
1892342.000,41497,2,AX,1,100,-0.894
1892382.000,41497,2,AX,1,100,-0.896
1892422.000,41514,3,AX,1,100,-0.893
1892462.000,41514,3,AX,1,100,-0.892
1892502.000,41514,3,AX,1,100,-0.894
1892542.000,41528,2,AX,1,100,-0.894
1892582.000,41528,2,AX,1,100,-0.893
1892622.000,41546,3,AX,1,100,-0.899
1892662.000,41546,3,AX,1,100,-0.894
1892702.000,41546,3,AX,1,100,-0.897
1892742.000,41562,2,AX,1,100,-0.897
1892782.000,41562,2,AX,1,100,-0.891
1892822.000,41585,4,AX,1,100,-0.893
1892862.000,41585,4,AX,1,100,-0.896
1892902.000,41585,4,AX,1,100,-0.893
1892942.000,41585,4,AX,1,100,-0.894
1892982.000,41602,3,AX,1,100,-0.892
1893022.000,41602,3,AX,1,100,-0.895
1893062.000,41602,3,AX,1,100,-0.895
1893102.000,41618,2,AX,1,100,-0.892
1893142.000,41618,2,AX,1,100,-0.893
1893182.000,41633,3,AX,1,100,-0.894
1893222.000,41633,3,AX,1,100,-0.894
1893262.000,41633,3,AX,1,100,-0.892
1893302.000,41651,2,AX,1,100,-0.894
1893342.000,41651,2,AX,1,100,-0.892
1893382.000,41667,3,AX,1,100,-0.894
1893422.000,41667,3,AX,1,100,-0.893
1893462.000,41667,3,AX,1,100,-0.890
1893502.000,41683,2,AX,1,100,-0.894
1893542.000,41683,2,AX,1,100,-0.893
1893582.000,41699,3,AX,1,100,-0.893
1893622.000,41699,3,AX,1,100,-0.896
1893662.000,41699,3,AX,1,100,-0.895
1893702.000,41716,2,AX,1,100,-0.894
1893742.000,41716,2,AX,1,100,-0.893
1893782.000,41732,3,AX,1,100,-0.893
1893822.000,41732,3,AX,1,100,-0.894
1893862.000,41732,3,AX,1,100,-0.895
1893902.000,41750,2,AX,1,100,-0.894
1893942.000,41750,2,AX,1,100,-0.895
1893982.000,41764,3,AX,1,100,-0.897
1894022.000,41764,3,AX,1,100,-0.896
1894062.000,41764,3,AX,1,100,-0.896
1894102.000,41781,2,AX,1,100,-0.893
1894142.000,41781,2,AX,1,100,-0.895
1894182.000,41797,3,AX,1,100,-0.896
1894222.000,41797,3,AX,1,100,-0.894
1894262.000,41797,3,AX,1,100,-0.894
1894302.000,41815,2,AX,1,100,-0.894
1894342.000,41815,2,AX,1,100,-0.891
1894382.000,41829,3,AX,1,100,-0.896
1894422.000,41829,3,AX,1,100,-0.893
1894462.000,41829,3,AX,1,100,-0.895
1894502.000,41846,3,AX,1,100,-0.894
1894542.000,41846,3,AX,1,100,-0.890
1894582.000,41846,3,AX,1,100,-0.893
1894622.000,41863,2,AX,1,100,-0.893
1894662.000,41863,2,AX,1,100,-0.893
1894702.000,41880,3,AX,1,100,-0.894
1894742.000,41880,3,AX,1,100,-0.891
1894782.000,41880,3,AX,1,100,-0.896
1894822.000,41894,2,AX,1,100,-0.896
1894862.000,41894,2,AX,1,100,-0.890
1894902.000,41912,3,AX,1,100,-0.891
1894942.000,41912,3,AX,1,100,-0.895
1894982.000,41912,3,AX,1,100,-0.892
1895022.000,41928,2,AX,1,100,-0.895
1895062.000,41928,2,AX,1,100,-0.891
1895102.000,41945,3,AX,1,100,-0.893
1895142.000,41945,3,AX,1,100,-0.898
1895182.000,41945,3,AX,1,100,-0.894
1895222.000,41959,2,AX,1,100,-0.891
1895262.000,41959,2,AX,1,100,-0.894
1895302.000,41977,3,AX,1,100,-0.895
1895342.000,41977,3,AX,1,100,-0.895
1895382.000,41977,3,AX,1,100,-0.894
1895422.000,41993,2,AX,1,100,-0.893
1895462.000,41993,2,AX,1,100,-0.895
1895502.000,42010,3,AX,1,100,-0.894
1895542.000,42010,3,AX,1,100,-0.891
1895582.000,42010,3,AX,1,100,-0.896
1895622.000,42026,2,AX,1,100,-0.891
1895662.000,42026,2,AX,1,100,-0.894
1895702.000,42042,3,AX,1,100,-0.892
1895742.000,42042,3,AX,1,100,-0.894
1895782.000,42042,3,AX,1,100,-0.895
1895822.000,42058,2,AX,1,100,-0.893
1895862.000,42058,2,AX,1,100,-0.895
1895902.000,42076,3,AX,1,100,-0.896
1895942.000,42076,3,AX,1,100,-0.896
1895982.000,42076,3,AX,1,100,-0.896
1896022.000,42092,3,AX,1,100,-0.894
1896062.000,42092,3,AX,1,100,-0.893
1896102.000,42092,3,AX,1,100,-0.894
1896142.000,42107,2,AX,1,100,-0.896
1896182.000,42107,2,AX,1,100,-0.896
1896222.000,42124,3,AX,1,100,-0.893
1896262.000,42124,3,AX,1,100,-0.895
1896302.000,42124,3,AX,1,100,-0.894
1896342.000,42143,2,AX,1,100,-0.896
1896382.000,42143,2,AX,1,100,-0.895
1896422.000,42159,3,AX,1,100,-0.892
1896462.000,42159,3,AX,1,100,-0.895
1896502.000,42159,3,AX,1,100,-0.893
1896542.000,42174,2,AX,1,100,-0.891
1896582.000,42174,2,AX,1,100,-0.895
1896622.000,42191,3,AX,1,100,-0.892
1896662.000,42191,3,AX,1,100,-0.894
1896702.000,42191,3,AX,1,100,-0.895
1896742.000,42208,2,AX,1,100,-0.894
1896782.000,42208,2,AX,1,100,-0.892
1896822.000,42224,3,AX,1,100,-0.895
1896862.000,42224,3,AX,1,100,-0.891
1896902.000,42224,3,AX,1,100,-0.894
1896942.000,42240,2,AX,1,100,-0.893
1896982.000,42240,2,AX,1,100,-0.892
1897022.000,42256,3,AX,1,100,-0.892
1897062.000,42256,3,AX,1,100,-0.894
1897102.000,42256,3,AX,1,100,-0.893
1897142.000,42273,2,AX,1,100,-0.895
1897182.000,42273,2,AX,1,100,-0.893
1897222.000,42290,3,AX,1,100,-0.894
1897262.000,42290,3,AX,1,100,-0.894
1897302.000,42290,3,AX,1,100,-0.895
1897342.000,42305,2,AX,1,100,-0.894
1897382.000,42305,2,AX,1,100,-0.893
1897422.000,42321,3,AX,1,100,-0.897
1897462.000,42321,3,AX,1,100,-0.894
1897502.000,42321,3,AX,1,100,-0.896
1897542.000,42338,3,AX,1,100,-0.896
1897582.000,42338,3,AX,1,100,-0.895
1897622.000,42338,3,AX,1,100,-0.890
1897662.000,42355,2,AX,1,100,-0.892
1897702.000,42355,2,AX,1,100,-0.894
1897742.000,42371,3,AX,1,100,-0.892
1897782.000,42371,3,AX,1,100,-0.894
1897822.000,42371,3,AX,1,100,-0.894
1897862.000,42386,2,AX,1,100,-0.896
1897902.000,42386,2,AX,1,100,-0.894
1897942.000,42409,4,AX,1,100,-0.895
1897982.000,42409,4,AX,1,100,-0.893
1898022.000,42409,4,AX,1,100,-0.895
1898062.000,42409,4,AX,1,100,-0.896
1898102.000,42425,2,AX,1,100,-0.892
1898142.000,42425,2,AX,1,100,-0.891
1898182.000,42442,3,AX,1,100,-0.894
1898222.000,42442,3,AX,1,100,-0.895
1898262.000,42442,3,AX,1,100,-0.894
1898302.000,42459,2,AX,1,100,-0.893
1898342.000,42459,2,AX,1,100,-0.895
1898382.000,42474,3,AX,1,100,-0.895
1898422.000,42474,3,AX,1,100,-0.896
1898462.000,42474,3,AX,1,100,-0.895
1898502.000,42490,3,AX,1,100,-0.894
1898542.000,42490,3,AX,1,100,-0.894
1898582.000,42490,3,AX,1,100,-0.894
1898622.000,42508,2,AX,1,100,-0.893
1898662.000,42508,2,AX,1,100,-0.894
1898702.000,42524,3,AX,1,100,-0.893
1898742.000,42524,3,AX,1,100,-0.894
1898782.000,42524,3,AX,1,100,-0.893
1898822.000,42539,2,AX,1,100,-0.896
1898862.000,42539,2,AX,1,100,-0.894
1898902.000,42556,3,AX,1,100,-0.891
1898942.000,42556,3,AX,1,100,-0.894
1898982.000,42556,3,AX,1,100,-0.894
1899022.000,42573,2,AX,1,100,-0.896
1899062.000,42573,2,AX,1,100,-0.892
1899102.000,42589,3,AX,1,100,-0.895
1899142.000,42589,3,AX,1,100,-0.894
1899182.000,42589,3,AX,1,100,-0.897
1899222.000,42604,2,AX,1,100,-0.894
1899262.000,42604,2,AX,1,100,-0.892
1899302.000,42621,3,AX,1,100,-0.892
1899342.000,42621,3,AX,1,100,-0.893
1899382.000,42621,3,AX,1,100,-0.895
1899422.000,42638,2,AX,1,100,-0.893
1899462.000,42638,2,AX,1,100,-0.892
1899502.000,42654,3,AX,1,100,-0.894
1899542.000,42654,3,AX,1,100,-0.896
1899582.000,42654,3,AX,1,100,-0.895
1899622.000,42671,2,AX,1,100,-0.893
1899662.000,42671,2,AX,1,100,-0.893
1899702.000,42686,3,AX,1,100,-0.895
1899742.000,42686,3,AX,1,100,-0.895
1899782.000,42686,3,AX,1,100,-0.894
1899822.000,42703,2,AX,1,100,-0.894
1899862.000,42703,2,AX,1,100,-0.894
1899902.000,42720,3,AX,1,100,-0.894
1899942.000,42720,3,AX,1,100,-0.896
1899982.000,42720,3,AX,1,100,-0.896
1900022.000,42736,2,AX,1,100,-0.894
1900062.000,42736,2,AX,1,100,-0.893
1900102.000,42751,3,AX,1,100,-0.893
1900142.000,42751,3,AX,1,100,-0.901
1900182.000,42751,3,AX,1,100,-0.902
1900222.000,42769,3,AX,1,100,-0.897
1900262.000,42769,3,AX,1,100,-0.894
1900302.000,42769,3,AX,1,100,-0.894
1900342.000,42785,2,AX,1,100,-0.894
1900382.000,42785,2,AX,1,100,-0.889
1900422.000,42802,3,AX,1,100,-0.893
1900462.000,42802,3,AX,1,100,-0.895
1900502.000,42802,3,AX,1,100,-0.895
1900542.000,42816,2,AX,1,100,-0.896
1900582.000,42816,2,AX,1,100,-0.892
1900622.000,42834,3,AX,1,100,-0.892
1900662.000,42834,3,AX,1,100,-0.897
1900702.000,42834,3,AX,1,100,-0.895
1900741.500,42850,2,AX,1,100,-0.893
1900781.000,42850,2,AX,1,100,-0.894
1900821.333,42867,3,AX,1,100,-0.896
1900861.667,42867,3,AX,1,100,-0.894
1900902.000,42867,3,AX,1,100,-0.895
1900942.000,42882,2,AX,1,100,-0.892
1900982.000,42882,2,AX,1,100,-0.894
1901022.000,42899,3,AX,1,100,-0.896
1901062.000,42899,3,AX,1,100,-0.892
1901102.000,42899,3,AX,1,100,-0.895
1901141.500,42915,2,AX,1,100,-0.894
1901181.000,42915,2,AX,1,100,-0.893
1901221.333,42933,3,AX,1,100,-0.895
1901261.667,42933,3,AX,1,100,-0.892
1901302.000,42933,3,AX,1,100,-0.893
1901342.000,42949,2,AX,1,100,-0.894
1901382.000,42949,2,AX,1,100,-0.891
1901422.000,42966,3,AX,1,100,-0.894
1901462.000,42966,3,AX,1,100,-0.895
1901502.000,42966,3,AX,1,100,-0.893
1901542.000,42982,3,AX,1,100,-0.893
1901582.000,42982,3,AX,1,100,-0.892
1901622.000,42982,3,AX,1,100,-0.894
1901662.000,43000,2,AX,1,100,-0.896
1901702.000,43000,2,AX,1,100,-0.894
1901741.667,43014,3,AX,1,100,-0.893
1901781.333,43014,3,AX,1,100,-0.893
1901821.000,43014,3,AX,1,100,-0.896
1901861.000,43031,2,AX,1,100,-0.897
1901901.000,43031,2,AX,1,100,-0.894
1901941.000,43048,3,AX,1,100,-0.892
1901981.000,43048,3,AX,1,100,-0.893
1902021.000,43048,3,AX,1,100,-0.894
1902061.500,43065,2,AX,1,100,-0.893
1902102.000,43065,2,AX,1,100,-0.891
1902141.800,43083,5,AX,1,100,-0.894
1902181.600,43083,5,AX,1,100,-0.896
1902221.400,43083,5,AX,1,100,-0.893
1902261.200,43083,5,AX,1,100,-0.895
1902301.000,43083,5,AX,1,100,-0.893
1902341.000,43099,2,AX,1,100,-0.893
1902381.000,43099,2,AX,1,100,-0.890
1902421.000,43116,3,AX,1,100,-0.894
1902461.000,43116,3,AX,1,100,-0.894
1902501.000,43116,3,AX,1,100,-0.891
1902541.000,43130,2,AX,1,100,-0.895
1902581.000,43130,2,AX,1,100,-0.895
1902621.000,43148,3,AX,1,100,-0.895
1902661.000,43148,3,AX,1,100,-0.896
1902701.000,43148,3,AX,1,100,-0.891
1902741.000,43164,3,AX,1,100,-0.891
1902781.000,43164,3,AX,1,100,-0.896
1902821.000,43164,3,AX,1,100,-0.893
1902861.000,43181,2,AX,1,100,-0.894
1902901.000,43181,2,AX,1,100,-0.892
1902941.000,43196,3,AX,1,100,-0.893
1902981.000,43196,3,AX,1,100,-0.895
1903021.000,43196,3,AX,1,100,-0.895
1903061.000,43218,4,AX,1,100,-0.892
1903101.000,43218,4,AX,1,100,-0.895
1903141.000,43218,4,AX,1,100,-0.895
1903181.000,43218,4,AX,1,100,-0.894
1903221.000,43232,2,AX,1,100,-0.895
1903261.000,43232,2,AX,1,100,-0.892
1903301.000,43250,3,AX,1,100,-0.894
1903341.000,43250,3,AX,1,100,-0.893
1903381.000,43250,3,AX,1,100,-0.895
1903421.000,43266,2,AX,1,100,-0.896
1903461.000,43266,2,AX,1,100,-0.892
1903501.000,43283,3,AX,1,100,-0.891
1903541.000,43283,3,AX,1,100,-0.895
1903581.000,43283,3,AX,1,100,-0.894
1903621.000,43298,2,AX,1,100,-0.893
1903661.000,43298,2,AX,1,100,-0.895
1903701.000,43315,3,AX,1,100,-0.894
1903741.000,43315,3,AX,1,100,-0.895
1903781.000,43315,3,AX,1,100,-0.894
1903821.000,43331,2,AX,1,100,-0.893
1903861.000,43331,2,AX,1,100,-0.894
1903901.000,43349,3,AX,1,100,-0.894
1903941.000,43349,3,AX,1,100,-0.894
1903981.000,43349,3,AX,1,100,-0.895
1904021.000,43364,2,AX,1,100,-0.892
1904061.000,43364,2,AX,1,100,-0.893
1904101.000,43380,3,AX,1,100,-0.893
1904141.000,43380,3,AX,1,100,-0.897
1904181.000,43380,3,AX,1,100,-0.894
1904221.000,43396,2,AX,1,100,-0.893
1904261.000,43396,2,AX,1,100,-0.890
1904301.000,43414,3,AX,1,100,-0.892
1904341.000,43414,3,AX,1,100,-0.894
1904381.000,43414,3,AX,1,100,-0.892
1904421.000,43430,3,AX,1,100,-0.892
1904461.000,43430,3,AX,1,100,-0.893
1904501.000,43430,3,AX,1,100,-0.897
1904541.000,43448,3,AX,1,100,-0.893
1904581.000,43448,3,AX,1,100,-0.894
1904621.000,43448,3,AX,1,100,-0.896
1904661.000,43462,2,AX,1,100,-0.894
1904701.000,43462,2,AX,1,100,-0.893
1904741.000,43479,3,AX,1,100,-0.897
1904781.000,43479,3,AX,1,100,-0.893
1904821.000,43479,3,AX,1,100,-0.893
1904861.000,43495,2,AX,1,100,-0.894
1904901.000,43495,2,AX,1,100,-0.897
1904941.000,43513,3,AX,1,100,-0.897
1904981.000,43513,3,AX,1,100,-0.895
1905021.000,43513,3,AX,1,100,-0.896
1905061.000,43527,3,AX,1,100,-0.892
1905101.000,43527,3,AX,1,100,-0.894
1905141.000,43527,3,AX,1,100,-0.896
1905181.000,43544,2,AX,1,100,-0.890
1905221.000,43544,2,AX,1,100,-0.897
1905261.000,43561,3,AX,1,100,-0.896
1905301.000,43561,3,AX,1,100,-0.894
1905341.000,43561,3,AX,1,100,-0.896
1905381.000,43578,2,AX,1,100,-0.891
1905421.000,43578,2,AX,1,100,-0.892
1905461.000,43592,3,AX,1,100,-0.894
1905501.000,43592,3,AX,1,100,-0.897
1905541.000,43592,3,AX,1,100,-0.893
1905581.000,43610,2,AX,1,100,-0.890
1905621.000,43610,2,AX,1,100,-0.896
1905661.000,43626,3,AX,1,100,-0.896
1905701.000,43626,3,AX,1,100,-0.896
1905741.000,43626,3,AX,1,100,-0.892
1905781.000,43643,2,AX,1,100,-0.895
1905821.000,43643,2,AX,1,100,-0.896
1905861.000,43657,3,AX,1,100,-0.892
1905901.000,43657,3,AX,1,100,-0.891
1905941.000,43657,3,AX,1,100,-0.896
1905981.000,43675,2,AX,1,100,-0.895
1906021.000,43675,2,AX,1,100,-0.893
1906061.000,43691,3,AX,1,100,-0.894
1906101.000,43691,3,AX,1,100,-0.894
1906141.000,43691,3,AX,1,100,-0.895
1906181.000,43708,2,AX,1,100,-0.894
1906221.000,43708,2,AX,1,100,-0.892
1906261.000,43723,3,AX,1,100,-0.894
1906301.000,43723,3,AX,1,100,-0.894
1906341.000,43723,3,AX,1,100,-0.895
1906381.000,43742,3,AX,1,100,-0.892
1906421.000,43742,3,AX,1,100,-0.894
1906461.000,43742,3,AX,1,100,-0.896
1906501.000,43758,2,AX,1,100,-0.894
1906541.000,43758,2,AX,1,100,-0.892
1906581.000,43776,3,AX,1,100,-0.893
1906621.000,43776,3,AX,1,100,-0.893
1906661.000,43776,3,AX,1,100,-0.893
1906701.000,43791,2,AX,1,100,-0.890
1906741.000,43791,2,AX,1,100,-0.895
1906781.000,43807,3,AX,1,100,-0.896
1906821.000,43807,3,AX,1,100,-0.895
1906861.000,43807,3,AX,1,100,-0.891
1906901.000,43824,3,AX,1,100,-0.893
1906941.000,43824,3,AX,1,100,-0.894
1906981.000,43824,3,AX,1,100,-0.896
1907021.000,43841,2,AX,1,100,-0.891
1907061.000,43841,2,AX,1,100,-0.895
1907101.000,43857,3,AX,1,100,-0.895
1907141.000,43857,3,AX,1,100,-0.892
1907181.000,43857,3,AX,1,100,-0.896
1907221.000,43873,2,AX,1,100,-0.893
1907261.000,43873,2,AX,1,100,-0.892
1907301.000,43889,3,AX,1,100,-0.896
1907341.000,43889,3,AX,1,100,-0.891
1907381.000,43889,3,AX,1,100,-0.895
1907421.000,43906,2,AX,1,100,-0.897
1907461.000,43906,2,AX,1,100,-0.891
1907501.000,43922,3,AX,1,100,-0.895
1907541.000,43922,3,AX,1,100,-0.895
1907581.000,43922,3,AX,1,100,-0.894
1907621.000,43939,2,AX,1,100,-0.897
1907661.000,43939,2,AX,1,100,-0.892
1907701.000,43954,3,AX,1,100,-0.893
1907741.000,43954,3,AX,1,100,-0.898
1907781.000,43954,3,AX,1,100,-0.896
1907821.000,43971,3,AX,1,100,-0.891
1907861.000,43971,3,AX,1,100,-0.896
1907901.000,43971,3,AX,1,100,-0.893
1907941.000,43988,2,AX,1,100,-0.892
1907981.000,43988,2,AX,1,100,-0.896
1908021.000,44005,3,AX,1,100,-0.890
1908061.000,44005,3,AX,1,100,-0.895
1908101.000,44005,3,AX,1,100,-0.896
1908141.000,44026,4,AX,1,100,-0.889
1908181.000,44026,4,AX,1,100,-0.891
1908221.000,44026,4,AX,1,100,-0.891
1908261.000,44026,4,AX,1,100,-0.891
1908301.000,44044,3,AX,1,100,-0.897
1908341.000,44044,3,AX,1,100,-0.895
1908381.000,44044,3,AX,1,100,-0.893
1908421.000,44058,2,AX,1,100,-0.895
1908461.000,44058,2,AX,1,100,-0.891
1908501.000,44075,3,AX,1,100,-0.895
1908541.000,44075,3,AX,1,100,-0.895
1908581.000,44075,3,AX,1,100,-0.891
1908621.000,44092,2,AX,1,100,-0.894
1908661.000,44092,2,AX,1,100,-0.893
1908701.000,44109,3,AX,1,100,-0.895
1908741.000,44109,3,AX,1,100,-0.897
1908781.000,44109,3,AX,1,100,-0.892
1908821.000,44124,2,AX,1,100,-0.895
1908861.000,44124,2,AX,1,100,-0.896
1908901.000,44141,3,AX,1,100,-0.894
1908941.000,44141,3,AX,1,100,-0.895
1908981.000,44141,3,AX,1,100,-0.895
1909021.000,44157,3,AX,1,100,-0.894
1909061.000,44157,3,AX,1,100,-0.897
1909101.000,44157,3,AX,1,100,-0.894
1909141.000,44174,2,AX,1,100,-0.892
1909181.000,44174,2,AX,1,100,-0.894
1909221.000,44191,3,AX,1,100,-0.893
1909261.000,44191,3,AX,1,100,-0.894
1909301.000,44191,3,AX,1,100,-0.894
1909341.000,44206,2,AX,1,100,-0.893
1909381.000,44206,2,AX,1,100,-0.896
1909421.000,44222,3,AX,1,100,-0.894
1909461.000,44222,3,AX,1,100,-0.895
1909501.000,44222,3,AX,1,100,-0.895
1909541.000,44239,3,AX,1,100,-0.891
1909581.000,44239,3,AX,1,100,-0.894
1909621.000,44239,3,AX,1,100,-0.898
1909661.000,44256,2,AX,1,100,-0.895
1909701.000,44256,2,AX,1,100,-0.897
1909741.000,44271,3,AX,1,100,-0.891
1909781.000,44271,3,AX,1,100,-0.894
1909821.000,44271,3,AX,1,100,-0.899
1909861.000,44287,2,AX,1,100,-0.895
1909901.000,44287,2,AX,1,100,-0.894
1909941.000,44305,3,AX,1,100,-0.896
1909981.000,44305,3,AX,1,100,-0.891
1910021.000,44305,3,AX,1,100,-0.898
1910061.000,44321,2,AX,1,100,-0.897
1910101.000,44321,2,AX,1,100,-0.892
1910140.667,44337,3,AX,1,100,-0.894
1910180.333,44337,3,AX,1,100,-0.894
1910220.000,44337,3,AX,1,100,-0.894
1910260.500,44353,2,AX,1,100,-0.894
1910301.000,44353,2,AX,1,100,-0.891
1910340.667,44370,3,AX,1,100,-0.895
1910380.333,44370,3,AX,1,100,-0.894
1910420.000,44370,3,AX,1,100,-0.895
1910460.500,44386,2,AX,1,100,-0.893
1910501.000,44386,2,AX,1,100,-0.892
1910541.000,44402,3,AX,1,100,-0.895
1910581.000,44402,3,AX,1,100,-0.894
1910621.000,44402,3,AX,1,100,-0.893
1910661.000,44418,2,AX,1,100,-0.895
1910701.000,44418,2,AX,1,100,-0.894
1910741.000,44435,3,AX,1,100,-0.893
1910781.000,44435,3,AX,1,100,-0.894
1910821.000,44435,3,AX,1,100,-0.892
1910860.500,44451,2,AX,1,100,-0.894
1910900.000,44451,2,AX,1,100,-0.894
1910940.000,44469,3,AX,1,100,-0.893
1910980.000,44469,3,AX,1,100,-0.896
1911020.000,44469,3,AX,1,100,-0.894
1911060.500,44483,2,AX,1,100,-0.896
1911101.000,44483,2,AX,1,100,-0.894
1911141.000,44500,3,AX,1,100,-0.893
1911181.000,44500,3,AX,1,100,-0.896
1911221.000,44500,3,AX,1,100,-0.893
1911260.667,44518,3,AX,1,100,-0.893
1911300.333,44518,3,AX,1,100,-0.896
1911340.000,44518,3,AX,1,100,-0.891
1911380.333,44536,3,AX,1,100,-0.892
1911420.667,44536,3,AX,1,100,-0.895
1911461.000,44536,3,AX,1,100,-0.893
1911500.500,44553,2,AX,1,100,-0.896
1911540.000,44553,2,AX,1,100,-0.894
1911580.000,44568,3,AX,1,100,-0.895
1911620.000,44568,3,AX,1,100,-0.894
1911660.000,44568,3,AX,1,100,-0.893
1911700.000,44585,3,AX,1,100,-0.894
1911740.000,44585,3,AX,1,100,-0.896
1911780.000,44585,3,AX,1,100,-0.896
1911820.000,44601,2,AX,1,100,-0.892
1911860.000,44601,2,AX,1,100,-0.895
1911900.000,44619,3,AX,1,100,-0.893
1911940.000,44619,3,AX,1,100,-0.894
1911980.000,44619,3,AX,1,100,-0.896
1912020.500,44633,2,AX,1,100,-0.892
1912061.000,44633,2,AX,1,100,-0.894
1912100.667,44650,3,AX,1,100,-0.892
1912140.333,44650,3,AX,1,100,-0.896
1912180.000,44650,3,AX,1,100,-0.894
1912220.000,44666,2,AX,1,100,-0.892
1912260.000,44666,2,AX,1,100,-0.893
1912300.000,44684,3,AX,1,100,-0.894
1912340.000,44684,3,AX,1,100,-0.895
1912380.000,44684,3,AX,1,100,-0.896
1912420.000,44698,2,AX,1,100,-0.893
1912460.000,44698,2,AX,1,100,-0.893
1912500.000,44715,3,AX,1,100,-0.895
1912540.000,44715,3,AX,1,100,-0.891
1912580.000,44715,3,AX,1,100,-0.893
1912620.500,44732,2,AX,1,100,-0.895
1912661.000,44732,2,AX,1,100,-0.895
1912701.000,44749,3,AX,1,100,-0.896
1912741.000,44749,3,AX,1,100,-0.895
1912781.000,44749,3,AX,1,100,-0.891
1912821.000,44764,2,AX,1,100,-0.894
1912861.000,44764,2,AX,1,100,-0.894
1912901.000,44781,3,AX,1,100,-0.894
1912941.000,44781,3,AX,1,100,-0.895
1912981.000,44781,3,AX,1,100,-0.895
1913021.000,44797,3,AX,1,100,-0.892
1913061.000,44797,3,AX,1,100,-0.894
1913101.000,44797,3,AX,1,100,-0.894
1913141.000,44814,2,AX,1,100,-0.892
1913181.000,44814,2,AX,1,100,-0.894
1913221.000,44835,5,AX,1,100,-0.893
1913261.000,44835,5,AX,1,100,-0.896
1913301.000,44835,5,AX,1,100,-0.894
1913341.000,44835,5,AX,1,100,-0.894
1913381.000,44835,5,AX,1,100,-0.895
1913421.000,44851,3,AX,1,100,-0.896
1913461.000,44851,3,AX,1,100,-0.896
1913501.000,44851,3,AX,1,100,-0.892
