EmotiBitTimestamp,PacketNumber,DataLength,TypeTag,ProtocolVersion,DataReliability,MY
1839561.000,33093,1,MY,1,100,79
1839601.000,33108,2,MY,1,100,80
1839641.000,33108,2,MY,1,100,79
1839681.000,33125,3,MY,1,100,79
1839721.000,33125,3,MY,1,100,80
1839761.000,33125,3,MY,1,100,80
1839801.000,33143,3,MY,1,100,78
1839841.000,33143,3,MY,1,100,78
1839881.000,33143,3,MY,1,100,78
1839921.000,33161,2,MY,1,100,78
1839961.000,33161,2,MY,1,100,77
1840001.000,33175,3,MY,1,100,78
1840041.000,33175,3,MY,1,100,78
1840081.000,33175,3,MY,1,100,79
1840121.000,33192,2,MY,1,100,78
1840161.000,33192,2,MY,1,100,78
1840201.000,33208,3,MY,1,100,78
1840241.000,33208,3,MY,1,100,78
1840281.000,33208,3,MY,1,100,78
1840321.000,33226,2,MY,1,100,78
1840361.000,33226,2,MY,1,100,79
1840401.000,33240,3,MY,1,100,78
1840441.000,33240,3,MY,1,100,78
1840481.000,33240,3,MY,1,100,77
1840521.000,33257,2,MY,1,100,78
1840561.000,33257,2,MY,1,100,78
1840601.000,33274,3,MY,1,100,77
1840641.000,33274,3,MY,1,100,78
1840681.000,33274,3,MY,1,100,78
1840721.000,33291,2,MY,1,100,77
1840761.000,33291,2,MY,1,100,78
1840801.000,33305,3,MY,1,100,78
1840841.000,33305,3,MY,1,100,78
1840881.000,33305,3,MY,1,100,77
1840921.000,33323,2,MY,1,100,78
1840961.000,33323,2,MY,1,100,77
1841001.000,33341,3,MY,1,100,78
1841041.000,33341,3,MY,1,100,78
1841081.000,33341,3,MY,1,100,79
1841121.000,33358,3,MY,1,100,77
1841161.000,33358,3,MY,1,100,78
1841201.000,33358,3,MY,1,100,77
1841241.000,33375,2,MY,1,100,78
1841281.000,33375,2,MY,1,100,78
1841321.000,33392,3,MY,1,100,78
1841361.000,33392,3,MY,1,100,77
1841401.000,33392,3,MY,1,100,78
1841441.000,33408,2,MY,1,100,77
1841481.000,33408,2,MY,1,100,77
1841521.000,33431,5,MY,1,100,78
1841561.000,33431,5,MY,1,100,78
1841601.000,33431,5,MY,1,100,80
1841641.000,33431,5,MY,1,100,79
1841681.000,33431,5,MY,1,100,79
1841721.000,33447,2,MY,1,100,78
1841761.000,33447,2,MY,1,100,78
1841801.000,33464,3,MY,1,100,78
1841841.000,33464,3,MY,1,100,78
1841881.000,33464,3,MY,1,100,78
1841921.000,33481,2,MY,1,100,77
1841961.000,33481,2,MY,1,100,78
1842001.000,33496,3,MY,1,100,78
1842041.000,33496,3,MY,1,100,78
1842081.000,33496,3,MY,1,100,78
1842121.000,33512,2,MY,1,100,78
1842161.000,33512,2,MY,1,100,78
1842201.000,33529,3,MY,1,100,80
1842241.000,33529,3,MY,1,100,78
1842281.000,33529,3,MY,1,100,78
1842321.000,33546,2,MY,1,100,78
1842361.000,33546,2,MY,1,100,78
1842401.000,33561,3,MY,1,100,78
1842441.000,33561,3,MY,1,100,78
1842481.000,33561,3,MY,1,100,78
1842521.000,33579,2,MY,1,100,79
1842561.000,33579,2,MY,1,100,79
1842601.000,33597,3,MY,1,100,78
1842641.000,33597,3,MY,1,100,78
1842681.000,33597,3,MY,1,100,77
1842721.000,33613,3,MY,1,100,78
1842761.000,33613,3,MY,1,100,78
1842801.000,33613,3,MY,1,100,78
1842841.000,33629,2,MY,1,100,78
1842881.000,33629,2,MY,1,100,78
1842921.000,33645,3,MY,1,100,79
1842961.000,33645,3,MY,1,100,77
1843001.000,33645,3,MY,1,100,78
1843041.000,33662,2,MY,1,100,79
1843081.000,33662,2,MY,1,100,77
1843121.000,33678,3,MY,1,100,78
1843161.000,33678,3,MY,1,100,78
1843201.000,33678,3,MY,1,100,78
1843241.000,33696,2,MY,1,100,78
1843281.000,33696,2,MY,1,100,78
1843321.000,33710,3,MY,1,100,79
1843361.000,33710,3,MY,1,100,78
1843401.000,33710,3,MY,1,100,78
1843441.000,33727,2,MY,1,100,78
1843481.000,33727,2,MY,1,100,79
1843521.000,33743,3,MY,1,100,78
1843561.000,33743,3,MY,1,100,78
1843601.000,33743,3,MY,1,100,78
1843640.500,33761,2,MY,1,100,78
1843680.000,33761,2,MY,1,100,77
1843720.000,33775,3,MY,1,100,78
1843760.000,33775,3,MY,1,100,77
1843800.000,33775,3,MY,1,100,78
1843840.333,33792,3,MY,1,100,79
1843880.667,33792,3,MY,1,100,78
1843921.000,33792,3,MY,1,100,78
1843961.000,33809,2,MY,1,100,78
1844001.000,33809,2,MY,1,100,78
1844041.000,33826,3,MY,1,100,78
1844081.000,33826,3,MY,1,100,78
1844121.000,33826,3,MY,1,100,77
1844161.000,33840,2,MY,1,100,78
1844201.000,33840,2,MY,1,100,78
1844241.000,33860,2,MY,1,100,78
1844281.000,33860,2,MY,1,100,79
1844325.333,33876,3,MY,1,100,78
1844369.667,33876,3,MY,1,100,78
1844414.000,33876,3,MY,1,100,78
1844454.000,33895,2,MY,1,100,78
1844494.000,33895,2,MY,1,100,77
1844534.000,33909,3,MY,1,100,77
1844574.000,33909,3,MY,1,100,77
1844614.000,33909,3,MY,1,100,77
1844654.000,33927,2,MY,1,100,78
1844694.000,33927,2,MY,1,100,78
1844734.000,33943,3,MY,1,100,78
1844774.000,33943,3,MY,1,100,78
1844814.000,33943,3,MY,1,100,78
1844854.000,33960,3,MY,1,100,78
1844894.000,33960,3,MY,1,100,78
1844934.000,33960,3,MY,1,100,78
1844974.000,33976,2,MY,1,100,77
1845014.000,33976,2,MY,1,100,77
1845054.000,33992,3,MY,1,100,78
1845094.000,33992,3,MY,1,100,78
1845134.000,33992,3,MY,1,100,78
1845174.000,34010,2,MY,1,100,77
1845214.000,34010,2,MY,1,100,77
1845254.000,34028,3,MY,1,100,78
1845294.000,34028,3,MY,1,100,78
1845334.000,34028,3,MY,1,100,78
1845374.000,34044,2,MY,1,100,78
1845414.000,34044,2,MY,1,100,78
1845454.000,34059,3,MY,1,100,79
1845494.000,34059,3,MY,1,100,78
1845534.000,34059,3,MY,1,100,78
1845574.000,34076,2,MY,1,100,78
1845614.000,34076,2,MY,1,100,78
1845654.000,34093,3,MY,1,100,77
1845694.000,34093,3,MY,1,100,78
1845734.000,34093,3,MY,1,100,78
1845774.000,34109,2,MY,1,100,78
1845814.000,34109,2,MY,1,100,78
1845854.000,34124,3,MY,1,100,78
1845894.000,34124,3,MY,1,100,78
1845934.000,34124,3,MY,1,100,77
1845974.000,34141,3,MY,1,100,78
1846014.000,34141,3,MY,1,100,78
1846054.000,34141,3,MY,1,100,78
1846094.000,34160,2,MY,1,100,77
1846134.000,34160,2,MY,1,100,78
1846174.000,34176,3,MY,1,100,78
1846214.000,34176,3,MY,1,100,79
1846254.000,34176,3,MY,1,100,81
1846294.000,34192,2,MY,1,100,82
1846334.000,34192,2,MY,1,100,83
1846369.667,34210,3,MY,1,100,85
1846405.333,34210,3,MY,1,100,84
1846441.000,34210,3,MY,1,100,85
1846481.000,34227,2,MY,1,100,84
1846521.000,34227,2,MY,1,100,84
1846561.000,34244,3,MY,1,100,85
1846601.000,34244,3,MY,1,100,84
1846641.000,34244,3,MY,1,100,84
1846685.000,34266,3,MY,1,100,83
1846729.000,34266,3,MY,1,100,83
1846773.000,34266,3,MY,1,100,83
1846813.333,34282,3,MY,1,100,83
1846853.667,34282,3,MY,1,100,84
1846894.000,34282,3,MY,1,100,84
1846934.000,34300,2,MY,1,100,84
1846974.000,34300,2,MY,1,100,85
1847013.667,34316,3,MY,1,100,85
1847053.333,34316,3,MY,1,100,83
1847093.000,34316,3,MY,1,100,83
1847133.333,34333,3,MY,1,100,83
1847173.667,34333,3,MY,1,100,83
1847214.000,34333,3,MY,1,100,82
1847254.000,34350,2,MY,1,100,84
1847294.000,34350,2,MY,1,100,84
1847334.000,34365,3,MY,1,100,85
1847374.000,34365,3,MY,1,100,85
1847414.000,34365,3,MY,1,100,86
1847454.000,34381,2,MY,1,100,89
1847494.000,34381,2,MY,1,100,89
1847534.000,34398,3,MY,1,100,87
1847574.000,34398,3,MY,1,100,87
1847614.000,34398,3,MY,1,100,85
1847653.500,34415,2,MY,1,100,86
1847693.000,34415,2,MY,1,100,86
1847733.333,34430,3,MY,1,100,87
1847773.667,34430,3,MY,1,100,88
1847814.000,34430,3,MY,1,100,89
1847854.000,34446,2,MY,1,100,91
1847894.000,34446,2,MY,1,100,95
1847933.667,34464,3,MY,1,100,99
1847973.333,34464,3,MY,1,100,104
1848013.000,34464,3,MY,1,100,107
1848053.500,34480,2,MY,1,100,111
1848094.000,34480,2,MY,1,100,113
1848134.000,34495,3,MY,1,100,116
1848174.000,34495,3,MY,1,100,118
1848214.000,34495,3,MY,1,100,122
1848253.667,34512,3,MY,1,100,125
1848293.333,34512,3,MY,1,100,127
1848333.000,34512,3,MY,1,100,130
1848373.000,34529,2,MY,1,100,132
1848413.000,34529,2,MY,1,100,134
1848453.000,34545,3,MY,1,100,136
1848493.000,34545,3,MY,1,100,136
1848533.000,34545,3,MY,1,100,138
1848573.000,34561,2,MY,1,100,139
1848613.000,34561,2,MY,1,100,139
1848653.000,34577,3,MY,1,100,139
1848693.000,34577,3,MY,1,100,141
1848733.000,34577,3,MY,1,100,141
1848773.000,34594,2,MY,1,100,142
1848813.000,34594,2,MY,1,100,142
1848853.000,34610,3,MY,1,100,141
1848893.000,34610,3,MY,1,100,139
1848933.000,34610,3,MY,1,100,138
1848973.000,34628,2,MY,1,100,134
1849013.000,34628,2,MY,1,100,130
1849053.000,34642,3,MY,1,100,126
1849093.000,34642,3,MY,1,100,124
1849133.000,34642,3,MY,1,100,124
1849173.000,34659,2,MY,1,100,126
1849213.000,34659,2,MY,1,100,130
1849253.000,34676,3,MY,1,100,124
1849293.000,34676,3,MY,1,100,85
1849333.000,34676,3,MY,1,100,52
1849373.000,34693,2,MY,1,100,45
1849413.000,34693,2,MY,1,100,44
1849453.000,34707,3,MY,1,100,50
1849493.000,34707,3,MY,1,100,51
1849533.000,34707,3,MY,1,100,52
1849573.000,34725,3,MY,1,100,50
1849613.000,34725,3,MY,1,100,49
1849653.000,34725,3,MY,1,100,49
1849693.000,34741,2,MY,1,100,49
1849733.000,34741,2,MY,1,100,51
1849773.000,34758,3,MY,1,100,49
1849813.000,34758,3,MY,1,100,51
1849853.000,34758,3,MY,1,100,52
1849893.000,34772,2,MY,1,100,52
1849933.000,34772,2,MY,1,100,51
1849973.000,34790,3,MY,1,100,51
1850013.000,34790,3,MY,1,100,52
1850053.000,34790,3,MY,1,100,53
1850093.000,34806,2,MY,1,100,54
1850133.000,34806,2,MY,1,100,53
1850173.000,34823,3,MY,1,100,54
1850213.000,34823,3,MY,1,100,52
1850253.000,34823,3,MY,1,100,52
1850293.000,34838,2,MY,1,100,51
1850333.000,34838,2,MY,1,100,50
1850373.000,34855,3,MY,1,100,48
1850413.000,34855,3,MY,1,100,47
1850453.000,34855,3,MY,1,100,48
1850493.000,34871,2,MY,1,100,48
1850533.000,34871,2,MY,1,100,48
1850573.000,34889,3,MY,1,100,48
1850613.000,34889,3,MY,1,100,50
1850653.000,34889,3,MY,1,100,50
1850693.000,34904,2,MY,1,100,51
1850733.000,34904,2,MY,1,100,53
1850773.000,34920,3,MY,1,100,55
1850813.000,34920,3,MY,1,100,58
1850853.000,34920,3,MY,1,100,63
1850893.000,34937,3,MY,1,100,74
1850933.000,34937,3,MY,1,100,86
1850973.000,34937,3,MY,1,100,86
1851013.000,34954,2,MY,1,100,80
1851053.000,34954,2,MY,1,100,68
1851093.000,34970,3,MY,1,100,55
1851133.000,34970,3,MY,1,100,45
1851173.000,34970,3,MY,1,100,44
1851213.000,34985,2,MY,1,100,44
1851253.000,34985,2,MY,1,100,44
1851293.000,35004,3,MY,1,100,45
1851333.000,35004,3,MY,1,100,46
1851373.000,35004,3,MY,1,100,49
1851413.000,35021,2,MY,1,100,52
1851453.000,35021,2,MY,1,100,54
1851493.000,35037,3,MY,1,100,52
1851533.000,35037,3,MY,1,100,55
1851573.000,35037,3,MY,1,100,57
1851613.000,35053,2,MY,1,100,58
1851653.000,35053,2,MY,1,100,61
1851693.000,35069,3,MY,1,100,60
1851733.000,35069,3,MY,1,100,61
1851773.000,35069,3,MY,1,100,64
1851813.000,35091,4,MY,1,100,62
1851853.000,35091,4,MY,1,100,63
1851893.000,35091,4,MY,1,100,64
1851933.000,35091,4,MY,1,100,65
1851973.000,35108,2,MY,1,100,66
1852013.000,35108,2,MY,1,100,65
1852053.000,35125,3,MY,1,100,66
1852093.000,35125,3,MY,1,100,67
1852133.000,35125,3,MY,1,100,67
1852173.000,35140,2,MY,1,100,67
1852213.000,35140,2,MY,1,100,67
1852253.000,35157,3,MY,1,100,67
1852293.000,35157,3,MY,1,100,67
1852333.000,35157,3,MY,1,100,66
1852373.000,35173,2,MY,1,100,67
1852413.000,35173,2,MY,1,100,67
1852453.000,35190,3,MY,1,100,66
1852493.000,35190,3,MY,1,100,65
1852533.000,35190,3,MY,1,100,62
1852573.000,35207,2,MY,1,100,61
1852613.000,35207,2,MY,1,100,62
1852653.000,35222,3,MY,1,100,61
1852693.000,35222,3,MY,1,100,62
1852733.000,35222,3,MY,1,100,62
1852773.000,35238,2,MY,1,100,61
1852813.000,35238,2,MY,1,100,58
1852853.000,35255,3,MY,1,100,54
1852893.000,35255,3,MY,1,100,52
1852933.000,35255,3,MY,1,100,51
1852973.000,35272,2,MY,1,100,50
1853013.000,35272,2,MY,1,100,48
1853053.000,35287,3,MY,1,100,47
1853093.000,35287,3,MY,1,100,46
1853133.000,35287,3,MY,1,100,43
1853173.000,35303,3,MY,1,100,35
1853213.000,35303,3,MY,1,100,28
1853253.000,35303,3,MY,1,100,17
1853293.000,35321,2,MY,1,100, 8
1853333.000,35321,2,MY,1,100,-6
1853373.000,35337,3,MY,1,100,-10
1853413.000,35337,3,MY,1,100,-4
1853453.000,35337,3,MY,1,100, 0
1853493.000,35352,2,MY,1,100,-2
1853533.000,35352,2,MY,1,100,-4
1853573.000,35369,3,MY,1,100,-5
1853613.000,35369,3,MY,1,100,-2
1853653.000,35369,3,MY,1,100,-1
1853693.000,35386,2,MY,1,100,-2
1853733.000,35386,2,MY,1,100,-4
1853773.000,35402,3,MY,1,100,-2
1853813.000,35402,3,MY,1,100,-1
1853853.000,35402,3,MY,1,100,-2
1853893.000,35417,2,MY,1,100,-2
1853933.000,35417,2,MY,1,100,-4
1853973.000,35434,3,MY,1,100,-4
1854013.000,35434,3,MY,1,100,-2
1854053.000,35434,3,MY,1,100,-2
1854093.000,35451,2,MY,1,100,-3
1854133.000,35451,2,MY,1,100,-2
1854173.000,35467,3,MY,1,100,-4
1854213.000,35467,3,MY,1,100,-4
1854253.000,35467,3,MY,1,100,-4
1854293.000,35484,2,MY,1,100,-3
1854333.000,35484,2,MY,1,100,-3
1854373.000,35499,3,MY,1,100,-4
1854413.000,35499,3,MY,1,100,-1
1854453.000,35499,3,MY,1,100, 0
1854493.000,35516,2,MY,1,100,-6
1854533.000,35516,2,MY,1,100,-8
1854573.000,35533,3,MY,1,100,-12
1854613.000,35533,3,MY,1,100,-19
1854653.000,35533,3,MY,1,100,-24
1854693.000,35550,3,MY,1,100,-32
1854733.000,35550,3,MY,1,100,-40
1854773.000,35550,3,MY,1,100,-46
1854813.000,35564,2,MY,1,100,-46
1854853.000,35564,2,MY,1,100,-48
1854893.000,35582,3,MY,1,100,-48
1854933.000,35582,3,MY,1,100,-47
1854973.000,35582,3,MY,1,100,-46
1855013.000,35598,2,MY,1,100,-46
1855053.000,35598,2,MY,1,100,-46
1855093.000,35615,3,MY,1,100,-46
1855133.000,35615,3,MY,1,100,-46
1855173.000,35615,3,MY,1,100,-46
1855213.000,35629,2,MY,1,100,-47
1855253.000,35629,2,MY,1,100,-46
1855293.000,35647,3,MY,1,100,-46
1855333.000,35647,3,MY,1,100,-47
1855373.000,35647,3,MY,1,100,-46
1855413.000,35663,2,MY,1,100,-46
1855453.000,35663,2,MY,1,100,-45
1855493.000,35680,3,MY,1,100,-47
1855533.000,35680,3,MY,1,100,-46
1855573.000,35680,3,MY,1,100,-46
1855613.000,35695,2,MY,1,100,-46
1855653.000,35695,2,MY,1,100,-46
1855693.000,35712,3,MY,1,100,-46
1855733.000,35712,3,MY,1,100,-46
1855773.000,35712,3,MY,1,100,-46
1855813.000,35728,2,MY,1,100,-46
1855853.000,35728,2,MY,1,100,-47
1855893.000,35746,3,MY,1,100,-47
1855933.000,35746,3,MY,1,100,-46
1855973.000,35746,3,MY,1,100,-46
1856013.000,35760,3,MY,1,100,-45
1856053.000,35760,3,MY,1,100,-46
1856093.000,35760,3,MY,1,100,-46
1856133.000,35777,2,MY,1,100,-47
1856173.000,35777,2,MY,1,100,-46
1856213.000,35793,3,MY,1,100,-47
1856253.000,35793,3,MY,1,100,-46
1856293.000,35793,3,MY,1,100,-47
1856333.000,35813,2,MY,1,100,-46
1856373.000,35813,2,MY,1,100,-45
1856413.000,35828,3,MY,1,100,-46
1856453.000,35828,3,MY,1,100,-46
1856493.000,35828,3,MY,1,100,-47
1856533.000,35844,2,MY,1,100,-45
1856573.000,35844,2,MY,1,100,-46
1856613.000,35861,3,MY,1,100,-46
1856653.000,35861,3,MY,1,100,-46
1856693.000,35861,3,MY,1,100,-46
1856733.000,35878,2,MY,1,100,-47
1856773.000,35878,2,MY,1,100,-46
1856813.000,35894,3,MY,1,100,-47
1856853.000,35894,3,MY,1,100,-46
1856893.000,35894,3,MY,1,100,-47
1856933.000,35917,4,MY,1,100,-46
1856973.000,35917,4,MY,1,100,-47
1857013.000,35917,4,MY,1,100,-47
1857053.000,35917,4,MY,1,100,-46
1857093.000,35931,2,MY,1,100,-47
1857133.000,35931,2,MY,1,100,-46
1857173.000,35948,3,MY,1,100,-46
1857213.000,35948,3,MY,1,100,-46
1857253.000,35948,3,MY,1,100,-46
1857293.000,35965,2,MY,1,100,-46
1857333.000,35965,2,MY,1,100,-46
1857373.000,35982,3,MY,1,100,-47
1857413.000,35982,3,MY,1,100,-46
1857453.000,35982,3,MY,1,100,-46
1857492.500,35997,2,MY,1,100,-47
1857532.000,35997,2,MY,1,100,-46
1857572.000,36014,3,MY,1,100,-47
1857612.000,36014,3,MY,1,100,-47
1857652.000,36014,3,MY,1,100,-46
1857692.333,36030,3,MY,1,100,-47
1857732.667,36030,3,MY,1,100,-46
1857773.000,36030,3,MY,1,100,-46
1857812.500,36047,2,MY,1,100,-47
1857852.000,36047,2,MY,1,100,-47
1857892.000,36064,3,MY,1,100,-46
1857932.000,36064,3,MY,1,100,-46
1857972.000,36064,3,MY,1,100,-46
1858012.500,36079,2,MY,1,100,-46
1858053.000,36079,2,MY,1,100,-47
1858093.000,36095,3,MY,1,100,-46
1858133.000,36095,3,MY,1,100,-47
1858173.000,36095,3,MY,1,100,-46
1858213.000,36112,2,MY,1,100,-47
1858253.000,36112,2,MY,1,100,-46
1858292.667,36129,3,MY,1,100,-47
1858332.333,36129,3,MY,1,100,-46
1858372.000,36129,3,MY,1,100,-46
1858412.000,36144,2,MY,1,100,-47
1858452.000,36144,2,MY,1,100,-46
1858492.000,36160,3,MY,1,100,-47
1858532.000,36160,3,MY,1,100,-46
1858572.000,36160,3,MY,1,100,-46
1858612.000,36178,2,MY,1,100,-46
1858652.000,36178,2,MY,1,100,-46
1858692.000,36194,3,MY,1,100,-46
1858732.000,36194,3,MY,1,100,-46
1858772.000,36194,3,MY,1,100,-46
1858812.000,36209,2,MY,1,100,-46
1858852.000,36209,2,MY,1,100,-46
1858892.000,36226,3,MY,1,100,-47
1858932.000,36226,3,MY,1,100,-46
1858972.000,36226,3,MY,1,100,-46
1859012.000,36243,2,MY,1,100,-47
1859052.000,36243,2,MY,1,100,-46
1859092.000,36259,3,MY,1,100,-46
1859132.000,36259,3,MY,1,100,-46
1859172.000,36259,3,MY,1,100,-47
1859212.000,36274,3,MY,1,100,-46
1859252.000,36274,3,MY,1,100,-46
1859292.000,36274,3,MY,1,100,-46
1859332.000,36291,2,MY,1,100,-45
1859372.000,36291,2,MY,1,100,-47
1859412.000,36308,3,MY,1,100,-46
1859452.000,36308,3,MY,1,100,-46
1859492.000,36308,3,MY,1,100,-46
1859532.000,36324,2,MY,1,100,-47
1859572.000,36324,2,MY,1,100,-47
1859612.000,36341,3,MY,1,100,-46
1859652.000,36341,3,MY,1,100,-46
1859692.000,36341,3,MY,1,100,-46
1859732.000,36356,2,MY,1,100,-46
1859772.000,36356,2,MY,1,100,-46
1859812.000,36373,3,MY,1,100,-45
1859852.000,36373,3,MY,1,100,-46
1859892.000,36373,3,MY,1,100,-45
1859932.000,36390,2,MY,1,100,-46
1859972.000,36390,2,MY,1,100,-46
1860012.000,36407,3,MY,1,100,-46
1860052.000,36407,3,MY,1,100,-46
1860092.000,36407,3,MY,1,100,-46
1860132.000,36421,2,MY,1,100,-46
1860172.000,36421,2,MY,1,100,-46
1860212.000,36439,3,MY,1,100,-47
1860252.000,36439,3,MY,1,100,-45
1860292.000,36439,3,MY,1,100,-46
1860332.000,36455,3,MY,1,100,-45
1860372.000,36455,3,MY,1,100,-46
1860412.000,36455,3,MY,1,100,-46
1860452.000,36472,2,MY,1,100,-46
1860492.000,36472,2,MY,1,100,-45
1860532.000,36486,3,MY,1,100,-47
1860572.000,36486,3,MY,1,100,-46
1860612.000,36486,3,MY,1,100,-47
1860652.000,36504,2,MY,1,100,-46
1860692.000,36504,2,MY,1,100,-46
1860732.000,36520,3,MY,1,100,-46
1860772.000,36520,3,MY,1,100,-46
1860812.000,36520,3,MY,1,100,-47
1860852.000,36537,2,MY,1,100,-46
1860892.000,36537,2,MY,1,100,-46
1860932.000,36552,3,MY,1,100,-46
1860972.000,36552,3,MY,1,100,-46
1861012.000,36552,3,MY,1,100,-47
1861052.000,36569,2,MY,1,100,-47
1861092.000,36569,2,MY,1,100,-46
1861132.000,36585,3,MY,1,100,-46
1861172.000,36585,3,MY,1,100,-47
1861212.000,36585,3,MY,1,100,-46
1861252.000,36603,2,MY,1,100,-46
1861292.000,36603,2,MY,1,100,-47
1861332.000,36619,3,MY,1,100,-46
1861372.000,36619,3,MY,1,100,-46
1861412.000,36619,3,MY,1,100,-46
1861452.000,36636,2,MY,1,100,-47
1861492.000,36636,2,MY,1,100,-46
1861532.000,36652,3,MY,1,100,-45
1861572.000,36652,3,MY,1,100,-46
1861612.000,36652,3,MY,1,100,-47
1861652.000,36670,3,MY,1,100,-46
1861692.000,36670,3,MY,1,100,-46
1861732.000,36670,3,MY,1,100,-46
1861772.000,36685,2,MY,1,100,-47
1861812.000,36685,2,MY,1,100,-46
1861852.000,36701,3,MY,1,100,-46
1861892.000,36701,3,MY,1,100,-46
1861932.000,36701,3,MY,1,100,-46
1861972.000,36718,2,MY,1,100,-46
1862012.000,36718,2,MY,1,100,-46
1862052.000,36738,4,MY,1,100,-46
1862092.000,36738,4,MY,1,100,-46
1862132.000,36738,4,MY,1,100,-46
1862172.000,36738,4,MY,1,100,-47
1862212.000,36754,2,MY,1,100,-47
1862252.000,36754,2,MY,1,100,-45
1862292.000,36772,3,MY,1,100,-46
1862332.000,36772,3,MY,1,100,-46
1862372.000,36772,3,MY,1,100,-46
1862412.000,36786,2,MY,1,100,-46
1862452.000,36786,2,MY,1,100,-47
1862492.000,36803,3,MY,1,100,-46
1862532.000,36803,3,MY,1,100,-45
1862572.000,36803,3,MY,1,100,-46
1862612.000,36820,2,MY,1,100,-46
1862652.000,36820,2,MY,1,100,-46
1862692.000,36837,3,MY,1,100,-45
1862732.000,36837,3,MY,1,100,-46
1862772.000,36837,3,MY,1,100,-46
1862812.000,36851,2,MY,1,100,-46
1862852.000,36851,2,MY,1,100,-46
1862892.000,36869,3,MY,1,100,-47
1862932.000,36869,3,MY,1,100,-46
1862972.000,36869,3,MY,1,100,-46
1863012.000,36885,3,MY,1,100,-46
1863052.000,36885,3,MY,1,100,-46
1863092.000,36885,3,MY,1,100,-46
1863132.000,36902,2,MY,1,100,-46
1863172.000,36902,2,MY,1,100,-46
1863212.000,36916,3,MY,1,100,-46
1863252.000,36916,3,MY,1,100,-46
1863292.000,36916,3,MY,1,100,-47
1863332.000,36934,2,MY,1,100,-46
1863372.000,36934,2,MY,1,100,-47
1863412.000,36950,3,MY,1,100,-46
1863452.000,36950,3,MY,1,100,-46
1863492.000,36950,3,MY,1,100,-47
1863532.000,36967,2,MY,1,100,-46
1863572.000,36967,2,MY,1,100,-47
1863612.000,36983,3,MY,1,100,-46
1863652.000,36983,3,MY,1,100,-46
1863692.000,36983,3,MY,1,100,-46
1863732.000,36999,2,MY,1,100,-46
1863772.000,36999,2,MY,1,100,-46
1863812.000,37015,3,MY,1,100,-46
1863852.000,37015,3,MY,1,100,-46
1863892.000,37015,3,MY,1,100,-46
1863932.000,37033,2,MY,1,100,-46
1863972.000,37033,2,MY,1,100,-46
1864012.000,37049,3,MY,1,100,-46
1864052.000,37049,3,MY,1,100,-46
1864092.000,37049,3,MY,1,100,-46
1864132.000,37064,2,MY,1,100,-46
1864172.000,37064,2,MY,1,100,-45
1864212.000,37081,3,MY,1,100,-47
1864252.000,37081,3,MY,1,100,-46
1864292.000,37081,3,MY,1,100,-44
1864332.000,37098,3,MY,1,100,-45
1864372.000,37098,3,MY,1,100,-46
1864412.000,37098,3,MY,1,100,-46
1864452.000,37114,2,MY,1,100,-46
1864492.000,37114,2,MY,1,100,-46
1864532.000,37129,3,MY,1,100,-46
1864572.000,37129,3,MY,1,100,-46
1864612.000,37129,3,MY,1,100,-46
1864652.000,37146,2,MY,1,100,-46
1864692.000,37146,2,MY,1,100,-47
1864732.000,37163,3,MY,1,100,-46
1864772.000,37163,3,MY,1,100,-46
1864812.000,37163,3,MY,1,100,-47
1864852.000,37179,2,MY,1,100,-46
1864892.000,37179,2,MY,1,100,-46
1864932.000,37195,3,MY,1,100,-46
1864972.000,37195,3,MY,1,100,-46
1865012.000,37195,3,MY,1,100,-46
1865052.000,37211,2,MY,1,100,-46
1865092.000,37211,2,MY,1,100,-46
1865132.000,37228,3,MY,1,100,-46
1865172.000,37228,3,MY,1,100,-46
1865212.000,37228,3,MY,1,100,-46
1865252.000,37245,2,MY,1,100,-46
1865292.000,37245,2,MY,1,100,-47
1865332.000,37260,3,MY,1,100,-47
1865372.000,37260,3,MY,1,100,-45
1865412.000,37260,3,MY,1,100,-46
1865452.000,37276,3,MY,1,100,-46
1865492.000,37276,3,MY,1,100,-45
1865532.000,37276,3,MY,1,100,-47
1865572.000,37293,2,MY,1,100,-47
1865612.000,37293,2,MY,1,100,-47
1865652.000,37310,3,MY,1,100,-44
1865692.000,37310,3,MY,1,100,-47
1865732.000,37310,3,MY,1,100,-45
1865772.000,37326,2,MY,1,100,-46
1865812.000,37326,2,MY,1,100,-46
1865852.000,37341,3,MY,1,100,-46
1865892.000,37341,3,MY,1,100,-46
1865932.000,37341,3,MY,1,100,-47
1865972.000,37359,2,MY,1,100,-47
1866012.000,37359,2,MY,1,100,-45
1866052.000,37375,3,MY,1,100,-46
1866092.000,37375,3,MY,1,100,-46
1866132.000,37375,3,MY,1,100,-46
1866171.750,37393,4,MY,1,100,-46
1866211.500,37393,4,MY,1,100,-46
1866251.250,37393,4,MY,1,100,-46
1866291.000,37393,4,MY,1,100,-46
1866331.333,37411,3,MY,1,100,-45
1866371.667,37411,3,MY,1,100,-46
1866412.000,37411,3,MY,1,100,-46
1866452.000,37428,2,MY,1,100,-46
1866492.000,37428,2,MY,1,100,-46
1866532.000,37442,3,MY,1,100,-47
1866572.000,37442,3,MY,1,100,-47
1866612.000,37442,3,MY,1,100,-46
1866652.000,37460,2,MY,1,100,-46
1866692.000,37460,2,MY,1,100,-46
1866732.000,37476,3,MY,1,100,-47
1866772.000,37476,3,MY,1,100,-45
1866812.000,37476,3,MY,1,100,-46
1866852.000,37493,3,MY,1,100,-47
1866892.000,37493,3,MY,1,100,-46
1866932.000,37493,3,MY,1,100,-46
1866972.000,37509,2,MY,1,100,-46
1867012.000,37509,2,MY,1,100,-45
1867052.000,37525,3,MY,1,100,-46
1867092.000,37525,3,MY,1,100,-46
1867132.000,37525,3,MY,1,100,-45
1867171.750,37548,4,MY,1,100,-46
1867211.500,37548,4,MY,1,100,-45
1867251.250,37548,4,MY,1,100,-46
1867291.000,37548,4,MY,1,100,-46
1867331.000,37566,2,MY,1,100,-47
1867371.000,37566,2,MY,1,100,-47
1867411.000,37582,3,MY,1,100,-47
1867451.000,37582,3,MY,1,100,-46
1867491.000,37582,3,MY,1,100,-46
1867531.000,37599,2,MY,1,100,-46
1867571.000,37599,2,MY,1,100,-46
1867611.000,37615,3,MY,1,100,-46
1867651.000,37615,3,MY,1,100,-46
1867691.000,37615,3,MY,1,100,-46
1867731.000,37631,2,MY,1,100,-46
1867771.000,37631,2,MY,1,100,-46
1867811.333,37647,3,MY,1,100,-46
1867851.667,37647,3,MY,1,100,-46
1867892.000,37647,3,MY,1,100,-45
1867931.500,37665,2,MY,1,100,-46
1867971.000,37665,2,MY,1,100,-46
1868011.333,37680,3,MY,1,100,-45
1868051.667,37680,3,MY,1,100,-44
1868092.000,37680,3,MY,1,100,-46
1868131.500,37696,2,MY,1,100,-46
1868171.000,37696,2,MY,1,100,-46
1868211.000,37713,3,MY,1,100,-46
1868251.000,37713,3,MY,1,100,-46
1868291.000,37713,3,MY,1,100,-45
1868331.500,37730,2,MY,1,100,-45
1868372.000,37730,2,MY,1,100,-46
1868411.667,37746,3,MY,1,100,-46
1868451.333,37746,3,MY,1,100,-46
1868491.000,37746,3,MY,1,100,-46
1868531.000,37764,3,MY,1,100,-45
1868571.000,37764,3,MY,1,100,-46
1868611.000,37764,3,MY,1,100,-46
1868651.000,37778,3,MY,1,100,-46
1868691.000,37778,3,MY,1,100,-46
1868731.000,37778,3,MY,1,100,-46
1868771.000,37795,2,MY,1,100,-45
1868811.000,37795,2,MY,1,100,-46
1868851.000,37811,3,MY,1,100,-46
1868891.000,37811,3,MY,1,100,-46
1868931.000,37811,3,MY,1,100,-46
1868971.000,37829,2,MY,1,100,-46
1869011.000,37829,2,MY,1,100,-47
1869051.000,37843,3,MY,1,100,-45
1869091.000,37843,3,MY,1,100,-45
1869131.000,37843,3,MY,1,100,-44
1869171.000,37860,3,MY,1,100,-47
1869211.000,37860,3,MY,1,100,-46
1869251.000,37860,3,MY,1,100,-47
1869291.000,37877,2,MY,1,100,-45
1869331.000,37877,2,MY,1,100,-46
1869371.333,37894,3,MY,1,100,-46
1869411.667,37894,3,MY,1,100,-47
1869452.000,37894,3,MY,1,100,-46
1869491.500,37908,2,MY,1,100,-46
1869531.000,37908,2,MY,1,100,-45
1869571.000,37926,3,MY,1,100,-47
1869611.000,37926,3,MY,1,100,-46
1869651.000,37926,3,MY,1,100,-46
1869691.000,37942,2,MY,1,100,-46
1869731.000,37942,2,MY,1,100,-46
1869771.000,37959,3,MY,1,100,-46
1869811.000,37959,3,MY,1,100,-46
1869851.000,37959,3,MY,1,100,-45
1869891.000,37973,2,MY,1,100,-46
1869931.000,37973,2,MY,1,100,-46
1869971.000,37991,3,MY,1,100,-46
1870011.000,37991,3,MY,1,100,-46
1870051.000,37991,3,MY,1,100,-45
1870091.000,38007,2,MY,1,100,-46
1870131.000,38007,2,MY,1,100,-45
1870171.000,38024,3,MY,1,100,-46
1870211.000,38024,3,MY,1,100,-46
1870251.000,38024,3,MY,1,100,-46
1870291.000,38040,2,MY,1,100,-46
1870331.000,38040,2,MY,1,100,-46
1870371.000,38056,3,MY,1,100,-46
1870411.000,38056,3,MY,1,100,-46
1870451.000,38056,3,MY,1,100,-46
1870491.000,38072,2,MY,1,100,-45
1870531.000,38072,2,MY,1,100,-46
1870571.000,38090,3,MY,1,100,-47
1870611.000,38090,3,MY,1,100,-47
1870651.000,38090,3,MY,1,100,-46
1870691.000,38106,3,MY,1,100,-47
1870731.000,38106,3,MY,1,100,-46
1870771.000,38106,3,MY,1,100,-46
1870811.000,38121,3,MY,1,100,-46
1870851.000,38121,3,MY,1,100,-46
1870891.000,38121,3,MY,1,100,-46
1870931.000,38138,2,MY,1,100,-46
1870971.000,38138,2,MY,1,100,-46
1871011.000,38155,3,MY,1,100,-46
1871051.000,38155,3,MY,1,100,-47
1871091.000,38155,3,MY,1,100,-46
1871131.000,38171,2,MY,1,100,-45
1871171.000,38171,2,MY,1,100,-46
1871211.000,38187,3,MY,1,100,-46
1871251.000,38187,3,MY,1,100,-45
1871291.000,38187,3,MY,1,100,-46
1871331.000,38205,2,MY,1,100,-46
1871371.000,38205,2,MY,1,100,-46
1871411.000,38222,3,MY,1,100,-47
1871451.000,38222,3,MY,1,100,-46
1871491.000,38222,3,MY,1,100,-46
1871531.000,38238,2,MY,1,100,-47
1871571.000,38238,2,MY,1,100,-45
1871611.000,38256,3,MY,1,100,-46
1871651.000,38256,3,MY,1,100,-46
1871691.000,38256,3,MY,1,100,-46
1871731.000,38270,2,MY,1,100,-47
1871771.000,38270,2,MY,1,100,-46
1871811.000,38287,3,MY,1,100,-46
1871851.000,38287,3,MY,1,100,-46
1871891.000,38287,3,MY,1,100,-46
1871931.000,38304,2,MY,1,100,-46
1871971.000,38304,2,MY,1,100,-46
1872011.000,38321,3,MY,1,100,-46
1872051.000,38321,3,MY,1,100,-46
1872091.000,38321,3,MY,1,100,-45
1872131.000,38335,3,MY,1,100,-47
1872171.000,38335,3,MY,1,100,-47
1872211.000,38335,3,MY,1,100,-47
1872251.000,38358,4,MY,1,100,-47
1872291.000,38358,4,MY,1,100,-46
1872331.000,38358,4,MY,1,100,-46
1872371.000,38358,4,MY,1,100,-47
1872411.000,38374,3,MY,1,100,-46
1872451.000,38374,3,MY,1,100,-46
1872491.000,38374,3,MY,1,100,-46
1872531.000,38389,2,MY,1,100,-46
1872571.000,38389,2,MY,1,100,-46
1872611.000,38407,3,MY,1,100,-47
1872651.000,38407,3,MY,1,100,-46
1872691.000,38407,3,MY,1,100,-46
1872731.000,38423,2,MY,1,100,-47
1872771.000,38423,2,MY,1,100,-46
1872811.000,38440,3,MY,1,100,-46
1872851.000,38440,3,MY,1,100,-46
1872891.000,38440,3,MY,1,100,-47
1872931.000,38457,3,MY,1,100,-46
1872971.000,38457,3,MY,1,100,-45
1873011.000,38457,3,MY,1,100,-47
1873051.000,38472,3,MY,1,100,-47
1873091.000,38472,3,MY,1,100,-46
1873131.000,38472,3,MY,1,100,-46
1873171.000,38488,2,MY,1,100,-46
1873211.000,38488,2,MY,1,100,-46
1873251.000,38506,3,MY,1,100,-47
1873291.000,38506,3,MY,1,100,-46
1873331.000,38506,3,MY,1,100,-47
1873371.000,38522,2,MY,1,100,-47
1873411.000,38522,2,MY,1,100,-46
1873451.000,38537,3,MY,1,100,-46
1873491.000,38537,3,MY,1,100,-46
1873531.000,38537,3,MY,1,100,-47
1873571.000,38554,2,MY,1,100,-47
1873611.000,38554,2,MY,1,100,-46
1873651.000,38571,3,MY,1,100,-46
1873691.000,38571,3,MY,1,100,-46
1873731.000,38571,3,MY,1,100,-47
1873771.000,38587,2,MY,1,100,-46
1873811.000,38587,2,MY,1,100,-46
1873851.000,38602,3,MY,1,100,-46
1873891.000,38602,3,MY,1,100,-47
1873931.000,38602,3,MY,1,100,-46
1873971.000,38619,3,MY,1,100,-46
1874011.000,38619,3,MY,1,100,-47
1874051.000,38619,3,MY,1,100,-47
1874091.000,38636,2,MY,1,100,-46
1874131.000,38636,2,MY,1,100,-47
1874171.000,38652,3,MY,1,100,-47
1874211.000,38652,3,MY,1,100,-46
1874251.000,38652,3,MY,1,100,-46
1874291.000,38668,2,MY,1,100,-47
1874331.000,38668,2,MY,1,100,-46
1874371.000,38684,3,MY,1,100,-46
1874411.000,38684,3,MY,1,100,-47
1874451.000,38684,3,MY,1,100,-46
1874491.000,38701,2,MY,1,100,-46
1874531.000,38701,2,MY,1,100,-46
1874571.000,38718,3,MY,1,100,-47
1874611.000,38718,3,MY,1,100,-47
1874651.000,38718,3,MY,1,100,-45
1874691.000,38733,2,MY,1,100,-47
1874731.000,38733,2,MY,1,100,-47
1874771.000,38749,3,MY,1,100,-47
1874811.000,38749,3,MY,1,100,-46
1874851.000,38749,3,MY,1,100,-45
1874891.000,38766,2,MY,1,100,-47
1874931.000,38766,2,MY,1,100,-47
1874971.000,38783,3,MY,1,100,-46
1875011.000,38783,3,MY,1,100,-47
1875051.000,38783,3,MY,1,100,-46
1875091.000,38799,2,MY,1,100,-46
1875131.000,38799,2,MY,1,100,-46
1875171.000,38814,3,MY,1,100,-46
1875211.000,38814,3,MY,1,100,-46
1875251.000,38814,3,MY,1,100,-47
1875291.000,38832,3,MY,1,100,-45
1875331.000,38832,3,MY,1,100,-46
1875371.000,38832,3,MY,1,100,-46
1875411.000,38848,3,MY,1,100,-46
1875451.000,38848,3,MY,1,100,-46
1875491.000,38848,3,MY,1,100,-46
1875531.000,38865,2,MY,1,100,-45
1875571.000,38865,2,MY,1,100,-46
1875611.000,38881,3,MY,1,100,-46
1875651.000,38881,3,MY,1,100,-47
1875691.000,38881,3,MY,1,100,-47
1875731.000,38897,2,MY,1,100,-47
1875771.000,38897,2,MY,1,100,-47
1875811.000,38913,3,MY,1,100,-46
1875851.000,38913,3,MY,1,100,-46
1875891.000,38913,3,MY,1,100,-46
1875931.000,38931,2,MY,1,100,-46
1875971.000,38931,2,MY,1,100,-46
1876011.000,38947,3,MY,1,100,-46
1876051.000,38947,3,MY,1,100,-47
1876091.000,38947,3,MY,1,100,-46
1876131.000,38962,2,MY,1,100,-46
1876171.000,38962,2,MY,1,100,-46
1876211.000,38979,3,MY,1,100,-46
1876251.000,38979,3,MY,1,100,-46
1876291.000,38979,3,MY,1,100,-46
1876331.000,38998,2,MY,1,100,-46
1876371.000,38998,2,MY,1,100,-45
1876411.000,39014,3,MY,1,100,-46
1876451.000,39014,3,MY,1,100,-47
1876491.000,39014,3,MY,1,100,-46
1876531.000,39029,3,MY,1,100,-47
1876571.000,39029,3,MY,1,100,-47
1876611.000,39029,3,MY,1,100,-46
1876651.000,39046,2,MY,1,100,-46
1876691.000,39046,2,MY,1,100,-45
1876731.000,39063,3,MY,1,100,-46
1876771.000,39063,3,MY,1,100,-46
1876811.000,39063,3,MY,1,100,-46
1876851.000,39079,2,MY,1,100,-46
1876891.000,39079,2,MY,1,100,-45
1876931.000,39095,3,MY,1,100,-46
1876971.000,39095,3,MY,1,100,-47
1877011.000,39095,3,MY,1,100,-46
1877051.000,39111,2,MY,1,100,-46
1877091.000,39111,2,MY,1,100,-46
1877131.000,39128,3,MY,1,100,-44
1877171.000,39128,3,MY,1,100,-47
1877211.000,39128,3,MY,1,100,-46
1877250.667,39145,3,MY,1,100,-47
1877290.333,39145,3,MY,1,100,-46
1877330.000,39145,3,MY,1,100,-46
1877370.000,39167,4,MY,1,100,-46
1877410.000,39167,4,MY,1,100,-45
1877450.000,39167,4,MY,1,100,-46
1877490.000,39167,4,MY,1,100,-46
1877530.000,39183,3,MY,1,100,-46
1877570.000,39183,3,MY,1,100,-46
1877610.000,39183,3,MY,1,100,-46
1877650.000,39201,3,MY,1,100,-47
1877690.000,39201,3,MY,1,100,-45
1877730.000,39201,3,MY,1,100,-47
1877770.500,39217,2,MY,1,100,-46
1877811.000,39217,2,MY,1,100,-46
1877851.000,39232,3,MY,1,100,-47
1877891.000,39232,3,MY,1,100,-46
1877931.000,39232,3,MY,1,100,-46
1877971.000,39249,2,MY,1,100,-46
1878011.000,39249,2,MY,1,100,-46
1878051.000,39266,3,MY,1,100,-46
1878091.000,39266,3,MY,1,100,-47
1878131.000,39266,3,MY,1,100,-46
1878170.500,39282,2,MY,1,100,-46
1878210.000,39282,2,MY,1,100,-46
1878250.000,39298,3,MY,1,100,-46
1878290.000,39298,3,MY,1,100,-46
1878330.000,39298,3,MY,1,100,-47
1878370.000,39314,3,MY,1,100,-47
1878410.000,39314,3,MY,1,100,-46
1878450.000,39314,3,MY,1,100,-46
1878490.000,39331,2,MY,1,100,-46
1878530.000,39331,2,MY,1,100,-46
1878570.000,39348,3,MY,1,100,-46
1878610.000,39348,3,MY,1,100,-46
1878650.000,39348,3,MY,1,100,-45
1878690.000,39363,2,MY,1,100,-46
1878730.000,39363,2,MY,1,100,-47
1878770.000,39379,3,MY,1,100,-47
1878810.000,39379,3,MY,1,100,-45
1878850.000,39379,3,MY,1,100,-46
1878890.000,39396,2,MY,1,100,-46
1878930.000,39396,2,MY,1,100,-46
1878970.000,39413,3,MY,1,100,-46
1879010.000,39413,3,MY,1,100,-46
1879050.000,39413,3,MY,1,100,-47
1879090.000,39428,2,MY,1,100,-46
1879130.000,39428,2,MY,1,100,-45
1879170.000,39444,3,MY,1,100,-45
1879210.000,39444,3,MY,1,100,-47
1879250.000,39444,3,MY,1,100,-46
1879290.000,39462,2,MY,1,100,-46
1879330.000,39462,2,MY,1,100,-45
1879370.000,39478,3,MY,1,100,-46
1879410.000,39478,3,MY,1,100,-46
1879450.000,39478,3,MY,1,100,-46
1879490.000,39494,2,MY,1,100,-46
1879530.000,39494,2,MY,1,100,-47
1879570.000,39510,3,MY,1,100,-46
1879610.000,39510,3,MY,1,100,-46
1879650.000,39510,3,MY,1,100,-46
1879690.000,39527,2,MY,1,100,-46
1879730.000,39527,2,MY,1,100,-46
1879770.000,39543,3,MY,1,100,-46
1879810.000,39543,3,MY,1,100,-46
1879850.000,39543,3,MY,1,100,-46
1879890.000,39561,3,MY,1,100,-45
1879930.000,39561,3,MY,1,100,-47
1879970.000,39561,3,MY,1,100,-46
1880010.000,39575,2,MY,1,100,-46
1880050.000,39575,2,MY,1,100,-47
1880090.000,39592,3,MY,1,100,-46
1880130.000,39592,3,MY,1,100,-46
1880170.000,39592,3,MY,1,100,-47
1880210.000,39608,3,MY,1,100,-46
1880250.000,39608,3,MY,1,100,-47
1880290.000,39608,3,MY,1,100,-46
1880330.000,39626,2,MY,1,100,-46
1880370.000,39626,2,MY,1,100,-45
1880410.000,39640,3,MY,1,100,-47
1880450.000,39640,3,MY,1,100,-46
1880490.000,39640,3,MY,1,100,-44
1880530.000,39657,2,MY,1,100,-46
1880570.000,39657,2,MY,1,100,-46
1880610.000,39674,3,MY,1,100,-46
1880650.000,39674,3,MY,1,100,-47
1880690.000,39674,3,MY,1,100,-46
1880730.000,39691,2,MY,1,100,-46
1880770.000,39691,2,MY,1,100,-47
1880810.000,39706,3,MY,1,100,-46
1880850.000,39706,3,MY,1,100,-45
1880890.000,39706,3,MY,1,100,-46
1880930.000,39723,2,MY,1,100,-46
1880970.000,39723,2,MY,1,100,-47
1881010.000,39739,3,MY,1,100,-46
1881050.000,39739,3,MY,1,100,-47
1881090.000,39739,3,MY,1,100,-46
1881130.000,39756,2,MY,1,100,-47
1881170.000,39756,2,MY,1,100,-46
1881210.000,39773,3,MY,1,100,-46
1881250.000,39773,3,MY,1,100,-47
1881290.000,39773,3,MY,1,100,-46
1881330.500,39790,2,MY,1,100,-46
1881371.000,39790,2,MY,1,100,-45
1881410.667,39806,3,MY,1,100,-47
1881450.333,39806,3,MY,1,100,-45
1881490.000,39806,3,MY,1,100,-46
1881530.333,39823,3,MY,1,100,-47
1881570.667,39823,3,MY,1,100,-46
1881611.000,39823,3,MY,1,100,-46
1881651.000,39840,2,MY,1,100,-47
1881691.000,39840,2,MY,1,100,-46
1881731.000,39855,3,MY,1,100,-46
1881771.000,39855,3,MY,1,100,-47
1881811.000,39855,3,MY,1,100,-44
1881851.000,39871,2,MY,1,100,-47
1881891.000,39871,2,MY,1,100,-46
1881931.000,39889,5,MY,1,100,-46
1881971.000,39889,5,MY,1,100,-46
1882011.000,39889,5,MY,1,100,-46
1882051.000,39889,5,MY,1,100,-46
1882091.000,39889,5,MY,1,100,-46
1882131.000,39905,4,MY,1,100,-47
1882171.000,39905,4,MY,1,100,-46
1882211.000,39905,4,MY,1,100,-45
1882251.000,39905,4,MY,1,100,-45
1882291.000,39923,5,MY,1,100,-45
1882331.000,39923,5,MY,1,100,-46
1882371.000,39923,5,MY,1,100,-46
1882411.000,39923,5,MY,1,100,-45
1882451.000,39923,5,MY,1,100,-46
1882491.000,39946,6,MY,1,100,-46
1882531.000,39946,6,MY,1,100,-46
1882571.000,39946,6,MY,1,100,-46
1882611.000,39946,6,MY,1,100,-45
1882651.000,39946,6,MY,1,100,-45
1882691.000,39946,6,MY,1,100,-47
1882731.000,39962,3,MY,1,100,-45
1882771.000,39962,3,MY,1,100,-46
1882811.000,39962,3,MY,1,100,-45
1882851.000,39979,2,MY,1,100,-46
1882891.000,39979,2,MY,1,100,-46
1882931.000,39994,3,MY,1,100,-46
1882971.000,39994,3,MY,1,100,-46
1883011.000,39994,3,MY,1,100,-47
1883051.000,40011,2,MY,1,100,-46
1883091.000,40011,2,MY,1,100,-47
1883131.000,40027,3,MY,1,100,-46
1883171.000,40027,3,MY,1,100,-47
1883211.000,40027,3,MY,1,100,-47
1883251.000,40045,2,MY,1,100,-46
1883291.000,40045,2,MY,1,100,-47
1883331.000,40060,3,MY,1,100,-46
1883371.000,40060,3,MY,1,100,-46
1883411.000,40060,3,MY,1,100,-46
1883451.000,40076,3,MY,1,100,-46
1883491.000,40076,3,MY,1,100,-46
1883531.000,40076,3,MY,1,100,-46
1883571.000,40092,2,MY,1,100,-45
1883611.000,40092,2,MY,1,100,-47
1883651.000,40110,3,MY,1,100,-45
1883691.000,40110,3,MY,1,100,-47
1883731.000,40110,3,MY,1,100,-46
1883771.000,40126,2,MY,1,100,-46
1883811.000,40126,2,MY,1,100,-46
1883851.000,40141,3,MY,1,100,-46
1883891.000,40141,3,MY,1,100,-46
1883931.000,40141,3,MY,1,100,-46
1883971.000,40158,2,MY,1,100,-47
1884011.000,40158,2,MY,1,100,-47
1884051.000,40175,3,MY,1,100,-47
1884091.000,40175,3,MY,1,100,-46
1884131.000,40175,3,MY,1,100,-46
1884171.000,40191,2,MY,1,100,-47
1884211.000,40191,2,MY,1,100,-47
1884251.000,40207,3,MY,1,100,-46
1884291.000,40207,3,MY,1,100,-46
1884331.000,40207,3,MY,1,100,-47
1884371.000,40223,2,MY,1,100,-45
1884411.000,40223,2,MY,1,100,-47
1884450.667,40240,3,MY,1,100,-46
1884490.333,40240,3,MY,1,100,-46
1884530.000,40240,3,MY,1,100,-47
1884570.500,40257,2,MY,1,100,-47
1884611.000,40257,2,MY,1,100,-46
1884650.667,40272,3,MY,1,100,-46
1884690.333,40272,3,MY,1,100,-46
1884730.000,40272,3,MY,1,100,-46
1884770.000,40288,3,MY,1,100,-47
1884810.000,40288,3,MY,1,100,-47
1884850.000,40288,3,MY,1,100,-47
1884890.000,40305,2,MY,1,100,-47
1884930.000,40305,2,MY,1,100,-45
1884970.000,40322,3,MY,1,100,-46
1885010.000,40322,3,MY,1,100,-47
1885050.000,40322,3,MY,1,100,-46
1885090.000,40337,2,MY,1,100,-46
1885130.000,40337,2,MY,1,100,-46
1885170.000,40353,3,MY,1,100,-46
1885210.000,40353,3,MY,1,100,-47
1885250.000,40353,3,MY,1,100,-46
1885290.000,40371,2,MY,1,100,-46
1885330.000,40371,2,MY,1,100,-46
1885370.000,40387,3,MY,1,100,-46
1885410.000,40387,3,MY,1,100,-46
1885450.000,40387,3,MY,1,100,-47
1885490.000,40403,2,MY,1,100,-46
1885530.000,40403,2,MY,1,100,-46
1885570.000,40419,3,MY,1,100,-47
1885610.000,40419,3,MY,1,100,-45
1885650.000,40419,3,MY,1,100,-46
1885690.000,40436,2,MY,1,100,-46
1885730.000,40436,2,MY,1,100,-46
1885770.000,40452,3,MY,1,100,-46
1885810.000,40452,3,MY,1,100,-45
1885850.000,40452,3,MY,1,100,-46
1885890.000,40468,2,MY,1,100,-47
1885930.000,40468,2,MY,1,100,-46
1885970.000,40484,3,MY,1,100,-46
1886010.000,40484,3,MY,1,100,-47
1886050.000,40484,3,MY,1,100,-46
1886090.000,40501,3,MY,1,100,-47
1886130.000,40501,3,MY,1,100,-46
1886170.000,40501,3,MY,1,100,-46
1886210.000,40517,2,MY,1,100,-46
1886250.000,40517,2,MY,1,100,-46
1886290.000,40537,3,MY,1,100,-47
1886330.000,40537,3,MY,1,100,-46
1886370.000,40537,3,MY,1,100,-46
1886410.000,40551,2,MY,1,100,-45
1886450.000,40551,2,MY,1,100,-47
1886490.000,40568,3,MY,1,100,-46
1886530.000,40568,3,MY,1,100,-47
1886570.000,40568,3,MY,1,100,-46
1886610.000,40585,2,MY,1,100,-46
1886650.000,40585,2,MY,1,100,-46
1886690.000,40602,3,MY,1,100,-45
1886730.000,40602,3,MY,1,100,-45
1886770.000,40602,3,MY,1,100,-45
1886810.000,40616,2,MY,1,100,-46
1886850.000,40616,2,MY,1,100,-45
1886890.000,40634,3,MY,1,100,-46
1886930.000,40634,3,MY,1,100,-45
1886970.000,40634,3,MY,1,100,-45
1887010.000,40650,2,MY,1,100,-47
1887050.000,40650,2,MY,1,100,-46
1887090.000,40667,3,MY,1,100,-46
1887130.000,40667,3,MY,1,100,-46
1887170.000,40667,3,MY,1,100,-46
1887210.000,40681,2,MY,1,100,-47
1887250.000,40681,2,MY,1,100,-45
1887290.000,40699,3,MY,1,100,-46
1887330.000,40699,3,MY,1,100,-46
1887370.000,40699,3,MY,1,100,-46
1887410.000,40715,3,MY,1,100,-46
1887450.000,40715,3,MY,1,100,-46
1887490.000,40715,3,MY,1,100,-46
1887530.000,40732,2,MY,1,100,-45
1887570.000,40732,2,MY,1,100,-46
1887610.000,40747,3,MY,1,100,-46
1887650.000,40747,3,MY,1,100,-46
1887690.000,40747,3,MY,1,100,-45
1887730.000,40768,3,MY,1,100,-46
1887770.000,40768,3,MY,1,100,-46
1887810.000,40768,3,MY,1,100,-46
1887850.000,40782,3,MY,1,100,-44
1887890.000,40782,3,MY,1,100,-45
1887930.000,40782,3,MY,1,100,-45
1887970.000,40800,2,MY,1,100,-44
1888010.000,40800,2,MY,1,100,-46
1888050.000,40816,3,MY,1,100,-46
1888090.000,40816,3,MY,1,100,-46
1888130.000,40816,3,MY,1,100,-46
1888170.000,40833,3,MY,1,100,-46
1888210.000,40833,3,MY,1,100,-44
1888250.000,40833,3,MY,1,100,-46
1888290.000,40848,2,MY,1,100,-46
1888330.000,40848,2,MY,1,100,-45
1888370.000,40865,3,MY,1,100,-45
1888410.000,40865,3,MY,1,100,-46
1888450.000,40865,3,MY,1,100,-45
1888490.000,40881,2,MY,1,100,-46
1888530.000,40881,2,MY,1,100,-45
1888570.000,40899,3,MY,1,100,-45
1888610.000,40899,3,MY,1,100,-45
1888650.000,40899,3,MY,1,100,-45
1888696.500,40913,2,MY,1,100,-46
1888743.000,40913,2,MY,1,100,-46
1888778.667,40930,3,MY,1,100,-45
1888814.333,40930,3,MY,1,100,-45
1888850.000,40930,3,MY,1,100,-46
1888896.500,40946,2,MY,1,100,-45
1888943.000,40946,2,MY,1,100,-47
1888983.000,40964,3,MY,1,100,-46
1889023.000,40964,3,MY,1,100,-44
1889063.000,40964,3,MY,1,100,-45
1889103.000,40979,2,MY,1,100,-45
1889143.000,40979,2,MY,1,100,-46
1889183.000,40995,3,MY,1,100,-45
1889223.000,40995,3,MY,1,100,-45
1889263.000,40995,3,MY,1,100,-46
1889303.000,41012,2,MY,1,100,-46
1889343.000,41012,2,MY,1,100,-44
1889383.000,41029,3,MY,1,100,-46
1889423.000,41029,3,MY,1,100,-46
1889463.000,41029,3,MY,1,100,-44
1889503.000,41044,2,MY,1,100,-46
1889543.000,41044,2,MY,1,100,-45
1889583.000,41061,3,MY,1,100,-46
1889623.000,41061,3,MY,1,100,-46
1889663.000,41061,3,MY,1,100,-45
1889703.000,41077,2,MY,1,100,-46
1889743.000,41077,2,MY,1,100,-45
1889783.000,41094,3,MY,1,100,-46
1889823.000,41094,3,MY,1,100,-45
1889863.000,41094,3,MY,1,100,-46
1889903.000,41111,2,MY,1,100,-46
1889943.000,41111,2,MY,1,100,-45
1889983.000,41126,3,MY,1,100,-44
1890023.000,41126,3,MY,1,100,-45
1890063.000,41126,3,MY,1,100,-46
1890103.000,41142,2,MY,1,100,-45
1890143.000,41142,2,MY,1,100,-46
1890183.000,41159,3,MY,1,100,-47
1890223.000,41159,3,MY,1,100,-46
1890263.000,41159,3,MY,1,100,-46
1890302.500,41176,2,MY,1,100,-46
1890342.000,41176,2,MY,1,100,-45
1890382.333,41191,3,MY,1,100,-45
1890422.667,41191,3,MY,1,100,-46
1890463.000,41191,3,MY,1,100,-46
1890503.000,41207,3,MY,1,100,-44
1890543.000,41207,3,MY,1,100,-46
1890583.000,41207,3,MY,1,100,-46
1890623.000,41225,2,MY,1,100,-45
1890663.000,41225,2,MY,1,100,-45
1890703.000,41241,3,MY,1,100,-46
1890743.000,41241,3,MY,1,100,-46
1890783.000,41241,3,MY,1,100,-46
1890823.000,41256,2,MY,1,100,-46
1890863.000,41256,2,MY,1,100,-44
1890902.667,41273,3,MY,1,100,-45
1890942.333,41273,3,MY,1,100,-46
1890982.000,41273,3,MY,1,100,-45
1891022.000,41290,2,MY,1,100,-45
1891062.000,41290,2,MY,1,100,-46
1891102.000,41306,3,MY,1,100,-45
1891142.000,41306,3,MY,1,100,-45
1891182.000,41306,3,MY,1,100,-45
1891222.500,41321,2,MY,1,100,-46
1891263.000,41321,2,MY,1,100,-46
1891303.000,41340,3,MY,1,100,-45
1891343.000,41340,3,MY,1,100,-45
1891383.000,41340,3,MY,1,100,-45
1891423.000,41357,2,MY,1,100,-46
1891463.000,41357,2,MY,1,100,-46
1891502.667,41373,3,MY,1,100,-45
1891542.333,41373,3,MY,1,100,-44
1891582.000,41373,3,MY,1,100,-46
1891622.000,41390,2,MY,1,100,-45
1891662.000,41390,2,MY,1,100,-45
1891702.000,41405,3,MY,1,100,-46
1891742.000,41405,3,MY,1,100,-45
1891782.000,41405,3,MY,1,100,-46
1891822.000,41422,3,MY,1,100,-45
1891862.000,41422,3,MY,1,100,-44
1891902.000,41422,3,MY,1,100,-46
1891942.500,41439,2,MY,1,100,-47
1891983.000,41439,2,MY,1,100,-46
1892022.667,41456,3,MY,1,100,-45
1892062.333,41456,3,MY,1,100,-44
1892102.000,41456,3,MY,1,100,-45
1892142.000,41470,2,MY,1,100,-47
1892182.000,41470,2,MY,1,100,-46
1892222.000,41488,3,MY,1,100,-46
1892262.000,41488,3,MY,1,100,-45
1892302.000,41488,3,MY,1,100,-45
1892342.000,41504,2,MY,1,100,-46
1892382.000,41504,2,MY,1,100,-46
1892422.000,41521,3,MY,1,100,-45
1892462.000,41521,3,MY,1,100,-46
1892502.000,41521,3,MY,1,100,-46
1892542.000,41535,2,MY,1,100,-45
1892582.000,41535,2,MY,1,100,-45
1892622.000,41553,3,MY,1,100,-44
1892662.000,41553,3,MY,1,100,-45
1892702.000,41553,3,MY,1,100,-46
1892742.000,41569,2,MY,1,100,-46
1892782.000,41569,2,MY,1,100,-46
1892822.000,41592,4,MY,1,100,-46
1892862.000,41592,4,MY,1,100,-46
1892902.000,41592,4,MY,1,100,-45
1892942.000,41592,4,MY,1,100,-45
1892982.000,41609,3,MY,1,100,-46
1893022.000,41609,3,MY,1,100,-46
1893062.000,41609,3,MY,1,100,-46
1893102.000,41625,2,MY,1,100,-46
1893142.000,41625,2,MY,1,100,-46
1893182.000,41640,3,MY,1,100,-45
1893222.000,41640,3,MY,1,100,-46
1893262.000,41640,3,MY,1,100,-46
1893302.000,41658,2,MY,1,100,-44
1893342.000,41658,2,MY,1,100,-46
1893382.000,41674,3,MY,1,100,-46
1893422.000,41674,3,MY,1,100,-45
1893462.000,41674,3,MY,1,100,-45
1893502.000,41690,2,MY,1,100,-46
1893542.000,41690,2,MY,1,100,-45
1893582.000,41706,3,MY,1,100,-45
1893622.000,41706,3,MY,1,100,-44
1893662.000,41706,3,MY,1,100,-46
1893702.000,41723,2,MY,1,100,-46
1893742.000,41723,2,MY,1,100,-44
1893782.000,41739,3,MY,1,100,-46
1893822.000,41739,3,MY,1,100,-46
1893862.000,41739,3,MY,1,100,-45
1893902.000,41757,2,MY,1,100,-45
1893942.000,41757,2,MY,1,100,-46
1893982.000,41771,3,MY,1,100,-46
1894022.000,41771,3,MY,1,100,-46
1894062.000,41771,3,MY,1,100,-46
1894102.000,41788,2,MY,1,100,-46
1894142.000,41788,2,MY,1,100,-45
1894182.000,41804,3,MY,1,100,-45
1894222.000,41804,3,MY,1,100,-46
1894262.000,41804,3,MY,1,100,-46
1894302.000,41822,2,MY,1,100,-46
1894342.000,41822,2,MY,1,100,-45
1894382.000,41836,3,MY,1,100,-46
1894422.000,41836,3,MY,1,100,-47
1894462.000,41836,3,MY,1,100,-46
1894502.000,41853,3,MY,1,100,-45
1894542.000,41853,3,MY,1,100,-46
1894582.000,41853,3,MY,1,100,-44
1894622.000,41870,2,MY,1,100,-45
1894662.000,41870,2,MY,1,100,-46
1894702.000,41887,3,MY,1,100,-46
1894742.000,41887,3,MY,1,100,-45
1894782.000,41887,3,MY,1,100,-45
1894822.000,41901,2,MY,1,100,-45
1894862.000,41901,2,MY,1,100,-46
1894902.000,41919,3,MY,1,100,-45
1894942.000,41919,3,MY,1,100,-46
1894982.000,41919,3,MY,1,100,-45
1895022.000,41935,2,MY,1,100,-45
1895062.000,41935,2,MY,1,100,-44
1895102.000,41952,3,MY,1,100,-46
1895142.000,41952,3,MY,1,100,-46
1895182.000,41952,3,MY,1,100,-46
1895222.000,41966,2,MY,1,100,-45
1895262.000,41966,2,MY,1,100,-46
1895302.000,41984,3,MY,1,100,-46
1895342.000,41984,3,MY,1,100,-46
1895382.000,41984,3,MY,1,100,-45
1895422.000,42000,2,MY,1,100,-45
1895462.000,42000,2,MY,1,100,-46
1895502.000,42017,3,MY,1,100,-47
1895542.000,42017,3,MY,1,100,-46
1895582.000,42017,3,MY,1,100,-46
1895622.000,42033,2,MY,1,100,-45
1895662.000,42033,2,MY,1,100,-46
1895702.000,42049,3,MY,1,100,-46
1895742.000,42049,3,MY,1,100,-46
1895782.000,42049,3,MY,1,100,-46
1895822.000,42065,2,MY,1,100,-45
1895862.000,42065,2,MY,1,100,-46
1895902.000,42083,3,MY,1,100,-45
1895942.000,42083,3,MY,1,100,-44
1895982.000,42083,3,MY,1,100,-45
1896022.000,42099,3,MY,1,100,-46
1896062.000,42099,3,MY,1,100,-45
1896102.000,42099,3,MY,1,100,-45
1896142.000,42114,2,MY,1,100,-45
1896182.000,42114,2,MY,1,100,-46
1896222.000,42131,3,MY,1,100,-46
1896262.000,42131,3,MY,1,100,-46
1896302.000,42131,3,MY,1,100,-46
1896342.000,42150,2,MY,1,100,-45
1896382.000,42150,2,MY,1,100,-44
1896422.000,42166,3,MY,1,100,-46
1896462.000,42166,3,MY,1,100,-46
1896502.000,42166,3,MY,1,100,-44
1896542.000,42181,2,MY,1,100,-46
1896582.000,42181,2,MY,1,100,-44
1896622.000,42198,3,MY,1,100,-45
1896662.000,42198,3,MY,1,100,-44
1896702.000,42198,3,MY,1,100,-46
1896742.000,42215,2,MY,1,100,-45
1896782.000,42215,2,MY,1,100,-45
1896822.000,42231,3,MY,1,100,-46
1896862.000,42231,3,MY,1,100,-45
1896902.000,42231,3,MY,1,100,-46
1896942.000,42247,2,MY,1,100,-46
1896982.000,42247,2,MY,1,100,-46
1897022.000,42263,3,MY,1,100,-46
1897062.000,42263,3,MY,1,100,-44
1897102.000,42263,3,MY,1,100,-46
1897142.000,42280,2,MY,1,100,-46
1897182.000,42280,2,MY,1,100,-45
1897222.000,42297,3,MY,1,100,-45
1897262.000,42297,3,MY,1,100,-46
1897302.000,42297,3,MY,1,100,-46
1897342.000,42312,2,MY,1,100,-45
1897382.000,42312,2,MY,1,100,-45
1897422.000,42328,3,MY,1,100,-45
1897462.000,42328,3,MY,1,100,-45
1897502.000,42328,3,MY,1,100,-46
1897542.000,42345,3,MY,1,100,-45
1897582.000,42345,3,MY,1,100,-45
1897622.000,42345,3,MY,1,100,-46
1897662.000,42362,2,MY,1,100,-46
1897702.000,42362,2,MY,1,100,-45
1897742.000,42378,3,MY,1,100,-46
1897782.000,42378,3,MY,1,100,-46
1897822.000,42378,3,MY,1,100,-45
1897862.000,42393,2,MY,1,100,-46
1897902.000,42393,2,MY,1,100,-46
1897942.000,42416,4,MY,1,100,-46
1897982.000,42416,4,MY,1,100,-45
1898022.000,42416,4,MY,1,100,-44
1898062.000,42416,4,MY,1,100,-45
1898102.000,42432,2,MY,1,100,-46
1898142.000,42432,2,MY,1,100,-45
1898182.000,42449,3,MY,1,100,-46
1898222.000,42449,3,MY,1,100,-45
1898262.000,42449,3,MY,1,100,-45
1898302.000,42466,2,MY,1,100,-45
1898342.000,42466,2,MY,1,100,-45
1898382.000,42481,3,MY,1,100,-45
1898422.000,42481,3,MY,1,100,-46
1898462.000,42481,3,MY,1,100,-45
1898502.000,42497,3,MY,1,100,-45
1898542.000,42497,3,MY,1,100,-46
1898582.000,42497,3,MY,1,100,-45
1898622.000,42515,2,MY,1,100,-44
1898662.000,42515,2,MY,1,100,-45
1898702.000,42531,3,MY,1,100,-46
1898742.000,42531,3,MY,1,100,-45
1898782.000,42531,3,MY,1,100,-45
1898822.000,42546,2,MY,1,100,-45
1898862.000,42546,2,MY,1,100,-46
1898902.000,42563,3,MY,1,100,-46
1898942.000,42563,3,MY,1,100,-46
1898982.000,42563,3,MY,1,100,-45
1899022.000,42580,2,MY,1,100,-44
1899062.000,42580,2,MY,1,100,-45
1899102.000,42596,3,MY,1,100,-45
1899142.000,42596,3,MY,1,100,-46
1899182.000,42596,3,MY,1,100,-46
1899222.000,42611,2,MY,1,100,-44
1899262.000,42611,2,MY,1,100,-46
1899302.000,42628,3,MY,1,100,-44
1899342.000,42628,3,MY,1,100,-45
1899382.000,42628,3,MY,1,100,-46
1899422.000,42645,2,MY,1,100,-46
1899462.000,42645,2,MY,1,100,-46
1899502.000,42661,3,MY,1,100,-46
1899542.000,42661,3,MY,1,100,-45
1899582.000,42661,3,MY,1,100,-46
1899622.000,42678,2,MY,1,100,-45
1899662.000,42678,2,MY,1,100,-46
1899702.000,42693,3,MY,1,100,-45
1899742.000,42693,3,MY,1,100,-46
1899782.000,42693,3,MY,1,100,-45
1899822.000,42710,2,MY,1,100,-45
1899862.000,42710,2,MY,1,100,-46
1899902.000,42727,3,MY,1,100,-46
1899942.000,42727,3,MY,1,100,-46
1899982.000,42727,3,MY,1,100,-46
1900022.000,42743,2,MY,1,100,-46
1900062.000,42743,2,MY,1,100,-46
1900102.000,42758,3,MY,1,100,-44
1900142.000,42758,3,MY,1,100,-45
1900182.000,42758,3,MY,1,100,-45
1900222.000,42776,3,MY,1,100,-45
1900262.000,42776,3,MY,1,100,-46
1900302.000,42776,3,MY,1,100,-46
1900342.000,42792,2,MY,1,100,-45
1900382.000,42792,2,MY,1,100,-46
1900422.000,42809,3,MY,1,100,-45
1900462.000,42809,3,MY,1,100,-46
1900502.000,42809,3,MY,1,100,-45
1900542.000,42823,2,MY,1,100,-46
1900582.000,42823,2,MY,1,100,-46
1900622.000,42841,3,MY,1,100,-46
1900662.000,42841,3,MY,1,100,-45
1900702.000,42841,3,MY,1,100,-46
1900741.500,42857,2,MY,1,100,-45
1900781.000,42857,2,MY,1,100,-45
1900821.333,42874,3,MY,1,100,-45
1900861.667,42874,3,MY,1,100,-44
1900902.000,42874,3,MY,1,100,-46
1900942.000,42889,2,MY,1,100,-46
1900982.000,42889,2,MY,1,100,-45
1901022.000,42906,3,MY,1,100,-46
1901062.000,42906,3,MY,1,100,-45
1901102.000,42906,3,MY,1,100,-46
1901141.500,42922,2,MY,1,100,-45
1901181.000,42922,2,MY,1,100,-45
1901221.333,42940,3,MY,1,100,-46
1901261.667,42940,3,MY,1,100,-46
1901302.000,42940,3,MY,1,100,-45
1901342.000,42956,2,MY,1,100,-46
1901382.000,42956,2,MY,1,100,-46
1901422.000,42973,3,MY,1,100,-44
1901462.000,42973,3,MY,1,100,-44
1901502.000,42973,3,MY,1,100,-45
1901542.000,42989,3,MY,1,100,-44
1901582.000,42989,3,MY,1,100,-45
1901622.000,42989,3,MY,1,100,-45
1901662.000,43007,2,MY,1,100,-46
1901702.000,43007,2,MY,1,100,-45
1901741.667,43021,3,MY,1,100,-45
1901781.333,43021,3,MY,1,100,-45
1901821.000,43021,3,MY,1,100,-45
1901861.000,43038,2,MY,1,100,-46
1901901.000,43038,2,MY,1,100,-44
1901941.000,43055,3,MY,1,100,-45
1901981.000,43055,3,MY,1,100,-45
1902021.000,43055,3,MY,1,100,-45
1902061.500,43072,2,MY,1,100,-45
1902102.000,43072,2,MY,1,100,-46
1902141.800,43090,5,MY,1,100,-46
1902181.600,43090,5,MY,1,100,-45
1902221.400,43090,5,MY,1,100,-44
1902261.200,43090,5,MY,1,100,-44
1902301.000,43090,5,MY,1,100,-45
1902341.000,43106,2,MY,1,100,-45
1902381.000,43106,2,MY,1,100,-45
1902421.000,43123,3,MY,1,100,-45
1902461.000,43123,3,MY,1,100,-44
1902501.000,43123,3,MY,1,100,-44
1902541.000,43137,2,MY,1,100,-45
1902581.000,43137,2,MY,1,100,-44
1902621.000,43155,3,MY,1,100,-46
1902661.000,43155,3,MY,1,100,-44
1902701.000,43155,3,MY,1,100,-44
1902741.000,43171,3,MY,1,100,-45
1902781.000,43171,3,MY,1,100,-45
1902821.000,43171,3,MY,1,100,-46
1902861.000,43188,2,MY,1,100,-46
1902901.000,43188,2,MY,1,100,-45
1902941.000,43203,3,MY,1,100,-45
1902981.000,43203,3,MY,1,100,-44
1903021.000,43203,3,MY,1,100,-45
1903061.000,43225,4,MY,1,100,-45
1903101.000,43225,4,MY,1,100,-46
1903141.000,43225,4,MY,1,100,-46
1903181.000,43225,4,MY,1,100,-46
1903221.000,43239,2,MY,1,100,-45
1903261.000,43239,2,MY,1,100,-45
1903301.000,43257,3,MY,1,100,-45
1903341.000,43257,3,MY,1,100,-46
1903381.000,43257,3,MY,1,100,-46
1903421.000,43273,2,MY,1,100,-45
1903461.000,43273,2,MY,1,100,-46
1903501.000,43290,3,MY,1,100,-45
1903541.000,43290,3,MY,1,100,-44
1903581.000,43290,3,MY,1,100,-46
1903621.000,43305,2,MY,1,100,-47
1903661.000,43305,2,MY,1,100,-45
1903701.000,43322,3,MY,1,100,-44
1903741.000,43322,3,MY,1,100,-46
1903781.000,43322,3,MY,1,100,-45
1903821.000,43338,2,MY,1,100,-44
1903861.000,43338,2,MY,1,100,-45
1903901.000,43356,3,MY,1,100,-44
1903941.000,43356,3,MY,1,100,-45
1903981.000,43356,3,MY,1,100,-45
1904021.000,43371,2,MY,1,100,-46
1904061.000,43371,2,MY,1,100,-46
1904101.000,43387,3,MY,1,100,-46
1904141.000,43387,3,MY,1,100,-45
1904181.000,43387,3,MY,1,100,-46
1904221.000,43403,2,MY,1,100,-46
1904261.000,43403,2,MY,1,100,-46
1904301.000,43421,3,MY,1,100,-46
1904341.000,43421,3,MY,1,100,-46
1904381.000,43421,3,MY,1,100,-46
1904421.000,43437,3,MY,1,100,-45
1904461.000,43437,3,MY,1,100,-45
1904501.000,43437,3,MY,1,100,-45
1904541.000,43455,3,MY,1,100,-44
1904581.000,43455,3,MY,1,100,-44
1904621.000,43455,3,MY,1,100,-45
1904661.000,43469,2,MY,1,100,-45
1904701.000,43469,2,MY,1,100,-46
1904741.000,43486,3,MY,1,100,-46
1904781.000,43486,3,MY,1,100,-45
1904821.000,43486,3,MY,1,100,-44
1904861.000,43502,2,MY,1,100,-46
1904901.000,43502,2,MY,1,100,-45
1904941.000,43520,3,MY,1,100,-46
1904981.000,43520,3,MY,1,100,-45
1905021.000,43520,3,MY,1,100,-46
1905061.000,43534,3,MY,1,100,-45
1905101.000,43534,3,MY,1,100,-45
1905141.000,43534,3,MY,1,100,-45
1905181.000,43551,2,MY,1,100,-44
1905221.000,43551,2,MY,1,100,-46
1905261.000,43568,3,MY,1,100,-46
1905301.000,43568,3,MY,1,100,-44
1905341.000,43568,3,MY,1,100,-45
1905381.000,43585,2,MY,1,100,-46
1905421.000,43585,2,MY,1,100,-45
1905461.000,43599,3,MY,1,100,-46
1905501.000,43599,3,MY,1,100,-45
1905541.000,43599,3,MY,1,100,-46
1905581.000,43617,2,MY,1,100,-45
1905621.000,43617,2,MY,1,100,-44
1905661.000,43633,3,MY,1,100,-45
1905701.000,43633,3,MY,1,100,-46
1905741.000,43633,3,MY,1,100,-44
1905781.000,43650,2,MY,1,100,-45
1905821.000,43650,2,MY,1,100,-45
1905861.000,43664,3,MY,1,100,-45
1905901.000,43664,3,MY,1,100,-46
1905941.000,43664,3,MY,1,100,-45
1905981.000,43682,2,MY,1,100,-46
1906021.000,43682,2,MY,1,100,-45
1906061.000,43698,3,MY,1,100,-46
1906101.000,43698,3,MY,1,100,-46
1906141.000,43698,3,MY,1,100,-45
1906181.000,43715,2,MY,1,100,-45
1906221.000,43715,2,MY,1,100,-46
1906261.000,43730,3,MY,1,100,-46
1906301.000,43730,3,MY,1,100,-46
1906341.000,43730,3,MY,1,100,-46
1906381.000,43749,3,MY,1,100,-45
1906421.000,43749,3,MY,1,100,-46
1906461.000,43749,3,MY,1,100,-45
1906501.000,43765,2,MY,1,100,-44
1906541.000,43765,2,MY,1,100,-45
1906581.000,43783,3,MY,1,100,-45
1906621.000,43783,3,MY,1,100,-45
1906661.000,43783,3,MY,1,100,-43
1906701.000,43798,2,MY,1,100,-46
1906741.000,43798,2,MY,1,100,-44
1906781.000,43814,3,MY,1,100,-45
1906821.000,43814,3,MY,1,100,-45
1906861.000,43814,3,MY,1,100,-45
1906901.000,43831,3,MY,1,100,-46
1906941.000,43831,3,MY,1,100,-45
1906981.000,43831,3,MY,1,100,-45
1907021.000,43848,2,MY,1,100,-44
1907061.000,43848,2,MY,1,100,-46
1907101.000,43864,3,MY,1,100,-46
1907141.000,43864,3,MY,1,100,-45
1907181.000,43864,3,MY,1,100,-46
1907221.000,43880,2,MY,1,100,-45
1907261.000,43880,2,MY,1,100,-45
1907301.000,43896,3,MY,1,100,-45
1907341.000,43896,3,MY,1,100,-45
1907381.000,43896,3,MY,1,100,-45
1907421.000,43913,2,MY,1,100,-45
1907461.000,43913,2,MY,1,100,-45
1907501.000,43929,3,MY,1,100,-44
1907541.000,43929,3,MY,1,100,-46
1907581.000,43929,3,MY,1,100,-45
1907621.000,43946,2,MY,1,100,-45
1907661.000,43946,2,MY,1,100,-45
1907701.000,43961,3,MY,1,100,-45
1907741.000,43961,3,MY,1,100,-44
1907781.000,43961,3,MY,1,100,-45
1907821.000,43978,3,MY,1,100,-46
1907861.000,43978,3,MY,1,100,-45
1907901.000,43978,3,MY,1,100,-45
1907941.000,43995,2,MY,1,100,-45
1907981.000,43995,2,MY,1,100,-46
1908021.000,44012,3,MY,1,100,-46
1908061.000,44012,3,MY,1,100,-45
1908101.000,44012,3,MY,1,100,-46
1908141.000,44033,4,MY,1,100,-46
1908181.000,44033,4,MY,1,100,-45
1908221.000,44033,4,MY,1,100,-46
1908261.000,44033,4,MY,1,100,-45
1908301.000,44051,3,MY,1,100,-45
1908341.000,44051,3,MY,1,100,-45
1908381.000,44051,3,MY,1,100,-46
1908421.000,44065,2,MY,1,100,-46
1908461.000,44065,2,MY,1,100,-45
1908501.000,44082,3,MY,1,100,-44
1908541.000,44082,3,MY,1,100,-46
1908581.000,44082,3,MY,1,100,-46
1908621.000,44099,2,MY,1,100,-46
1908661.000,44099,2,MY,1,100,-45
1908701.000,44116,3,MY,1,100,-45
1908741.000,44116,3,MY,1,100,-44
1908781.000,44116,3,MY,1,100,-44
1908821.000,44131,2,MY,1,100,-45
1908861.000,44131,2,MY,1,100,-46
1908901.000,44148,3,MY,1,100,-46
1908941.000,44148,3,MY,1,100,-45
1908981.000,44148,3,MY,1,100,-44
1909021.000,44164,3,MY,1,100,-45
1909061.000,44164,3,MY,1,100,-45
1909101.000,44164,3,MY,1,100,-44
1909141.000,44181,2,MY,1,100,-46
1909181.000,44181,2,MY,1,100,-45
1909221.000,44198,3,MY,1,100,-46
1909261.000,44198,3,MY,1,100,-45
1909301.000,44198,3,MY,1,100,-44
1909341.000,44213,2,MY,1,100,-46
1909381.000,44213,2,MY,1,100,-45
1909421.000,44229,3,MY,1,100,-44
1909461.000,44229,3,MY,1,100,-45
1909501.000,44229,3,MY,1,100,-46
1909541.000,44246,3,MY,1,100,-45
1909581.000,44246,3,MY,1,100,-46
1909621.000,44246,3,MY,1,100,-45
1909661.000,44263,2,MY,1,100,-45
1909701.000,44263,2,MY,1,100,-44
1909741.000,44278,3,MY,1,100,-45
1909781.000,44278,3,MY,1,100,-45
1909821.000,44278,3,MY,1,100,-45
1909861.000,44294,2,MY,1,100,-45
1909901.000,44294,2,MY,1,100,-46
1909941.000,44312,3,MY,1,100,-45
1909981.000,44312,3,MY,1,100,-45
1910021.000,44312,3,MY,1,100,-45
1910061.000,44328,2,MY,1,100,-45
1910101.000,44328,2,MY,1,100,-45
1910140.667,44344,3,MY,1,100,-45
1910180.333,44344,3,MY,1,100,-46
1910220.000,44344,3,MY,1,100,-45
1910260.500,44360,2,MY,1,100,-45
1910301.000,44360,2,MY,1,100,-46
1910340.667,44377,3,MY,1,100,-45
1910380.333,44377,3,MY,1,100,-44
1910420.000,44377,3,MY,1,100,-45
1910460.500,44393,2,MY,1,100,-46
1910501.000,44393,2,MY,1,100,-45
1910541.000,44409,3,MY,1,100,-46
1910581.000,44409,3,MY,1,100,-45
1910621.000,44409,3,MY,1,100,-46
1910661.000,44425,2,MY,1,100,-44
1910701.000,44425,2,MY,1,100,-45
1910741.000,44442,3,MY,1,100,-46
1910781.000,44442,3,MY,1,100,-46
1910821.000,44442,3,MY,1,100,-46
1910860.500,44458,2,MY,1,100,-46
1910900.000,44458,2,MY,1,100,-45
1910940.000,44476,3,MY,1,100,-46
1910980.000,44476,3,MY,1,100,-44
1911020.000,44476,3,MY,1,100,-45
1911060.500,44490,2,MY,1,100,-46
1911101.000,44490,2,MY,1,100,-46
1911141.000,44507,3,MY,1,100,-45
1911181.000,44507,3,MY,1,100,-45
1911221.000,44507,3,MY,1,100,-45
1911260.667,44525,3,MY,1,100,-45
1911300.333,44525,3,MY,1,100,-46
1911340.000,44525,3,MY,1,100,-45
1911380.333,44543,3,MY,1,100,-45
1911420.667,44543,3,MY,1,100,-45
1911461.000,44543,3,MY,1,100,-45
1911500.500,44560,2,MY,1,100,-44
1911540.000,44560,2,MY,1,100,-45
1911580.000,44575,3,MY,1,100,-45
1911620.000,44575,3,MY,1,100,-46
1911660.000,44575,3,MY,1,100,-45
1911700.000,44592,3,MY,1,100,-44
1911740.000,44592,3,MY,1,100,-46
1911780.000,44592,3,MY,1,100,-46
1911820.000,44608,2,MY,1,100,-44
1911860.000,44608,2,MY,1,100,-45
1911900.000,44626,3,MY,1,100,-45
1911940.000,44626,3,MY,1,100,-46
1911980.000,44626,3,MY,1,100,-46
1912020.500,44640,2,MY,1,100,-46
1912061.000,44640,2,MY,1,100,-45
1912100.667,44657,3,MY,1,100,-44
1912140.333,44657,3,MY,1,100,-46
1912180.000,44657,3,MY,1,100,-45
1912220.000,44673,2,MY,1,100,-45
1912260.000,44673,2,MY,1,100,-45
1912300.000,44691,3,MY,1,100,-45
1912340.000,44691,3,MY,1,100,-46
1912380.000,44691,3,MY,1,100,-44
1912420.000,44705,2,MY,1,100,-45
1912460.000,44705,2,MY,1,100,-45
1912500.000,44722,3,MY,1,100,-45
1912540.000,44722,3,MY,1,100,-45
1912580.000,44722,3,MY,1,100,-47
1912620.500,44739,2,MY,1,100,-45
1912661.000,44739,2,MY,1,100,-45
1912701.000,44756,3,MY,1,100,-44
1912741.000,44756,3,MY,1,100,-45
1912781.000,44756,3,MY,1,100,-45
1912821.000,44771,2,MY,1,100,-44
1912861.000,44771,2,MY,1,100,-44
1912901.000,44788,3,MY,1,100,-45
1912941.000,44788,3,MY,1,100,-45
1912981.000,44788,3,MY,1,100,-45
1913021.000,44804,3,MY,1,100,-46
1913061.000,44804,3,MY,1,100,-45
1913101.000,44804,3,MY,1,100,-45
1913141.000,44821,2,MY,1,100,-44
1913181.000,44821,2,MY,1,100,-46
1913221.000,44842,5,MY,1,100,-46
1913261.000,44842,5,MY,1,100,-45
1913301.000,44842,5,MY,1,100,-44
1913341.000,44842,5,MY,1,100,-45
1913381.000,44842,5,MY,1,100,-45
1913421.000,44858,3,MY,1,100,-44
1913461.000,44858,3,MY,1,100,-45
1913501.000,44858,3,MY,1,100,-46
