EmotiBitTimestamp,PacketNumber,DataLength,TypeTag,ProtocolVersion,DataReliability,MX
1839561.000,33092,1,MX,1,100,163
1839601.000,33107,2,MX,1,100,162
1839641.000,33107,2,MX,1,100,162
1839681.000,33124,3,MX,1,100,164
1839721.000,33124,3,MX,1,100,162
1839761.000,33124,3,MX,1,100,163
1839801.000,33142,3,MX,1,100,163
1839841.000,33142,3,MX,1,100,162
1839881.000,33142,3,MX,1,100,162
1839921.000,33160,2,MX,1,100,162
1839961.000,33160,2,MX,1,100,163
1840001.000,33174,3,MX,1,100,162
1840041.000,33174,3,MX,1,100,162
1840081.000,33174,3,MX,1,100,162
1840121.000,33191,2,MX,1,100,162
1840161.000,33191,2,MX,1,100,162
1840201.000,33207,3,MX,1,100,163
1840241.000,33207,3,MX,1,100,163
1840281.000,33207,3,MX,1,100,162
1840321.000,33225,2,MX,1,100,162
1840361.000,33225,2,MX,1,100,162
1840401.000,33239,3,MX,1,100,162
1840441.000,33239,3,MX,1,100,162
1840481.000,33239,3,MX,1,100,161
1840521.000,33256,2,MX,1,100,162
1840561.000,33256,2,MX,1,100,161
1840601.000,33273,3,MX,1,100,162
1840641.000,33273,3,MX,1,100,161
1840681.000,33273,3,MX,1,100,162
1840721.000,33290,2,MX,1,100,161
1840761.000,33290,2,MX,1,100,162
1840801.000,33304,3,MX,1,100,162
1840841.000,33304,3,MX,1,100,161
1840881.000,33304,3,MX,1,100,161
1840921.000,33322,2,MX,1,100,161
1840961.000,33322,2,MX,1,100,162
1841001.000,33340,3,MX,1,100,161
1841041.000,33340,3,MX,1,100,161
1841081.000,33340,3,MX,1,100,162
1841121.000,33357,3,MX,1,100,162
1841161.000,33357,3,MX,1,100,161
1841201.000,33357,3,MX,1,100,161
1841241.000,33374,2,MX,1,100,161
1841281.000,33374,2,MX,1,100,162
1841321.000,33391,3,MX,1,100,162
1841361.000,33391,3,MX,1,100,161
1841401.000,33391,3,MX,1,100,162
1841441.000,33407,2,MX,1,100,162
1841481.000,33407,2,MX,1,100,161
1841521.000,33430,5,MX,1,100,162
1841561.000,33430,5,MX,1,100,162
1841601.000,33430,5,MX,1,100,161
1841641.000,33430,5,MX,1,100,162
1841681.000,33430,5,MX,1,100,162
1841721.000,33446,2,MX,1,100,161
1841761.000,33446,2,MX,1,100,161
1841801.000,33463,3,MX,1,100,162
1841841.000,33463,3,MX,1,100,161
1841881.000,33463,3,MX,1,100,161
1841921.000,33480,2,MX,1,100,161
1841961.000,33480,2,MX,1,100,161
1842001.000,33495,3,MX,1,100,161
1842041.000,33495,3,MX,1,100,161
1842081.000,33495,3,MX,1,100,162
1842121.000,33511,2,MX,1,100,161
1842161.000,33511,2,MX,1,100,162
1842201.000,33528,3,MX,1,100,162
1842241.000,33528,3,MX,1,100,161
1842281.000,33528,3,MX,1,100,162
1842321.000,33545,2,MX,1,100,161
1842361.000,33545,2,MX,1,100,161
1842401.000,33560,3,MX,1,100,162
1842441.000,33560,3,MX,1,100,161
1842481.000,33560,3,MX,1,100,161
1842521.000,33578,2,MX,1,100,161
1842561.000,33578,2,MX,1,100,162
1842601.000,33596,3,MX,1,100,162
1842641.000,33596,3,MX,1,100,161
1842681.000,33596,3,MX,1,100,161
1842721.000,33612,3,MX,1,100,161
1842761.000,33612,3,MX,1,100,162
1842801.000,33612,3,MX,1,100,162
1842841.000,33628,2,MX,1,100,161
1842881.000,33628,2,MX,1,100,162
1842921.000,33644,3,MX,1,100,161
1842961.000,33644,3,MX,1,100,162
1843001.000,33644,3,MX,1,100,162
1843041.000,33661,2,MX,1,100,162
1843081.000,33661,2,MX,1,100,162
1843121.000,33677,3,MX,1,100,162
1843161.000,33677,3,MX,1,100,161
1843201.000,33677,3,MX,1,100,162
1843241.000,33695,2,MX,1,100,162
1843281.000,33695,2,MX,1,100,162
1843321.000,33709,3,MX,1,100,162
1843361.000,33709,3,MX,1,100,161
1843401.000,33709,3,MX,1,100,161
1843441.000,33726,2,MX,1,100,161
1843481.000,33726,2,MX,1,100,161
1843521.000,33742,3,MX,1,100,161
1843561.000,33742,3,MX,1,100,162
1843601.000,33742,3,MX,1,100,161
1843640.500,33760,2,MX,1,100,161
1843680.000,33760,2,MX,1,100,162
1843720.000,33774,3,MX,1,100,161
1843760.000,33774,3,MX,1,100,162
1843800.000,33774,3,MX,1,100,161
1843840.333,33791,3,MX,1,100,162
1843880.667,33791,3,MX,1,100,161
1843921.000,33791,3,MX,1,100,161
1843961.000,33808,2,MX,1,100,161
1844001.000,33808,2,MX,1,100,161
1844041.000,33825,3,MX,1,100,161
1844081.000,33825,3,MX,1,100,161
1844121.000,33825,3,MX,1,100,162
1844161.000,33839,2,MX,1,100,161
1844201.000,33839,2,MX,1,100,161
1844241.000,33859,2,MX,1,100,161
1844281.000,33859,2,MX,1,100,161
1844325.333,33875,3,MX,1,100,161
1844369.667,33875,3,MX,1,100,160
1844414.000,33875,3,MX,1,100,161
1844454.000,33894,2,MX,1,100,160
1844494.000,33894,2,MX,1,100,161
1844534.000,33908,3,MX,1,100,161
1844574.000,33908,3,MX,1,100,162
1844614.000,33908,3,MX,1,100,161
1844654.000,33926,2,MX,1,100,161
1844694.000,33926,2,MX,1,100,160
1844734.000,33942,3,MX,1,100,161
1844774.000,33942,3,MX,1,100,161
1844814.000,33942,3,MX,1,100,161
1844854.000,33959,3,MX,1,100,161
1844894.000,33959,3,MX,1,100,161
1844934.000,33959,3,MX,1,100,161
1844974.000,33975,2,MX,1,100,161
1845014.000,33975,2,MX,1,100,161
1845054.000,33991,3,MX,1,100,161
1845094.000,33991,3,MX,1,100,161
1845134.000,33991,3,MX,1,100,161
1845174.000,34009,2,MX,1,100,161
1845214.000,34009,2,MX,1,100,160
1845254.000,34027,3,MX,1,100,160
1845294.000,34027,3,MX,1,100,160
1845334.000,34027,3,MX,1,100,160
1845374.000,34043,2,MX,1,100,161
1845414.000,34043,2,MX,1,100,161
1845454.000,34058,3,MX,1,100,161
1845494.000,34058,3,MX,1,100,161
1845534.000,34058,3,MX,1,100,161
1845574.000,34075,2,MX,1,100,161
1845614.000,34075,2,MX,1,100,161
1845654.000,34092,3,MX,1,100,161
1845694.000,34092,3,MX,1,100,162
1845734.000,34092,3,MX,1,100,161
1845774.000,34108,2,MX,1,100,160
1845814.000,34108,2,MX,1,100,160
1845854.000,34123,3,MX,1,100,161
1845894.000,34123,3,MX,1,100,161
1845934.000,34123,3,MX,1,100,161
1845974.000,34140,3,MX,1,100,161
1846014.000,34140,3,MX,1,100,161
1846054.000,34140,3,MX,1,100,161
1846094.000,34159,2,MX,1,100,159
1846134.000,34159,2,MX,1,100,160
1846174.000,34175,3,MX,1,100,162
1846214.000,34175,3,MX,1,100,162
1846254.000,34175,3,MX,1,100,164
1846294.000,34191,2,MX,1,100,165
1846334.000,34191,2,MX,1,100,167
1846369.667,34209,3,MX,1,100,168
1846405.333,34209,3,MX,1,100,168
1846441.000,34209,3,MX,1,100,168
1846481.000,34226,2,MX,1,100,168
1846521.000,34226,2,MX,1,100,168
1846561.000,34243,3,MX,1,100,168
1846601.000,34243,3,MX,1,100,168
1846641.000,34243,3,MX,1,100,167
1846685.000,34265,3,MX,1,100,166
1846729.000,34265,3,MX,1,100,164
1846773.000,34265,3,MX,1,100,166
1846813.333,34281,3,MX,1,100,165
1846853.667,34281,3,MX,1,100,165
1846894.000,34281,3,MX,1,100,166
1846934.000,34299,2,MX,1,100,167
1846974.000,34299,2,MX,1,100,166
1847013.667,34315,3,MX,1,100,166
1847053.333,34315,3,MX,1,100,164
1847093.000,34315,3,MX,1,100,162
1847133.333,34332,3,MX,1,100,162
1847173.667,34332,3,MX,1,100,163
1847214.000,34332,3,MX,1,100,162
1847254.000,34349,2,MX,1,100,162
1847294.000,34349,2,MX,1,100,162
1847334.000,34364,3,MX,1,100,163
1847374.000,34364,3,MX,1,100,161
1847414.000,34364,3,MX,1,100,163
1847454.000,34380,2,MX,1,100,165
1847494.000,34380,2,MX,1,100,164
1847534.000,34397,3,MX,1,100,164
1847574.000,34397,3,MX,1,100,163
1847614.000,34397,3,MX,1,100,161
1847653.500,34414,2,MX,1,100,161
1847693.000,34414,2,MX,1,100,161
1847733.333,34429,3,MX,1,100,161
1847773.667,34429,3,MX,1,100,163
1847814.000,34429,3,MX,1,100,164
1847854.000,34445,2,MX,1,100,166
1847894.000,34445,2,MX,1,100,171
1847933.667,34463,3,MX,1,100,175
1847973.333,34463,3,MX,1,100,168
1848013.000,34463,3,MX,1,100,161
1848053.500,34479,2,MX,1,100,156
1848094.000,34479,2,MX,1,100,150
1848134.000,34494,3,MX,1,100,145
1848174.000,34494,3,MX,1,100,141
1848214.000,34494,3,MX,1,100,138
1848253.667,34511,3,MX,1,100,132
1848293.333,34511,3,MX,1,100,128
1848333.000,34511,3,MX,1,100,125
1848373.000,34528,2,MX,1,100,122
1848413.000,34528,2,MX,1,100,120
1848453.000,34544,3,MX,1,100,119
1848493.000,34544,3,MX,1,100,119
1848533.000,34544,3,MX,1,100,120
1848573.000,34560,2,MX,1,100,122
1848613.000,34560,2,MX,1,100,123
1848653.000,34576,3,MX,1,100,126
1848693.000,34576,3,MX,1,100,128
1848733.000,34576,3,MX,1,100,131
1848773.000,34593,2,MX,1,100,137
1848813.000,34593,2,MX,1,100,140
1848853.000,34609,3,MX,1,100,143
1848893.000,34609,3,MX,1,100,144
1848933.000,34609,3,MX,1,100,144
1848973.000,34627,2,MX,1,100,143
1849013.000,34627,2,MX,1,100,141
1849053.000,34641,3,MX,1,100,143
1849093.000,34641,3,MX,1,100,145
1849133.000,34641,3,MX,1,100,150
1849173.000,34658,2,MX,1,100,152
1849213.000,34658,2,MX,1,100,156
1849253.000,34675,3,MX,1,100,158
1849293.000,34675,3,MX,1,100,128
1849333.000,34675,3,MX,1,100,90
1849373.000,34692,2,MX,1,100,66
1849413.000,34692,2,MX,1,100,50
1849453.000,34706,3,MX,1,100,36
1849493.000,34706,3,MX,1,100,30
1849533.000,34706,3,MX,1,100,22
1849573.000,34724,3,MX,1,100,21
1849613.000,34724,3,MX,1,100,21
1849653.000,34724,3,MX,1,100,21
1849693.000,34740,2,MX,1,100,21
1849733.000,34740,2,MX,1,100,22
1849773.000,34757,3,MX,1,100,22
1849813.000,34757,3,MX,1,100,21
1849853.000,34757,3,MX,1,100,22
1849893.000,34771,2,MX,1,100,21
1849933.000,34771,2,MX,1,100,22
1849973.000,34789,3,MX,1,100,23
1850013.000,34789,3,MX,1,100,23
1850053.000,34789,3,MX,1,100,23
1850093.000,34805,2,MX,1,100,23
1850133.000,34805,2,MX,1,100,21
1850173.000,34822,3,MX,1,100,22
1850213.000,34822,3,MX,1,100,21
1850253.000,34822,3,MX,1,100,19
1850293.000,34837,2,MX,1,100,20
1850333.000,34837,2,MX,1,100,18
1850373.000,34854,3,MX,1,100,19
1850413.000,34854,3,MX,1,100,19
1850453.000,34854,3,MX,1,100,19
1850493.000,34870,2,MX,1,100,17
1850533.000,34870,2,MX,1,100,17
1850573.000,34888,3,MX,1,100,16
1850613.000,34888,3,MX,1,100,16
1850653.000,34888,3,MX,1,100,14
1850693.000,34903,2,MX,1,100,11
1850733.000,34903,2,MX,1,100, 8
1850773.000,34919,3,MX,1,100, 0
1850813.000,34919,3,MX,1,100,-9
1850853.000,34919,3,MX,1,100,-17
1850893.000,34936,3,MX,1,100,-22
1850933.000,34936,3,MX,1,100,-20
1850973.000,34936,3,MX,1,100,-9
1851013.000,34953,2,MX,1,100, 0
1851053.000,34953,2,MX,1,100, 6
1851093.000,34969,3,MX,1,100, 5
1851133.000,34969,3,MX,1,100, 3
1851173.000,34969,3,MX,1,100, 5
1851213.000,34984,2,MX,1,100,11
1851253.000,34984,2,MX,1,100,13
1851293.000,35003,3,MX,1,100,19
1851333.000,35003,3,MX,1,100,20
1851373.000,35003,3,MX,1,100,21
1851413.000,35020,2,MX,1,100,23
1851453.000,35020,2,MX,1,100,26
1851493.000,35036,3,MX,1,100,28
1851533.000,35036,3,MX,1,100,32
1851573.000,35036,3,MX,1,100,33
1851613.000,35052,2,MX,1,100,35
1851653.000,35052,2,MX,1,100,36
1851693.000,35068,3,MX,1,100,35
1851733.000,35068,3,MX,1,100,38
1851773.000,35068,3,MX,1,100,42
1851813.000,35090,4,MX,1,100,44
1851853.000,35090,4,MX,1,100,43
1851893.000,35090,4,MX,1,100,40
1851933.000,35090,4,MX,1,100,39
1851973.000,35107,2,MX,1,100,37
1852013.000,35107,2,MX,1,100,34
1852053.000,35124,3,MX,1,100,32
1852093.000,35124,3,MX,1,100,29
1852133.000,35124,3,MX,1,100,26
1852173.000,35139,2,MX,1,100,26
1852213.000,35139,2,MX,1,100,25
1852253.000,35156,3,MX,1,100,25
1852293.000,35156,3,MX,1,100,24
1852333.000,35156,3,MX,1,100,25
1852373.000,35172,2,MX,1,100,25
1852413.000,35172,2,MX,1,100,24
1852453.000,35189,3,MX,1,100,24
1852493.000,35189,3,MX,1,100,24
1852533.000,35189,3,MX,1,100,25
1852573.000,35206,2,MX,1,100,24
1852613.000,35206,2,MX,1,100,23
1852653.000,35221,3,MX,1,100,23
1852693.000,35221,3,MX,1,100,23
1852733.000,35221,3,MX,1,100,22
1852773.000,35237,2,MX,1,100,23
1852813.000,35237,2,MX,1,100,23
1852853.000,35254,3,MX,1,100,24
1852893.000,35254,3,MX,1,100,25
1852933.000,35254,3,MX,1,100,25
1852973.000,35271,2,MX,1,100,24
1853013.000,35271,2,MX,1,100,24
1853053.000,35286,3,MX,1,100,25
1853093.000,35286,3,MX,1,100,24
1853133.000,35286,3,MX,1,100,24
1853173.000,35302,3,MX,1,100,25
1853213.000,35302,3,MX,1,100,25
1853253.000,35302,3,MX,1,100,27
1853293.000,35320,2,MX,1,100,25
1853333.000,35320,2,MX,1,100,24
1853373.000,35336,3,MX,1,100,24
1853413.000,35336,3,MX,1,100,24
1853453.000,35336,3,MX,1,100,25
1853493.000,35351,2,MX,1,100,26
1853533.000,35351,2,MX,1,100,26
1853573.000,35368,3,MX,1,100,25
1853613.000,35368,3,MX,1,100,26
1853653.000,35368,3,MX,1,100,25
1853693.000,35385,2,MX,1,100,26
1853733.000,35385,2,MX,1,100,25
1853773.000,35401,3,MX,1,100,25
1853813.000,35401,3,MX,1,100,25
1853853.000,35401,3,MX,1,100,26
1853893.000,35416,2,MX,1,100,26
1853933.000,35416,2,MX,1,100,25
1853973.000,35433,3,MX,1,100,26
1854013.000,35433,3,MX,1,100,25
1854053.000,35433,3,MX,1,100,26
1854093.000,35450,2,MX,1,100,25
1854133.000,35450,2,MX,1,100,26
1854173.000,35466,3,MX,1,100,26
1854213.000,35466,3,MX,1,100,25
1854253.000,35466,3,MX,1,100,26
1854293.000,35483,2,MX,1,100,25
1854333.000,35483,2,MX,1,100,26
1854373.000,35498,3,MX,1,100,25
1854413.000,35498,3,MX,1,100,25
1854453.000,35498,3,MX,1,100,24
1854493.000,35515,2,MX,1,100,27
1854533.000,35515,2,MX,1,100,26
1854573.000,35532,3,MX,1,100,27
1854613.000,35532,3,MX,1,100,23
1854653.000,35532,3,MX,1,100,23
1854693.000,35549,3,MX,1,100,24
1854733.000,35549,3,MX,1,100,27
1854773.000,35549,3,MX,1,100,27
1854813.000,35563,2,MX,1,100,27
1854853.000,35563,2,MX,1,100,25
1854893.000,35581,3,MX,1,100,25
1854933.000,35581,3,MX,1,100,22
1854973.000,35581,3,MX,1,100,24
1855013.000,35597,2,MX,1,100,24
1855053.000,35597,2,MX,1,100,24
1855093.000,35614,3,MX,1,100,23
1855133.000,35614,3,MX,1,100,23
1855173.000,35614,3,MX,1,100,24
1855213.000,35628,2,MX,1,100,24
1855253.000,35628,2,MX,1,100,24
1855293.000,35646,3,MX,1,100,24
1855333.000,35646,3,MX,1,100,24
1855373.000,35646,3,MX,1,100,24
1855413.000,35662,2,MX,1,100,24
1855453.000,35662,2,MX,1,100,24
1855493.000,35679,3,MX,1,100,24
1855533.000,35679,3,MX,1,100,25
1855573.000,35679,3,MX,1,100,25
1855613.000,35694,2,MX,1,100,25
1855653.000,35694,2,MX,1,100,25
1855693.000,35711,3,MX,1,100,24
1855733.000,35711,3,MX,1,100,24
1855773.000,35711,3,MX,1,100,24
1855813.000,35727,2,MX,1,100,24
1855853.000,35727,2,MX,1,100,24
1855893.000,35745,3,MX,1,100,25
1855933.000,35745,3,MX,1,100,23
1855973.000,35745,3,MX,1,100,25
1856013.000,35759,3,MX,1,100,25
1856053.000,35759,3,MX,1,100,24
1856093.000,35759,3,MX,1,100,24
1856133.000,35776,2,MX,1,100,25
1856173.000,35776,2,MX,1,100,25
1856213.000,35792,3,MX,1,100,24
1856253.000,35792,3,MX,1,100,24
1856293.000,35792,3,MX,1,100,24
1856333.000,35812,2,MX,1,100,24
1856373.000,35812,2,MX,1,100,24
1856413.000,35827,3,MX,1,100,23
1856453.000,35827,3,MX,1,100,24
1856493.000,35827,3,MX,1,100,23
1856533.000,35843,2,MX,1,100,24
1856573.000,35843,2,MX,1,100,25
1856613.000,35860,3,MX,1,100,24
1856653.000,35860,3,MX,1,100,25
1856693.000,35860,3,MX,1,100,24
1856733.000,35877,2,MX,1,100,24
1856773.000,35877,2,MX,1,100,24
1856813.000,35893,3,MX,1,100,24
1856853.000,35893,3,MX,1,100,24
1856893.000,35893,3,MX,1,100,24
1856933.000,35916,4,MX,1,100,24
1856973.000,35916,4,MX,1,100,25
1857013.000,35916,4,MX,1,100,24
1857053.000,35916,4,MX,1,100,24
1857093.000,35930,2,MX,1,100,24
1857133.000,35930,2,MX,1,100,24
1857173.000,35947,3,MX,1,100,24
1857213.000,35947,3,MX,1,100,24
1857253.000,35947,3,MX,1,100,24
1857293.000,35964,2,MX,1,100,24
1857333.000,35964,2,MX,1,100,24
1857373.000,35981,3,MX,1,100,24
1857413.000,35981,3,MX,1,100,25
1857453.000,35981,3,MX,1,100,24
1857492.500,35996,2,MX,1,100,25
1857532.000,35996,2,MX,1,100,24
1857572.000,36013,3,MX,1,100,24
1857612.000,36013,3,MX,1,100,24
1857652.000,36013,3,MX,1,100,24
1857692.333,36029,3,MX,1,100,24
1857732.667,36029,3,MX,1,100,24
1857773.000,36029,3,MX,1,100,24
1857812.500,36046,2,MX,1,100,24
1857852.000,36046,2,MX,1,100,24
1857892.000,36063,3,MX,1,100,25
1857932.000,36063,3,MX,1,100,24
1857972.000,36063,3,MX,1,100,25
1858012.500,36078,2,MX,1,100,24
1858053.000,36078,2,MX,1,100,24
1858093.000,36094,3,MX,1,100,25
1858133.000,36094,3,MX,1,100,25
1858173.000,36094,3,MX,1,100,24
1858213.000,36111,2,MX,1,100,24
1858253.000,36111,2,MX,1,100,23
1858292.667,36128,3,MX,1,100,25
1858332.333,36128,3,MX,1,100,25
1858372.000,36128,3,MX,1,100,24
1858412.000,36143,2,MX,1,100,23
1858452.000,36143,2,MX,1,100,24
1858492.000,36159,3,MX,1,100,25
1858532.000,36159,3,MX,1,100,24
1858572.000,36159,3,MX,1,100,24
1858612.000,36177,2,MX,1,100,24
1858652.000,36177,2,MX,1,100,24
1858692.000,36193,3,MX,1,100,24
1858732.000,36193,3,MX,1,100,24
1858772.000,36193,3,MX,1,100,25
1858812.000,36208,2,MX,1,100,24
1858852.000,36208,2,MX,1,100,25
1858892.000,36225,3,MX,1,100,24
1858932.000,36225,3,MX,1,100,24
1858972.000,36225,3,MX,1,100,24
1859012.000,36242,2,MX,1,100,24
1859052.000,36242,2,MX,1,100,24
1859092.000,36258,3,MX,1,100,24
1859132.000,36258,3,MX,1,100,24
1859172.000,36258,3,MX,1,100,24
1859212.000,36273,3,MX,1,100,25
1859252.000,36273,3,MX,1,100,25
1859292.000,36273,3,MX,1,100,24
1859332.000,36290,2,MX,1,100,24
1859372.000,36290,2,MX,1,100,24
1859412.000,36307,3,MX,1,100,24
1859452.000,36307,3,MX,1,100,24
1859492.000,36307,3,MX,1,100,24
1859532.000,36323,2,MX,1,100,24
1859572.000,36323,2,MX,1,100,24
1859612.000,36340,3,MX,1,100,25
1859652.000,36340,3,MX,1,100,25
1859692.000,36340,3,MX,1,100,23
1859732.000,36355,2,MX,1,100,24
1859772.000,36355,2,MX,1,100,24
1859812.000,36372,3,MX,1,100,24
1859852.000,36372,3,MX,1,100,24
1859892.000,36372,3,MX,1,100,25
1859932.000,36389,2,MX,1,100,25
1859972.000,36389,2,MX,1,100,25
1860012.000,36406,3,MX,1,100,24
1860052.000,36406,3,MX,1,100,25
1860092.000,36406,3,MX,1,100,24
1860132.000,36420,2,MX,1,100,24
1860172.000,36420,2,MX,1,100,23
1860212.000,36438,3,MX,1,100,24
1860252.000,36438,3,MX,1,100,24
1860292.000,36438,3,MX,1,100,25
1860332.000,36454,3,MX,1,100,23
1860372.000,36454,3,MX,1,100,25
1860412.000,36454,3,MX,1,100,24
1860452.000,36471,2,MX,1,100,24
1860492.000,36471,2,MX,1,100,24
1860532.000,36485,3,MX,1,100,25
1860572.000,36485,3,MX,1,100,24
1860612.000,36485,3,MX,1,100,25
1860652.000,36503,2,MX,1,100,24
1860692.000,36503,2,MX,1,100,24
1860732.000,36519,3,MX,1,100,24
1860772.000,36519,3,MX,1,100,24
1860812.000,36519,3,MX,1,100,24
1860852.000,36536,2,MX,1,100,25
1860892.000,36536,2,MX,1,100,24
1860932.000,36551,3,MX,1,100,24
1860972.000,36551,3,MX,1,100,25
1861012.000,36551,3,MX,1,100,25
1861052.000,36568,2,MX,1,100,25
1861092.000,36568,2,MX,1,100,24
1861132.000,36584,3,MX,1,100,24
1861172.000,36584,3,MX,1,100,24
1861212.000,36584,3,MX,1,100,24
1861252.000,36602,2,MX,1,100,24
1861292.000,36602,2,MX,1,100,25
1861332.000,36618,3,MX,1,100,23
1861372.000,36618,3,MX,1,100,24
1861412.000,36618,3,MX,1,100,24
1861452.000,36635,2,MX,1,100,24
1861492.000,36635,2,MX,1,100,23
1861532.000,36651,3,MX,1,100,24
1861572.000,36651,3,MX,1,100,24
1861612.000,36651,3,MX,1,100,23
1861652.000,36669,3,MX,1,100,24
1861692.000,36669,3,MX,1,100,24
1861732.000,36669,3,MX,1,100,25
1861772.000,36684,2,MX,1,100,25
1861812.000,36684,2,MX,1,100,24
1861852.000,36700,3,MX,1,100,24
1861892.000,36700,3,MX,1,100,24
1861932.000,36700,3,MX,1,100,24
1861972.000,36717,2,MX,1,100,24
1862012.000,36717,2,MX,1,100,24
1862052.000,36737,4,MX,1,100,24
1862092.000,36737,4,MX,1,100,24
1862132.000,36737,4,MX,1,100,24
1862172.000,36737,4,MX,1,100,24
1862212.000,36753,2,MX,1,100,25
1862252.000,36753,2,MX,1,100,24
1862292.000,36771,3,MX,1,100,24
1862332.000,36771,3,MX,1,100,24
1862372.000,36771,3,MX,1,100,25
1862412.000,36785,2,MX,1,100,24
1862452.000,36785,2,MX,1,100,24
1862492.000,36802,3,MX,1,100,24
1862532.000,36802,3,MX,1,100,24
1862572.000,36802,3,MX,1,100,25
1862612.000,36819,2,MX,1,100,24
1862652.000,36819,2,MX,1,100,24
1862692.000,36836,3,MX,1,100,24
1862732.000,36836,3,MX,1,100,24
1862772.000,36836,3,MX,1,100,24
1862812.000,36850,2,MX,1,100,24
1862852.000,36850,2,MX,1,100,24
1862892.000,36868,3,MX,1,100,24
1862932.000,36868,3,MX,1,100,24
1862972.000,36868,3,MX,1,100,24
1863012.000,36884,3,MX,1,100,24
1863052.000,36884,3,MX,1,100,25
1863092.000,36884,3,MX,1,100,24
1863132.000,36901,2,MX,1,100,24
1863172.000,36901,2,MX,1,100,24
1863212.000,36915,3,MX,1,100,24
1863252.000,36915,3,MX,1,100,23
1863292.000,36915,3,MX,1,100,23
1863332.000,36933,2,MX,1,100,24
1863372.000,36933,2,MX,1,100,24
1863412.000,36949,3,MX,1,100,24
1863452.000,36949,3,MX,1,100,24
1863492.000,36949,3,MX,1,100,25
1863532.000,36966,2,MX,1,100,24
1863572.000,36966,2,MX,1,100,25
1863612.000,36982,3,MX,1,100,24
1863652.000,36982,3,MX,1,100,24
1863692.000,36982,3,MX,1,100,24
1863732.000,36998,2,MX,1,100,24
1863772.000,36998,2,MX,1,100,24
1863812.000,37014,3,MX,1,100,24
1863852.000,37014,3,MX,1,100,25
1863892.000,37014,3,MX,1,100,24
1863932.000,37032,2,MX,1,100,25
1863972.000,37032,2,MX,1,100,24
1864012.000,37048,3,MX,1,100,24
1864052.000,37048,3,MX,1,100,25
1864092.000,37048,3,MX,1,100,25
1864132.000,37063,2,MX,1,100,25
1864172.000,37063,2,MX,1,100,24
1864212.000,37080,3,MX,1,100,25
1864252.000,37080,3,MX,1,100,24
1864292.000,37080,3,MX,1,100,24
1864332.000,37097,3,MX,1,100,25
1864372.000,37097,3,MX,1,100,24
1864412.000,37097,3,MX,1,100,24
1864452.000,37113,2,MX,1,100,24
1864492.000,37113,2,MX,1,100,24
1864532.000,37128,3,MX,1,100,23
1864572.000,37128,3,MX,1,100,25
1864612.000,37128,3,MX,1,100,24
1864652.000,37145,2,MX,1,100,24
1864692.000,37145,2,MX,1,100,25
1864732.000,37162,3,MX,1,100,24
1864772.000,37162,3,MX,1,100,25
1864812.000,37162,3,MX,1,100,24
1864852.000,37178,2,MX,1,100,25
1864892.000,37178,2,MX,1,100,24
1864932.000,37194,3,MX,1,100,24
1864972.000,37194,3,MX,1,100,25
1865012.000,37194,3,MX,1,100,25
1865052.000,37210,2,MX,1,100,24
1865092.000,37210,2,MX,1,100,24
1865132.000,37227,3,MX,1,100,24
1865172.000,37227,3,MX,1,100,24
1865212.000,37227,3,MX,1,100,23
1865252.000,37244,2,MX,1,100,24
1865292.000,37244,2,MX,1,100,25
1865332.000,37259,3,MX,1,100,25
1865372.000,37259,3,MX,1,100,23
1865412.000,37259,3,MX,1,100,24
1865452.000,37275,3,MX,1,100,24
1865492.000,37275,3,MX,1,100,24
1865532.000,37275,3,MX,1,100,24
1865572.000,37292,2,MX,1,100,25
1865612.000,37292,2,MX,1,100,24
1865652.000,37309,3,MX,1,100,24
1865692.000,37309,3,MX,1,100,24
1865732.000,37309,3,MX,1,100,24
1865772.000,37325,2,MX,1,100,25
1865812.000,37325,2,MX,1,100,24
1865852.000,37340,3,MX,1,100,24
1865892.000,37340,3,MX,1,100,24
1865932.000,37340,3,MX,1,100,24
1865972.000,37358,2,MX,1,100,24
1866012.000,37358,2,MX,1,100,24
1866052.000,37374,3,MX,1,100,24
1866092.000,37374,3,MX,1,100,24
1866132.000,37374,3,MX,1,100,24
1866171.750,37392,4,MX,1,100,24
1866211.500,37392,4,MX,1,100,23
1866251.250,37392,4,MX,1,100,24
1866291.000,37392,4,MX,1,100,24
1866331.333,37410,3,MX,1,100,24
1866371.667,37410,3,MX,1,100,24
1866412.000,37410,3,MX,1,100,24
1866452.000,37427,2,MX,1,100,24
1866492.000,37427,2,MX,1,100,24
1866532.000,37441,3,MX,1,100,25
1866572.000,37441,3,MX,1,100,25
1866612.000,37441,3,MX,1,100,25
1866652.000,37459,2,MX,1,100,24
1866692.000,37459,2,MX,1,100,25
1866732.000,37475,3,MX,1,100,24
1866772.000,37475,3,MX,1,100,23
1866812.000,37475,3,MX,1,100,24
1866852.000,37492,3,MX,1,100,24
1866892.000,37492,3,MX,1,100,24
1866932.000,37492,3,MX,1,100,24
1866972.000,37508,2,MX,1,100,24
1867012.000,37508,2,MX,1,100,24
1867052.000,37524,3,MX,1,100,24
1867092.000,37524,3,MX,1,100,24
1867132.000,37524,3,MX,1,100,24
1867171.750,37547,4,MX,1,100,24
1867211.500,37547,4,MX,1,100,24
1867251.250,37547,4,MX,1,100,25
1867291.000,37547,4,MX,1,100,24
1867331.000,37565,2,MX,1,100,25
1867371.000,37565,2,MX,1,100,25
1867411.000,37581,3,MX,1,100,25
1867451.000,37581,3,MX,1,100,24
1867491.000,37581,3,MX,1,100,23
1867531.000,37598,2,MX,1,100,24
1867571.000,37598,2,MX,1,100,24
1867611.000,37614,3,MX,1,100,24
1867651.000,37614,3,MX,1,100,24
1867691.000,37614,3,MX,1,100,24
1867731.000,37630,2,MX,1,100,24
1867771.000,37630,2,MX,1,100,25
1867811.333,37646,3,MX,1,100,24
1867851.667,37646,3,MX,1,100,25
1867892.000,37646,3,MX,1,100,25
1867931.500,37664,2,MX,1,100,24
1867971.000,37664,2,MX,1,100,24
1868011.333,37679,3,MX,1,100,25
1868051.667,37679,3,MX,1,100,25
1868092.000,37679,3,MX,1,100,24
1868131.500,37695,2,MX,1,100,24
1868171.000,37695,2,MX,1,100,24
1868211.000,37712,3,MX,1,100,25
1868251.000,37712,3,MX,1,100,25
1868291.000,37712,3,MX,1,100,24
1868331.500,37729,2,MX,1,100,24
1868372.000,37729,2,MX,1,100,24
1868411.667,37745,3,MX,1,100,25
1868451.333,37745,3,MX,1,100,25
1868491.000,37745,3,MX,1,100,24
1868531.000,37763,3,MX,1,100,24
1868571.000,37763,3,MX,1,100,24
1868611.000,37763,3,MX,1,100,24
1868651.000,37777,3,MX,1,100,25
1868691.000,37777,3,MX,1,100,24
1868731.000,37777,3,MX,1,100,24
1868771.000,37794,2,MX,1,100,24
1868811.000,37794,2,MX,1,100,24
1868851.000,37810,3,MX,1,100,24
1868891.000,37810,3,MX,1,100,24
1868931.000,37810,3,MX,1,100,24
1868971.000,37828,2,MX,1,100,24
1869011.000,37828,2,MX,1,100,23
1869051.000,37842,3,MX,1,100,24
1869091.000,37842,3,MX,1,100,25
1869131.000,37842,3,MX,1,100,24
1869171.000,37859,3,MX,1,100,24
1869211.000,37859,3,MX,1,100,24
1869251.000,37859,3,MX,1,100,25
1869291.000,37876,2,MX,1,100,24
1869331.000,37876,2,MX,1,100,25
1869371.333,37893,3,MX,1,100,23
1869411.667,37893,3,MX,1,100,24
1869452.000,37893,3,MX,1,100,25
1869491.500,37907,2,MX,1,100,25
1869531.000,37907,2,MX,1,100,24
1869571.000,37925,3,MX,1,100,24
1869611.000,37925,3,MX,1,100,24
1869651.000,37925,3,MX,1,100,24
1869691.000,37941,2,MX,1,100,24
1869731.000,37941,2,MX,1,100,24
1869771.000,37958,3,MX,1,100,24
1869811.000,37958,3,MX,1,100,24
1869851.000,37958,3,MX,1,100,24
1869891.000,37972,2,MX,1,100,25
1869931.000,37972,2,MX,1,100,25
1869971.000,37990,3,MX,1,100,25
1870011.000,37990,3,MX,1,100,24
1870051.000,37990,3,MX,1,100,24
1870091.000,38006,2,MX,1,100,24
1870131.000,38006,2,MX,1,100,24
1870171.000,38023,3,MX,1,100,24
1870211.000,38023,3,MX,1,100,24
1870251.000,38023,3,MX,1,100,24
1870291.000,38039,2,MX,1,100,24
1870331.000,38039,2,MX,1,100,24
1870371.000,38055,3,MX,1,100,24
1870411.000,38055,3,MX,1,100,24
1870451.000,38055,3,MX,1,100,24
1870491.000,38071,2,MX,1,100,23
1870531.000,38071,2,MX,1,100,24
1870571.000,38089,3,MX,1,100,23
1870611.000,38089,3,MX,1,100,24
1870651.000,38089,3,MX,1,100,25
1870691.000,38105,3,MX,1,100,24
1870731.000,38105,3,MX,1,100,24
1870771.000,38105,3,MX,1,100,24
1870811.000,38120,3,MX,1,100,24
1870851.000,38120,3,MX,1,100,24
1870891.000,38120,3,MX,1,100,25
1870931.000,38137,2,MX,1,100,24
1870971.000,38137,2,MX,1,100,24
1871011.000,38154,3,MX,1,100,24
1871051.000,38154,3,MX,1,100,24
1871091.000,38154,3,MX,1,100,24
1871131.000,38170,2,MX,1,100,24
1871171.000,38170,2,MX,1,100,25
1871211.000,38186,3,MX,1,100,24
1871251.000,38186,3,MX,1,100,24
1871291.000,38186,3,MX,1,100,24
1871331.000,38204,2,MX,1,100,24
1871371.000,38204,2,MX,1,100,24
1871411.000,38221,3,MX,1,100,24
1871451.000,38221,3,MX,1,100,24
1871491.000,38221,3,MX,1,100,24
1871531.000,38237,2,MX,1,100,25
1871571.000,38237,2,MX,1,100,24
1871611.000,38255,3,MX,1,100,25
1871651.000,38255,3,MX,1,100,24
1871691.000,38255,3,MX,1,100,24
1871731.000,38269,2,MX,1,100,24
1871771.000,38269,2,MX,1,100,25
1871811.000,38286,3,MX,1,100,24
1871851.000,38286,3,MX,1,100,25
1871891.000,38286,3,MX,1,100,24
1871931.000,38303,2,MX,1,100,24
1871971.000,38303,2,MX,1,100,24
1872011.000,38320,3,MX,1,100,25
1872051.000,38320,3,MX,1,100,25
1872091.000,38320,3,MX,1,100,24
1872131.000,38334,3,MX,1,100,25
1872171.000,38334,3,MX,1,100,24
1872211.000,38334,3,MX,1,100,23
1872251.000,38357,4,MX,1,100,24
1872291.000,38357,4,MX,1,100,24
1872331.000,38357,4,MX,1,100,25
1872371.000,38357,4,MX,1,100,24
1872411.000,38373,3,MX,1,100,25
1872451.000,38373,3,MX,1,100,23
1872491.000,38373,3,MX,1,100,24
1872531.000,38388,2,MX,1,100,24
1872571.000,38388,2,MX,1,100,25
1872611.000,38406,3,MX,1,100,24
1872651.000,38406,3,MX,1,100,24
1872691.000,38406,3,MX,1,100,24
1872731.000,38422,2,MX,1,100,24
1872771.000,38422,2,MX,1,100,24
1872811.000,38439,3,MX,1,100,25
1872851.000,38439,3,MX,1,100,24
1872891.000,38439,3,MX,1,100,24
1872931.000,38456,3,MX,1,100,24
1872971.000,38456,3,MX,1,100,24
1873011.000,38456,3,MX,1,100,23
1873051.000,38471,3,MX,1,100,23
1873091.000,38471,3,MX,1,100,25
1873131.000,38471,3,MX,1,100,24
1873171.000,38487,2,MX,1,100,25
1873211.000,38487,2,MX,1,100,24
1873251.000,38505,3,MX,1,100,24
1873291.000,38505,3,MX,1,100,25
1873331.000,38505,3,MX,1,100,25
1873371.000,38521,2,MX,1,100,24
1873411.000,38521,2,MX,1,100,24
1873451.000,38536,3,MX,1,100,24
1873491.000,38536,3,MX,1,100,24
1873531.000,38536,3,MX,1,100,25
1873571.000,38553,2,MX,1,100,24
1873611.000,38553,2,MX,1,100,25
1873651.000,38570,3,MX,1,100,25
1873691.000,38570,3,MX,1,100,24
1873731.000,38570,3,MX,1,100,24
1873771.000,38586,2,MX,1,100,24
1873811.000,38586,2,MX,1,100,24
1873851.000,38601,3,MX,1,100,24
1873891.000,38601,3,MX,1,100,24
1873931.000,38601,3,MX,1,100,24
1873971.000,38618,3,MX,1,100,24
1874011.000,38618,3,MX,1,100,24
1874051.000,38618,3,MX,1,100,24
1874091.000,38635,2,MX,1,100,24
1874131.000,38635,2,MX,1,100,24
1874171.000,38651,3,MX,1,100,24
1874211.000,38651,3,MX,1,100,24
1874251.000,38651,3,MX,1,100,24
1874291.000,38667,2,MX,1,100,24
1874331.000,38667,2,MX,1,100,25
1874371.000,38683,3,MX,1,100,24
1874411.000,38683,3,MX,1,100,24
1874451.000,38683,3,MX,1,100,24
1874491.000,38700,2,MX,1,100,24
1874531.000,38700,2,MX,1,100,23
1874571.000,38717,3,MX,1,100,25
1874611.000,38717,3,MX,1,100,24
1874651.000,38717,3,MX,1,100,25
1874691.000,38732,2,MX,1,100,24
1874731.000,38732,2,MX,1,100,24
1874771.000,38748,3,MX,1,100,24
1874811.000,38748,3,MX,1,100,24
1874851.000,38748,3,MX,1,100,24
1874891.000,38765,2,MX,1,100,24
1874931.000,38765,2,MX,1,100,24
1874971.000,38782,3,MX,1,100,24
1875011.000,38782,3,MX,1,100,24
1875051.000,38782,3,MX,1,100,24
1875091.000,38798,2,MX,1,100,24
1875131.000,38798,2,MX,1,100,24
1875171.000,38813,3,MX,1,100,24
1875211.000,38813,3,MX,1,100,24
1875251.000,38813,3,MX,1,100,24
1875291.000,38831,3,MX,1,100,24
1875331.000,38831,3,MX,1,100,24
1875371.000,38831,3,MX,1,100,23
1875411.000,38847,3,MX,1,100,25
1875451.000,38847,3,MX,1,100,24
1875491.000,38847,3,MX,1,100,25
1875531.000,38864,2,MX,1,100,24
1875571.000,38864,2,MX,1,100,24
1875611.000,38880,3,MX,1,100,24
1875651.000,38880,3,MX,1,100,24
1875691.000,38880,3,MX,1,100,24
1875731.000,38896,2,MX,1,100,24
1875771.000,38896,2,MX,1,100,24
1875811.000,38912,3,MX,1,100,25
1875851.000,38912,3,MX,1,100,25
1875891.000,38912,3,MX,1,100,24
1875931.000,38930,2,MX,1,100,24
1875971.000,38930,2,MX,1,100,23
1876011.000,38946,3,MX,1,100,24
1876051.000,38946,3,MX,1,100,24
1876091.000,38946,3,MX,1,100,24
1876131.000,38961,2,MX,1,100,24
1876171.000,38961,2,MX,1,100,24
1876211.000,38978,3,MX,1,100,24
1876251.000,38978,3,MX,1,100,24
1876291.000,38978,3,MX,1,100,24
1876331.000,38997,2,MX,1,100,24
1876371.000,38997,2,MX,1,100,25
1876411.000,39013,3,MX,1,100,24
1876451.000,39013,3,MX,1,100,24
1876491.000,39013,3,MX,1,100,23
1876531.000,39028,3,MX,1,100,24
1876571.000,39028,3,MX,1,100,24
1876611.000,39028,3,MX,1,100,25
1876651.000,39045,2,MX,1,100,23
1876691.000,39045,2,MX,1,100,24
1876731.000,39062,3,MX,1,100,25
1876771.000,39062,3,MX,1,100,25
1876811.000,39062,3,MX,1,100,24
1876851.000,39078,2,MX,1,100,24
1876891.000,39078,2,MX,1,100,25
1876931.000,39094,3,MX,1,100,24
1876971.000,39094,3,MX,1,100,24
1877011.000,39094,3,MX,1,100,24
1877051.000,39110,2,MX,1,100,24
1877091.000,39110,2,MX,1,100,24
1877131.000,39127,3,MX,1,100,24
1877171.000,39127,3,MX,1,100,24
1877211.000,39127,3,MX,1,100,24
1877250.667,39144,3,MX,1,100,24
1877290.333,39144,3,MX,1,100,24
1877330.000,39144,3,MX,1,100,24
1877370.000,39166,4,MX,1,100,25
1877410.000,39166,4,MX,1,100,24
1877450.000,39166,4,MX,1,100,24
1877490.000,39166,4,MX,1,100,24
1877530.000,39182,3,MX,1,100,23
1877570.000,39182,3,MX,1,100,24
1877610.000,39182,3,MX,1,100,24
1877650.000,39200,3,MX,1,100,24
1877690.000,39200,3,MX,1,100,24
1877730.000,39200,3,MX,1,100,23
1877770.500,39216,2,MX,1,100,25
1877811.000,39216,2,MX,1,100,24
1877851.000,39231,3,MX,1,100,23
1877891.000,39231,3,MX,1,100,24
1877931.000,39231,3,MX,1,100,24
1877971.000,39248,2,MX,1,100,24
1878011.000,39248,2,MX,1,100,24
1878051.000,39265,3,MX,1,100,24
1878091.000,39265,3,MX,1,100,24
1878131.000,39265,3,MX,1,100,25
1878170.500,39281,2,MX,1,100,25
1878210.000,39281,2,MX,1,100,25
1878250.000,39297,3,MX,1,100,24
1878290.000,39297,3,MX,1,100,25
1878330.000,39297,3,MX,1,100,25
1878370.000,39313,3,MX,1,100,24
1878410.000,39313,3,MX,1,100,25
1878450.000,39313,3,MX,1,100,23
1878490.000,39330,2,MX,1,100,24
1878530.000,39330,2,MX,1,100,24
1878570.000,39347,3,MX,1,100,24
1878610.000,39347,3,MX,1,100,25
1878650.000,39347,3,MX,1,100,24
1878690.000,39362,2,MX,1,100,24
1878730.000,39362,2,MX,1,100,24
1878770.000,39378,3,MX,1,100,25
1878810.000,39378,3,MX,1,100,23
1878850.000,39378,3,MX,1,100,24
1878890.000,39395,2,MX,1,100,25
1878930.000,39395,2,MX,1,100,24
1878970.000,39412,3,MX,1,100,24
1879010.000,39412,3,MX,1,100,24
1879050.000,39412,3,MX,1,100,24
1879090.000,39427,2,MX,1,100,24
1879130.000,39427,2,MX,1,100,24
1879170.000,39443,3,MX,1,100,24
1879210.000,39443,3,MX,1,100,25
1879250.000,39443,3,MX,1,100,24
1879290.000,39461,2,MX,1,100,24
1879330.000,39461,2,MX,1,100,24
1879370.000,39477,3,MX,1,100,24
1879410.000,39477,3,MX,1,100,24
1879450.000,39477,3,MX,1,100,24
1879490.000,39493,2,MX,1,100,25
1879530.000,39493,2,MX,1,100,25
1879570.000,39509,3,MX,1,100,25
1879610.000,39509,3,MX,1,100,24
1879650.000,39509,3,MX,1,100,24
1879690.000,39526,2,MX,1,100,24
1879730.000,39526,2,MX,1,100,24
1879770.000,39542,3,MX,1,100,24
1879810.000,39542,3,MX,1,100,24
1879850.000,39542,3,MX,1,100,24
1879890.000,39560,3,MX,1,100,24
1879930.000,39560,3,MX,1,100,24
1879970.000,39560,3,MX,1,100,24
1880010.000,39574,2,MX,1,100,25
1880050.000,39574,2,MX,1,100,24
1880090.000,39591,3,MX,1,100,25
1880130.000,39591,3,MX,1,100,23
1880170.000,39591,3,MX,1,100,25
1880210.000,39607,3,MX,1,100,24
1880250.000,39607,3,MX,1,100,24
1880290.000,39607,3,MX,1,100,24
1880330.000,39625,2,MX,1,100,23
1880370.000,39625,2,MX,1,100,24
1880410.000,39639,3,MX,1,100,23
1880450.000,39639,3,MX,1,100,24
1880490.000,39639,3,MX,1,100,24
1880530.000,39656,2,MX,1,100,24
1880570.000,39656,2,MX,1,100,24
1880610.000,39673,3,MX,1,100,24
1880650.000,39673,3,MX,1,100,24
1880690.000,39673,3,MX,1,100,25
1880730.000,39690,2,MX,1,100,24
1880770.000,39690,2,MX,1,100,25
1880810.000,39705,3,MX,1,100,24
1880850.000,39705,3,MX,1,100,24
1880890.000,39705,3,MX,1,100,25
1880930.000,39722,2,MX,1,100,24
1880970.000,39722,2,MX,1,100,24
1881010.000,39738,3,MX,1,100,24
1881050.000,39738,3,MX,1,100,25
1881090.000,39738,3,MX,1,100,24
1881130.000,39755,2,MX,1,100,24
1881170.000,39755,2,MX,1,100,24
1881210.000,39772,3,MX,1,100,24
1881250.000,39772,3,MX,1,100,24
1881290.000,39772,3,MX,1,100,24
1881330.500,39789,2,MX,1,100,24
1881371.000,39789,2,MX,1,100,24
1881410.667,39805,3,MX,1,100,25
1881450.333,39805,3,MX,1,100,24
1881490.000,39805,3,MX,1,100,24
1881530.333,39822,3,MX,1,100,24
1881570.667,39822,3,MX,1,100,24
1881611.000,39822,3,MX,1,100,24
1881651.000,39839,2,MX,1,100,24
1881691.000,39839,2,MX,1,100,24
1881731.000,39854,3,MX,1,100,25
1881771.000,39854,3,MX,1,100,24
1881811.000,39854,3,MX,1,100,24
1881851.000,39870,2,MX,1,100,25
1881891.000,39870,2,MX,1,100,24
1881931.000,39888,5,MX,1,100,24
1881971.000,39888,5,MX,1,100,24
1882011.000,39888,5,MX,1,100,23
1882051.000,39888,5,MX,1,100,23
1882091.000,39888,5,MX,1,100,23
1882131.000,39904,4,MX,1,100,24
1882171.000,39904,4,MX,1,100,24
1882211.000,39904,4,MX,1,100,23
1882251.000,39904,4,MX,1,100,24
1882291.000,39922,5,MX,1,100,24
1882331.000,39922,5,MX,1,100,23
1882371.000,39922,5,MX,1,100,23
1882411.000,39922,5,MX,1,100,23
1882451.000,39922,5,MX,1,100,24
1882491.000,39945,6,MX,1,100,24
1882531.000,39945,6,MX,1,100,24
1882571.000,39945,6,MX,1,100,23
1882611.000,39945,6,MX,1,100,23
1882651.000,39945,6,MX,1,100,23
1882691.000,39945,6,MX,1,100,24
1882731.000,39961,3,MX,1,100,24
1882771.000,39961,3,MX,1,100,23
1882811.000,39961,3,MX,1,100,25
1882851.000,39978,2,MX,1,100,24
1882891.000,39978,2,MX,1,100,24
1882931.000,39993,3,MX,1,100,23
1882971.000,39993,3,MX,1,100,25
1883011.000,39993,3,MX,1,100,24
1883051.000,40010,2,MX,1,100,24
1883091.000,40010,2,MX,1,100,24
1883131.000,40026,3,MX,1,100,24
1883171.000,40026,3,MX,1,100,24
1883211.000,40026,3,MX,1,100,24
1883251.000,40044,2,MX,1,100,24
1883291.000,40044,2,MX,1,100,24
1883331.000,40059,3,MX,1,100,25
1883371.000,40059,3,MX,1,100,24
1883411.000,40059,3,MX,1,100,24
1883451.000,40075,3,MX,1,100,25
1883491.000,40075,3,MX,1,100,24
1883531.000,40075,3,MX,1,100,24
1883571.000,40091,2,MX,1,100,25
1883611.000,40091,2,MX,1,100,24
1883651.000,40109,3,MX,1,100,24
1883691.000,40109,3,MX,1,100,24
1883731.000,40109,3,MX,1,100,25
1883771.000,40125,2,MX,1,100,23
1883811.000,40125,2,MX,1,100,24
1883851.000,40140,3,MX,1,100,25
1883891.000,40140,3,MX,1,100,24
1883931.000,40140,3,MX,1,100,24
1883971.000,40157,2,MX,1,100,24
1884011.000,40157,2,MX,1,100,24
1884051.000,40174,3,MX,1,100,24
1884091.000,40174,3,MX,1,100,25
1884131.000,40174,3,MX,1,100,25
1884171.000,40190,2,MX,1,100,24
1884211.000,40190,2,MX,1,100,24
1884251.000,40206,3,MX,1,100,25
1884291.000,40206,3,MX,1,100,24
1884331.000,40206,3,MX,1,100,24
1884371.000,40222,2,MX,1,100,25
1884411.000,40222,2,MX,1,100,25
1884450.667,40239,3,MX,1,100,24
1884490.333,40239,3,MX,1,100,24
1884530.000,40239,3,MX,1,100,24
1884570.500,40256,2,MX,1,100,25
1884611.000,40256,2,MX,1,100,24
1884650.667,40271,3,MX,1,100,24
1884690.333,40271,3,MX,1,100,23
1884730.000,40271,3,MX,1,100,24
1884770.000,40287,3,MX,1,100,24
1884810.000,40287,3,MX,1,100,24
1884850.000,40287,3,MX,1,100,25
1884890.000,40304,2,MX,1,100,24
1884930.000,40304,2,MX,1,100,24
1884970.000,40321,3,MX,1,100,24
1885010.000,40321,3,MX,1,100,24
1885050.000,40321,3,MX,1,100,24
1885090.000,40336,2,MX,1,100,24
1885130.000,40336,2,MX,1,100,24
1885170.000,40352,3,MX,1,100,25
1885210.000,40352,3,MX,1,100,24
1885250.000,40352,3,MX,1,100,24
1885290.000,40370,2,MX,1,100,24
1885330.000,40370,2,MX,1,100,24
1885370.000,40386,3,MX,1,100,24
1885410.000,40386,3,MX,1,100,24
1885450.000,40386,3,MX,1,100,24
1885490.000,40402,2,MX,1,100,25
1885530.000,40402,2,MX,1,100,24
1885570.000,40418,3,MX,1,100,24
1885610.000,40418,3,MX,1,100,24
1885650.000,40418,3,MX,1,100,25
1885690.000,40435,2,MX,1,100,24
1885730.000,40435,2,MX,1,100,24
1885770.000,40451,3,MX,1,100,24
1885810.000,40451,3,MX,1,100,25
1885850.000,40451,3,MX,1,100,24
1885890.000,40467,2,MX,1,100,25
1885930.000,40467,2,MX,1,100,24
1885970.000,40483,3,MX,1,100,24
1886010.000,40483,3,MX,1,100,23
1886050.000,40483,3,MX,1,100,24
1886090.000,40500,3,MX,1,100,24
1886130.000,40500,3,MX,1,100,24
1886170.000,40500,3,MX,1,100,24
1886210.000,40516,2,MX,1,100,24
1886250.000,40516,2,MX,1,100,24
1886290.000,40536,3,MX,1,100,23
1886330.000,40536,3,MX,1,100,24
1886370.000,40536,3,MX,1,100,24
1886410.000,40550,2,MX,1,100,24
1886450.000,40550,2,MX,1,100,25
1886490.000,40567,3,MX,1,100,24
1886530.000,40567,3,MX,1,100,25
1886570.000,40567,3,MX,1,100,24
1886610.000,40584,2,MX,1,100,24
1886650.000,40584,2,MX,1,100,24
1886690.000,40601,3,MX,1,100,24
1886730.000,40601,3,MX,1,100,25
1886770.000,40601,3,MX,1,100,24
1886810.000,40615,2,MX,1,100,24
1886850.000,40615,2,MX,1,100,24
1886890.000,40633,3,MX,1,100,24
1886930.000,40633,3,MX,1,100,23
1886970.000,40633,3,MX,1,100,24
1887010.000,40649,2,MX,1,100,24
1887050.000,40649,2,MX,1,100,24
1887090.000,40666,3,MX,1,100,24
1887130.000,40666,3,MX,1,100,24
1887170.000,40666,3,MX,1,100,24
1887210.000,40680,2,MX,1,100,24
1887250.000,40680,2,MX,1,100,24
1887290.000,40698,3,MX,1,100,24
1887330.000,40698,3,MX,1,100,24
1887370.000,40698,3,MX,1,100,24
1887410.000,40714,3,MX,1,100,24
1887450.000,40714,3,MX,1,100,24
1887490.000,40714,3,MX,1,100,23
1887530.000,40731,2,MX,1,100,23
1887570.000,40731,2,MX,1,100,24
1887610.000,40746,3,MX,1,100,23
1887650.000,40746,3,MX,1,100,23
1887690.000,40746,3,MX,1,100,24
1887730.000,40767,3,MX,1,100,23
1887770.000,40767,3,MX,1,100,24
1887810.000,40767,3,MX,1,100,24
1887850.000,40781,3,MX,1,100,25
1887890.000,40781,3,MX,1,100,24
1887930.000,40781,3,MX,1,100,24
1887970.000,40799,2,MX,1,100,23
1888010.000,40799,2,MX,1,100,23
1888050.000,40815,3,MX,1,100,23
1888090.000,40815,3,MX,1,100,24
1888130.000,40815,3,MX,1,100,24
1888170.000,40832,3,MX,1,100,24
1888210.000,40832,3,MX,1,100,24
1888250.000,40832,3,MX,1,100,23
1888290.000,40847,2,MX,1,100,23
1888330.000,40847,2,MX,1,100,23
1888370.000,40864,3,MX,1,100,24
1888410.000,40864,3,MX,1,100,24
1888450.000,40864,3,MX,1,100,24
1888490.000,40880,2,MX,1,100,24
1888530.000,40880,2,MX,1,100,24
1888570.000,40898,3,MX,1,100,24
1888610.000,40898,3,MX,1,100,23
1888650.000,40898,3,MX,1,100,24
1888696.500,40912,2,MX,1,100,23
1888743.000,40912,2,MX,1,100,24
1888778.667,40929,3,MX,1,100,24
1888814.333,40929,3,MX,1,100,24
1888850.000,40929,3,MX,1,100,24
1888896.500,40945,2,MX,1,100,23
1888943.000,40945,2,MX,1,100,23
1888983.000,40963,3,MX,1,100,23
1889023.000,40963,3,MX,1,100,23
1889063.000,40963,3,MX,1,100,24
1889103.000,40978,2,MX,1,100,24
1889143.000,40978,2,MX,1,100,23
1889183.000,40994,3,MX,1,100,23
1889223.000,40994,3,MX,1,100,24
1889263.000,40994,3,MX,1,100,23
1889303.000,41011,2,MX,1,100,24
1889343.000,41011,2,MX,1,100,23
1889383.000,41028,3,MX,1,100,24
1889423.000,41028,3,MX,1,100,25
1889463.000,41028,3,MX,1,100,23
1889503.000,41043,2,MX,1,100,23
1889543.000,41043,2,MX,1,100,24
1889583.000,41060,3,MX,1,100,24
1889623.000,41060,3,MX,1,100,24
1889663.000,41060,3,MX,1,100,24
1889703.000,41076,2,MX,1,100,24
1889743.000,41076,2,MX,1,100,24
1889783.000,41093,3,MX,1,100,24
1889823.000,41093,3,MX,1,100,24
1889863.000,41093,3,MX,1,100,24
1889903.000,41110,2,MX,1,100,23
1889943.000,41110,2,MX,1,100,24
1889983.000,41125,3,MX,1,100,24
1890023.000,41125,3,MX,1,100,24
1890063.000,41125,3,MX,1,100,24
1890103.000,41141,2,MX,1,100,23
1890143.000,41141,2,MX,1,100,23
1890183.000,41158,3,MX,1,100,24
1890223.000,41158,3,MX,1,100,24
1890263.000,41158,3,MX,1,100,24
1890302.500,41175,2,MX,1,100,24
1890342.000,41175,2,MX,1,100,24
1890382.333,41190,3,MX,1,100,24
1890422.667,41190,3,MX,1,100,24
1890463.000,41190,3,MX,1,100,24
1890503.000,41206,3,MX,1,100,24
1890543.000,41206,3,MX,1,100,24
1890583.000,41206,3,MX,1,100,24
1890623.000,41224,2,MX,1,100,24
1890663.000,41224,2,MX,1,100,24
1890703.000,41240,3,MX,1,100,24
1890743.000,41240,3,MX,1,100,24
1890783.000,41240,3,MX,1,100,24
1890823.000,41255,2,MX,1,100,23
1890863.000,41255,2,MX,1,100,25
1890902.667,41272,3,MX,1,100,24
1890942.333,41272,3,MX,1,100,24
1890982.000,41272,3,MX,1,100,24
1891022.000,41289,2,MX,1,100,25
1891062.000,41289,2,MX,1,100,24
1891102.000,41305,3,MX,1,100,24
1891142.000,41305,3,MX,1,100,24
1891182.000,41305,3,MX,1,100,24
1891222.500,41320,2,MX,1,100,24
1891263.000,41320,2,MX,1,100,24
1891303.000,41339,3,MX,1,100,23
1891343.000,41339,3,MX,1,100,23
1891383.000,41339,3,MX,1,100,24
1891423.000,41356,2,MX,1,100,24
1891463.000,41356,2,MX,1,100,23
1891502.667,41372,3,MX,1,100,24
1891542.333,41372,3,MX,1,100,25
1891582.000,41372,3,MX,1,100,24
1891622.000,41389,2,MX,1,100,24
1891662.000,41389,2,MX,1,100,24
1891702.000,41404,3,MX,1,100,24
1891742.000,41404,3,MX,1,100,23
1891782.000,41404,3,MX,1,100,24
1891822.000,41421,3,MX,1,100,23
1891862.000,41421,3,MX,1,100,24
1891902.000,41421,3,MX,1,100,24
1891942.500,41438,2,MX,1,100,24
1891983.000,41438,2,MX,1,100,24
1892022.667,41455,3,MX,1,100,24
1892062.333,41455,3,MX,1,100,23
1892102.000,41455,3,MX,1,100,24
1892142.000,41469,2,MX,1,100,25
1892182.000,41469,2,MX,1,100,24
1892222.000,41487,3,MX,1,100,24
1892262.000,41487,3,MX,1,100,24
1892302.000,41487,3,MX,1,100,23
1892342.000,41503,2,MX,1,100,25
1892382.000,41503,2,MX,1,100,24
1892422.000,41520,3,MX,1,100,24
1892462.000,41520,3,MX,1,100,24
1892502.000,41520,3,MX,1,100,24
1892542.000,41534,2,MX,1,100,24
1892582.000,41534,2,MX,1,100,24
1892622.000,41552,3,MX,1,100,23
1892662.000,41552,3,MX,1,100,24
1892702.000,41552,3,MX,1,100,24
1892742.000,41568,2,MX,1,100,24
1892782.000,41568,2,MX,1,100,24
1892822.000,41591,4,MX,1,100,24
1892862.000,41591,4,MX,1,100,24
1892902.000,41591,4,MX,1,100,23
1892942.000,41591,4,MX,1,100,24
1892982.000,41608,3,MX,1,100,23
1893022.000,41608,3,MX,1,100,24
1893062.000,41608,3,MX,1,100,24
1893102.000,41624,2,MX,1,100,23
1893142.000,41624,2,MX,1,100,24
1893182.000,41639,3,MX,1,100,24
1893222.000,41639,3,MX,1,100,25
1893262.000,41639,3,MX,1,100,24
1893302.000,41657,2,MX,1,100,24
1893342.000,41657,2,MX,1,100,23
1893382.000,41673,3,MX,1,100,24
1893422.000,41673,3,MX,1,100,24
1893462.000,41673,3,MX,1,100,23
1893502.000,41689,2,MX,1,100,24
1893542.000,41689,2,MX,1,100,23
1893582.000,41705,3,MX,1,100,24
1893622.000,41705,3,MX,1,100,24
1893662.000,41705,3,MX,1,100,24
1893702.000,41722,2,MX,1,100,24
1893742.000,41722,2,MX,1,100,24
1893782.000,41738,3,MX,1,100,25
1893822.000,41738,3,MX,1,100,24
1893862.000,41738,3,MX,1,100,25
1893902.000,41756,2,MX,1,100,23
1893942.000,41756,2,MX,1,100,24
1893982.000,41770,3,MX,1,100,24
1894022.000,41770,3,MX,1,100,24
1894062.000,41770,3,MX,1,100,23
1894102.000,41787,2,MX,1,100,24
1894142.000,41787,2,MX,1,100,24
1894182.000,41803,3,MX,1,100,23
1894222.000,41803,3,MX,1,100,24
1894262.000,41803,3,MX,1,100,24
1894302.000,41821,2,MX,1,100,23
1894342.000,41821,2,MX,1,100,24
1894382.000,41835,3,MX,1,100,24
1894422.000,41835,3,MX,1,100,23
1894462.000,41835,3,MX,1,100,24
1894502.000,41852,3,MX,1,100,24
1894542.000,41852,3,MX,1,100,24
1894582.000,41852,3,MX,1,100,24
1894622.000,41869,2,MX,1,100,24
1894662.000,41869,2,MX,1,100,24
1894702.000,41886,3,MX,1,100,24
1894742.000,41886,3,MX,1,100,24
1894782.000,41886,3,MX,1,100,25
1894822.000,41900,2,MX,1,100,24
1894862.000,41900,2,MX,1,100,25
1894902.000,41918,3,MX,1,100,24
1894942.000,41918,3,MX,1,100,24
1894982.000,41918,3,MX,1,100,23
1895022.000,41934,2,MX,1,100,24
1895062.000,41934,2,MX,1,100,24
1895102.000,41951,3,MX,1,100,24
1895142.000,41951,3,MX,1,100,24
1895182.000,41951,3,MX,1,100,24
1895222.000,41965,2,MX,1,100,24
1895262.000,41965,2,MX,1,100,24
1895302.000,41983,3,MX,1,100,24
1895342.000,41983,3,MX,1,100,24
1895382.000,41983,3,MX,1,100,24
1895422.000,41999,2,MX,1,100,24
1895462.000,41999,2,MX,1,100,24
1895502.000,42016,3,MX,1,100,23
1895542.000,42016,3,MX,1,100,24
1895582.000,42016,3,MX,1,100,23
1895622.000,42032,2,MX,1,100,24
1895662.000,42032,2,MX,1,100,24
1895702.000,42048,3,MX,1,100,24
1895742.000,42048,3,MX,1,100,23
1895782.000,42048,3,MX,1,100,24
1895822.000,42064,2,MX,1,100,24
1895862.000,42064,2,MX,1,100,24
1895902.000,42082,3,MX,1,100,24
1895942.000,42082,3,MX,1,100,24
1895982.000,42082,3,MX,1,100,24
1896022.000,42098,3,MX,1,100,24
1896062.000,42098,3,MX,1,100,23
1896102.000,42098,3,MX,1,100,23
1896142.000,42113,2,MX,1,100,24
1896182.000,42113,2,MX,1,100,23
1896222.000,42130,3,MX,1,100,24
1896262.000,42130,3,MX,1,100,24
1896302.000,42130,3,MX,1,100,24
1896342.000,42149,2,MX,1,100,24
1896382.000,42149,2,MX,1,100,24
1896422.000,42165,3,MX,1,100,24
1896462.000,42165,3,MX,1,100,24
1896502.000,42165,3,MX,1,100,24
1896542.000,42180,2,MX,1,100,25
1896582.000,42180,2,MX,1,100,23
1896622.000,42197,3,MX,1,100,25
1896662.000,42197,3,MX,1,100,24
1896702.000,42197,3,MX,1,100,24
1896742.000,42214,2,MX,1,100,24
1896782.000,42214,2,MX,1,100,24
1896822.000,42230,3,MX,1,100,23
1896862.000,42230,3,MX,1,100,24
1896902.000,42230,3,MX,1,100,24
1896942.000,42246,2,MX,1,100,23
1896982.000,42246,2,MX,1,100,24
1897022.000,42262,3,MX,1,100,24
1897062.000,42262,3,MX,1,100,23
1897102.000,42262,3,MX,1,100,23
1897142.000,42279,2,MX,1,100,24
1897182.000,42279,2,MX,1,100,23
1897222.000,42296,3,MX,1,100,23
1897262.000,42296,3,MX,1,100,24
1897302.000,42296,3,MX,1,100,24
1897342.000,42311,2,MX,1,100,24
1897382.000,42311,2,MX,1,100,24
1897422.000,42327,3,MX,1,100,24
1897462.000,42327,3,MX,1,100,24
1897502.000,42327,3,MX,1,100,25
1897542.000,42344,3,MX,1,100,23
1897582.000,42344,3,MX,1,100,23
1897622.000,42344,3,MX,1,100,24
1897662.000,42361,2,MX,1,100,24
1897702.000,42361,2,MX,1,100,23
1897742.000,42377,3,MX,1,100,24
1897782.000,42377,3,MX,1,100,24
1897822.000,42377,3,MX,1,100,24
1897862.000,42392,2,MX,1,100,23
1897902.000,42392,2,MX,1,100,24
1897942.000,42415,4,MX,1,100,24
1897982.000,42415,4,MX,1,100,24
1898022.000,42415,4,MX,1,100,24
1898062.000,42415,4,MX,1,100,24
1898102.000,42431,2,MX,1,100,25
1898142.000,42431,2,MX,1,100,23
1898182.000,42448,3,MX,1,100,24
1898222.000,42448,3,MX,1,100,24
1898262.000,42448,3,MX,1,100,24
1898302.000,42465,2,MX,1,100,24
1898342.000,42465,2,MX,1,100,24
1898382.000,42480,3,MX,1,100,24
1898422.000,42480,3,MX,1,100,23
1898462.000,42480,3,MX,1,100,24
1898502.000,42496,3,MX,1,100,24
1898542.000,42496,3,MX,1,100,24
1898582.000,42496,3,MX,1,100,24
1898622.000,42514,2,MX,1,100,24
1898662.000,42514,2,MX,1,100,24
1898702.000,42530,3,MX,1,100,23
1898742.000,42530,3,MX,1,100,25
1898782.000,42530,3,MX,1,100,23
1898822.000,42545,2,MX,1,100,23
1898862.000,42545,2,MX,1,100,23
1898902.000,42562,3,MX,1,100,24
1898942.000,42562,3,MX,1,100,23
1898982.000,42562,3,MX,1,100,24
1899022.000,42579,2,MX,1,100,24
1899062.000,42579,2,MX,1,100,23
1899102.000,42595,3,MX,1,100,23
1899142.000,42595,3,MX,1,100,24
1899182.000,42595,3,MX,1,100,23
1899222.000,42610,2,MX,1,100,24
1899262.000,42610,2,MX,1,100,23
1899302.000,42627,3,MX,1,100,24
1899342.000,42627,3,MX,1,100,23
1899382.000,42627,3,MX,1,100,24
1899422.000,42644,2,MX,1,100,24
1899462.000,42644,2,MX,1,100,23
1899502.000,42660,3,MX,1,100,24
1899542.000,42660,3,MX,1,100,24
1899582.000,42660,3,MX,1,100,24
1899622.000,42677,2,MX,1,100,24
1899662.000,42677,2,MX,1,100,24
1899702.000,42692,3,MX,1,100,24
1899742.000,42692,3,MX,1,100,24
1899782.000,42692,3,MX,1,100,24
1899822.000,42709,2,MX,1,100,24
1899862.000,42709,2,MX,1,100,24
1899902.000,42726,3,MX,1,100,24
1899942.000,42726,3,MX,1,100,24
1899982.000,42726,3,MX,1,100,24
1900022.000,42742,2,MX,1,100,24
1900062.000,42742,2,MX,1,100,25
1900102.000,42757,3,MX,1,100,23
1900142.000,42757,3,MX,1,100,24
1900182.000,42757,3,MX,1,100,24
1900222.000,42775,3,MX,1,100,24
1900262.000,42775,3,MX,1,100,24
1900302.000,42775,3,MX,1,100,24
1900342.000,42791,2,MX,1,100,23
1900382.000,42791,2,MX,1,100,24
1900422.000,42808,3,MX,1,100,24
1900462.000,42808,3,MX,1,100,24
1900502.000,42808,3,MX,1,100,24
1900542.000,42822,2,MX,1,100,23
1900582.000,42822,2,MX,1,100,24
1900622.000,42840,3,MX,1,100,23
1900662.000,42840,3,MX,1,100,23
1900702.000,42840,3,MX,1,100,24
1900741.500,42856,2,MX,1,100,23
1900781.000,42856,2,MX,1,100,24
1900821.333,42873,3,MX,1,100,24
1900861.667,42873,3,MX,1,100,23
1900902.000,42873,3,MX,1,100,24
1900942.000,42888,2,MX,1,100,24
1900982.000,42888,2,MX,1,100,23
1901022.000,42905,3,MX,1,100,23
1901062.000,42905,3,MX,1,100,24
1901102.000,42905,3,MX,1,100,24
1901141.500,42921,2,MX,1,100,24
1901181.000,42921,2,MX,1,100,23
1901221.333,42939,3,MX,1,100,24
1901261.667,42939,3,MX,1,100,24
1901302.000,42939,3,MX,1,100,24
1901342.000,42955,2,MX,1,100,24
1901382.000,42955,2,MX,1,100,24
1901422.000,42972,3,MX,1,100,24
1901462.000,42972,3,MX,1,100,23
1901502.000,42972,3,MX,1,100,24
1901542.000,42988,3,MX,1,100,24
1901582.000,42988,3,MX,1,100,23
1901622.000,42988,3,MX,1,100,24
1901662.000,43006,2,MX,1,100,24
1901702.000,43006,2,MX,1,100,23
1901741.667,43020,3,MX,1,100,24
1901781.333,43020,3,MX,1,100,24
1901821.000,43020,3,MX,1,100,24
1901861.000,43037,2,MX,1,100,24
1901901.000,43037,2,MX,1,100,23
1901941.000,43054,3,MX,1,100,23
1901981.000,43054,3,MX,1,100,24
1902021.000,43054,3,MX,1,100,24
1902061.500,43071,2,MX,1,100,23
1902102.000,43071,2,MX,1,100,24
1902141.800,43089,5,MX,1,100,24
1902181.600,43089,5,MX,1,100,24
1902221.400,43089,5,MX,1,100,24
1902261.200,43089,5,MX,1,100,24
1902301.000,43089,5,MX,1,100,23
1902341.000,43105,2,MX,1,100,24
1902381.000,43105,2,MX,1,100,24
1902421.000,43122,3,MX,1,100,25
1902461.000,43122,3,MX,1,100,24
1902501.000,43122,3,MX,1,100,24
1902541.000,43136,2,MX,1,100,24
1902581.000,43136,2,MX,1,100,24
1902621.000,43154,3,MX,1,100,24
1902661.000,43154,3,MX,1,100,24
1902701.000,43154,3,MX,1,100,24
1902741.000,43170,3,MX,1,100,24
1902781.000,43170,3,MX,1,100,24
1902821.000,43170,3,MX,1,100,24
1902861.000,43187,2,MX,1,100,23
1902901.000,43187,2,MX,1,100,25
1902941.000,43202,3,MX,1,100,24
1902981.000,43202,3,MX,1,100,23
1903021.000,43202,3,MX,1,100,23
1903061.000,43224,4,MX,1,100,24
1903101.000,43224,4,MX,1,100,23
1903141.000,43224,4,MX,1,100,24
1903181.000,43224,4,MX,1,100,24
1903221.000,43238,2,MX,1,100,24
1903261.000,43238,2,MX,1,100,23
1903301.000,43256,3,MX,1,100,23
1903341.000,43256,3,MX,1,100,24
1903381.000,43256,3,MX,1,100,25
1903421.000,43272,2,MX,1,100,24
1903461.000,43272,2,MX,1,100,23
1903501.000,43289,3,MX,1,100,23
1903541.000,43289,3,MX,1,100,25
1903581.000,43289,3,MX,1,100,24
1903621.000,43304,2,MX,1,100,24
1903661.000,43304,2,MX,1,100,24
1903701.000,43321,3,MX,1,100,24
1903741.000,43321,3,MX,1,100,24
1903781.000,43321,3,MX,1,100,24
1903821.000,43337,2,MX,1,100,23
1903861.000,43337,2,MX,1,100,25
1903901.000,43355,3,MX,1,100,24
1903941.000,43355,3,MX,1,100,24
1903981.000,43355,3,MX,1,100,24
1904021.000,43370,2,MX,1,100,23
1904061.000,43370,2,MX,1,100,24
1904101.000,43386,3,MX,1,100,25
1904141.000,43386,3,MX,1,100,23
1904181.000,43386,3,MX,1,100,24
1904221.000,43402,2,MX,1,100,23
1904261.000,43402,2,MX,1,100,23
1904301.000,43420,3,MX,1,100,24
1904341.000,43420,3,MX,1,100,24
1904381.000,43420,3,MX,1,100,24
1904421.000,43436,3,MX,1,100,24
1904461.000,43436,3,MX,1,100,23
1904501.000,43436,3,MX,1,100,24
1904541.000,43454,3,MX,1,100,24
1904581.000,43454,3,MX,1,100,23
1904621.000,43454,3,MX,1,100,24
1904661.000,43468,2,MX,1,100,24
1904701.000,43468,2,MX,1,100,23
1904741.000,43485,3,MX,1,100,24
1904781.000,43485,3,MX,1,100,24
1904821.000,43485,3,MX,1,100,24
1904861.000,43501,2,MX,1,100,24
1904901.000,43501,2,MX,1,100,24
1904941.000,43519,3,MX,1,100,24
1904981.000,43519,3,MX,1,100,23
1905021.000,43519,3,MX,1,100,24
1905061.000,43533,3,MX,1,100,24
1905101.000,43533,3,MX,1,100,24
1905141.000,43533,3,MX,1,100,23
1905181.000,43550,2,MX,1,100,23
1905221.000,43550,2,MX,1,100,24
1905261.000,43567,3,MX,1,100,24
1905301.000,43567,3,MX,1,100,25
1905341.000,43567,3,MX,1,100,25
1905381.000,43584,2,MX,1,100,24
1905421.000,43584,2,MX,1,100,24
1905461.000,43598,3,MX,1,100,25
1905501.000,43598,3,MX,1,100,24
1905541.000,43598,3,MX,1,100,23
1905581.000,43616,2,MX,1,100,24
1905621.000,43616,2,MX,1,100,24
1905661.000,43632,3,MX,1,100,24
1905701.000,43632,3,MX,1,100,24
1905741.000,43632,3,MX,1,100,23
1905781.000,43649,2,MX,1,100,24
1905821.000,43649,2,MX,1,100,24
1905861.000,43663,3,MX,1,100,24
1905901.000,43663,3,MX,1,100,24
1905941.000,43663,3,MX,1,100,24
1905981.000,43681,2,MX,1,100,24
1906021.000,43681,2,MX,1,100,24
1906061.000,43697,3,MX,1,100,24
1906101.000,43697,3,MX,1,100,23
1906141.000,43697,3,MX,1,100,24
1906181.000,43714,2,MX,1,100,23
1906221.000,43714,2,MX,1,100,24
1906261.000,43729,3,MX,1,100,24
1906301.000,43729,3,MX,1,100,24
1906341.000,43729,3,MX,1,100,24
1906381.000,43748,3,MX,1,100,24
1906421.000,43748,3,MX,1,100,23
1906461.000,43748,3,MX,1,100,24
1906501.000,43764,2,MX,1,100,23
1906541.000,43764,2,MX,1,100,24
1906581.000,43782,3,MX,1,100,24
1906621.000,43782,3,MX,1,100,23
1906661.000,43782,3,MX,1,100,24
1906701.000,43797,2,MX,1,100,24
1906741.000,43797,2,MX,1,100,24
1906781.000,43813,3,MX,1,100,24
1906821.000,43813,3,MX,1,100,23
1906861.000,43813,3,MX,1,100,23
1906901.000,43830,3,MX,1,100,24
1906941.000,43830,3,MX,1,100,24
1906981.000,43830,3,MX,1,100,24
1907021.000,43847,2,MX,1,100,24
1907061.000,43847,2,MX,1,100,24
1907101.000,43863,3,MX,1,100,23
1907141.000,43863,3,MX,1,100,24
1907181.000,43863,3,MX,1,100,24
1907221.000,43879,2,MX,1,100,24
1907261.000,43879,2,MX,1,100,24
1907301.000,43895,3,MX,1,100,24
1907341.000,43895,3,MX,1,100,24
1907381.000,43895,3,MX,1,100,24
1907421.000,43912,2,MX,1,100,25
1907461.000,43912,2,MX,1,100,24
1907501.000,43928,3,MX,1,100,24
1907541.000,43928,3,MX,1,100,24
1907581.000,43928,3,MX,1,100,24
1907621.000,43945,2,MX,1,100,25
1907661.000,43945,2,MX,1,100,23
1907701.000,43960,3,MX,1,100,24
1907741.000,43960,3,MX,1,100,23
1907781.000,43960,3,MX,1,100,23
1907821.000,43977,3,MX,1,100,24
1907861.000,43977,3,MX,1,100,24
1907901.000,43977,3,MX,1,100,23
1907941.000,43994,2,MX,1,100,24
1907981.000,43994,2,MX,1,100,24
1908021.000,44011,3,MX,1,100,23
1908061.000,44011,3,MX,1,100,24
1908101.000,44011,3,MX,1,100,24
1908141.000,44032,4,MX,1,100,24
1908181.000,44032,4,MX,1,100,23
1908221.000,44032,4,MX,1,100,24
1908261.000,44032,4,MX,1,100,24
1908301.000,44050,3,MX,1,100,24
1908341.000,44050,3,MX,1,100,24
1908381.000,44050,3,MX,1,100,24
1908421.000,44064,2,MX,1,100,24
1908461.000,44064,2,MX,1,100,24
1908501.000,44081,3,MX,1,100,25
1908541.000,44081,3,MX,1,100,24
1908581.000,44081,3,MX,1,100,24
1908621.000,44098,2,MX,1,100,24
1908661.000,44098,2,MX,1,100,24
1908701.000,44115,3,MX,1,100,25
1908741.000,44115,3,MX,1,100,24
1908781.000,44115,3,MX,1,100,24
1908821.000,44130,2,MX,1,100,24
1908861.000,44130,2,MX,1,100,24
1908901.000,44147,3,MX,1,100,24
1908941.000,44147,3,MX,1,100,24
1908981.000,44147,3,MX,1,100,24
1909021.000,44163,3,MX,1,100,23
1909061.000,44163,3,MX,1,100,23
1909101.000,44163,3,MX,1,100,23
1909141.000,44180,2,MX,1,100,24
1909181.000,44180,2,MX,1,100,24
1909221.000,44197,3,MX,1,100,24
1909261.000,44197,3,MX,1,100,24
1909301.000,44197,3,MX,1,100,23
1909341.000,44212,2,MX,1,100,25
1909381.000,44212,2,MX,1,100,24
1909421.000,44228,3,MX,1,100,24
1909461.000,44228,3,MX,1,100,24
1909501.000,44228,3,MX,1,100,25
1909541.000,44245,3,MX,1,100,24
1909581.000,44245,3,MX,1,100,25
1909621.000,44245,3,MX,1,100,24
1909661.000,44262,2,MX,1,100,23
1909701.000,44262,2,MX,1,100,24
1909741.000,44277,3,MX,1,100,24
1909781.000,44277,3,MX,1,100,24
1909821.000,44277,3,MX,1,100,23
1909861.000,44293,2,MX,1,100,24
1909901.000,44293,2,MX,1,100,24
1909941.000,44311,3,MX,1,100,24
1909981.000,44311,3,MX,1,100,23
1910021.000,44311,3,MX,1,100,24
1910061.000,44327,2,MX,1,100,24
1910101.000,44327,2,MX,1,100,24
1910140.667,44343,3,MX,1,100,24
1910180.333,44343,3,MX,1,100,24
1910220.000,44343,3,MX,1,100,25
1910260.500,44359,2,MX,1,100,23
1910301.000,44359,2,MX,1,100,24
1910340.667,44376,3,MX,1,100,24
1910380.333,44376,3,MX,1,100,24
1910420.000,44376,3,MX,1,100,23
1910460.500,44392,2,MX,1,100,24
1910501.000,44392,2,MX,1,100,23
1910541.000,44408,3,MX,1,100,24
1910581.000,44408,3,MX,1,100,24
1910621.000,44408,3,MX,1,100,24
1910661.000,44424,2,MX,1,100,24
1910701.000,44424,2,MX,1,100,23
1910741.000,44441,3,MX,1,100,24
1910781.000,44441,3,MX,1,100,24
1910821.000,44441,3,MX,1,100,24
1910860.500,44457,2,MX,1,100,23
1910900.000,44457,2,MX,1,100,24
1910940.000,44475,3,MX,1,100,24
1910980.000,44475,3,MX,1,100,25
1911020.000,44475,3,MX,1,100,23
1911060.500,44489,2,MX,1,100,24
1911101.000,44489,2,MX,1,100,24
1911141.000,44506,3,MX,1,100,24
1911181.000,44506,3,MX,1,100,24
1911221.000,44506,3,MX,1,100,24
1911260.667,44524,3,MX,1,100,24
1911300.333,44524,3,MX,1,100,24
1911340.000,44524,3,MX,1,100,23
1911380.333,44542,3,MX,1,100,23
1911420.667,44542,3,MX,1,100,24
1911461.000,44542,3,MX,1,100,23
1911500.500,44559,2,MX,1,100,24
1911540.000,44559,2,MX,1,100,24
1911580.000,44574,3,MX,1,100,23
1911620.000,44574,3,MX,1,100,24
1911660.000,44574,3,MX,1,100,24
1911700.000,44591,3,MX,1,100,24
1911740.000,44591,3,MX,1,100,24
1911780.000,44591,3,MX,1,100,24
1911820.000,44607,2,MX,1,100,23
1911860.000,44607,2,MX,1,100,24
1911900.000,44625,3,MX,1,100,23
1911940.000,44625,3,MX,1,100,24
1911980.000,44625,3,MX,1,100,24
1912020.500,44639,2,MX,1,100,23
1912061.000,44639,2,MX,1,100,24
1912100.667,44656,3,MX,1,100,24
1912140.333,44656,3,MX,1,100,23
1912180.000,44656,3,MX,1,100,24
1912220.000,44672,2,MX,1,100,24
1912260.000,44672,2,MX,1,100,24
1912300.000,44690,3,MX,1,100,24
1912340.000,44690,3,MX,1,100,24
1912380.000,44690,3,MX,1,100,23
1912420.000,44704,2,MX,1,100,24
1912460.000,44704,2,MX,1,100,24
1912500.000,44721,3,MX,1,100,23
1912540.000,44721,3,MX,1,100,24
1912580.000,44721,3,MX,1,100,23
1912620.500,44738,2,MX,1,100,24
1912661.000,44738,2,MX,1,100,24
1912701.000,44755,3,MX,1,100,24
1912741.000,44755,3,MX,1,100,24
1912781.000,44755,3,MX,1,100,24
1912821.000,44770,2,MX,1,100,24
1912861.000,44770,2,MX,1,100,24
1912901.000,44787,3,MX,1,100,24
1912941.000,44787,3,MX,1,100,24
1912981.000,44787,3,MX,1,100,24
1913021.000,44803,3,MX,1,100,23
1913061.000,44803,3,MX,1,100,24
1913101.000,44803,3,MX,1,100,24
1913141.000,44820,2,MX,1,100,23
1913181.000,44820,2,MX,1,100,24
1913221.000,44841,5,MX,1,100,24
1913261.000,44841,5,MX,1,100,24
1913301.000,44841,5,MX,1,100,24
1913341.000,44841,5,MX,1,100,25
1913381.000,44841,5,MX,1,100,25
1913421.000,44857,3,MX,1,100,24
1913461.000,44857,3,MX,1,100,25
1913501.000,44857,3,MX,1,100,24
