EmotiBitTimestamp,PacketNumber,DataLength,TypeTag,ProtocolVersion,DataReliability,GX
1839561.000,33089,1,GX,1,100,2.899
1839601.000,33104,2,GX,1,100,0.824
1839641.000,33104,2,GX,1,100,0.336
1839681.000,33121,3,GX,1,100,3.021
1839721.000,33121,3,GX,1,100,4.333
1839761.000,33121,3,GX,1,100,-0.305
1839801.000,33139,3,GX,1,100,-1.312
1839841.000,33139,3,GX,1,100,2.747
1839881.000,33139,3,GX,1,100,1.953
1839921.000,33157,2,GX,1,100,-0.336
1839961.000,33157,2,GX,1,100,1.953
1840001.000,33171,3,GX,1,100,1.862
1840041.000,33171,3,GX,1,100,0.519
1840081.000,33171,3,GX,1,100,1.282
1840121.000,33188,2,GX,1,100,1.343
1840161.000,33188,2,GX,1,100,1.434
1840201.000,33204,3,GX,1,100,1.434
1840241.000,33204,3,GX,1,100,-0.031
1840281.000,33204,3,GX,1,100,1.221
1840321.000,33222,2,GX,1,100,2.563
1840361.000,33222,2,GX,1,100,1.068
1840401.000,33236,3,GX,1,100,2.960
1840441.000,33236,3,GX,1,100,3.387
1840481.000,33236,3,GX,1,100,4.089
1840521.000,33253,2,GX,1,100,2.136
1840561.000,33253,2,GX,1,100,-1.495
1840601.000,33270,3,GX,1,100,0.641
1840641.000,33270,3,GX,1,100,0.854
1840681.000,33270,3,GX,1,100,-2.655
1840721.000,33287,2,GX,1,100,0.305
1840761.000,33287,2,GX,1,100,0.763
1840801.000,33301,3,GX,1,100,0.519
1840841.000,33301,3,GX,1,100,2.258
1840881.000,33301,3,GX,1,100,0.824
1840921.000,33319,2,GX,1,100,2.869
1840961.000,33319,2,GX,1,100,2.625
1841001.000,33337,3,GX,1,100,1.831
1841041.000,33337,3,GX,1,100,0.916
1841081.000,33337,3,GX,1,100,0.641
1841121.000,33354,3,GX,1,100,1.984
1841161.000,33354,3,GX,1,100,2.136
1841201.000,33354,3,GX,1,100,0.763
1841241.000,33371,2,GX,1,100,-0.946
1841281.000,33371,2,GX,1,100,-0.427
1841321.000,33388,3,GX,1,100,-0.092
1841361.000,33388,3,GX,1,100,0.488
1841401.000,33388,3,GX,1,100,1.282
1841441.000,33404,2,GX,1,100,2.411
1841481.000,33404,2,GX,1,100,0.641
1841521.000,33427,5,GX,1,100,0.519
1841561.000,33427,5,GX,1,100,1.312
1841601.000,33427,5,GX,1,100,1.160
1841641.000,33427,5,GX,1,100,0.732
1841681.000,33427,5,GX,1,100,0.854
1841721.000,33443,2,GX,1,100,1.984
1841761.000,33443,2,GX,1,100,0.580
1841801.000,33460,3,GX,1,100,0.427
1841841.000,33460,3,GX,1,100,0.122
1841881.000,33460,3,GX,1,100,1.007
1841921.000,33477,2,GX,1,100,0.458
1841961.000,33477,2,GX,1,100,0.000
1842001.000,33492,3,GX,1,100,0.061
1842041.000,33492,3,GX,1,100,0.244
1842081.000,33492,3,GX,1,100,0.336
1842121.000,33508,2,GX,1,100,1.373
1842161.000,33508,2,GX,1,100,-0.458
1842201.000,33525,3,GX,1,100,0.885
1842241.000,33525,3,GX,1,100,0.732
1842281.000,33525,3,GX,1,100,0.610
1842321.000,33542,2,GX,1,100,2.228
1842361.000,33542,2,GX,1,100,1.373
1842401.000,33557,3,GX,1,100,-0.458
1842441.000,33557,3,GX,1,100,1.068
1842481.000,33557,3,GX,1,100,0.336
1842521.000,33575,2,GX,1,100,-0.824
1842561.000,33575,2,GX,1,100,-0.305
1842601.000,33593,3,GX,1,100,-1.465
1842641.000,33593,3,GX,1,100,-0.488
1842681.000,33593,3,GX,1,100,0.977
1842721.000,33609,3,GX,1,100,0.305
1842761.000,33609,3,GX,1,100,-1.831
1842801.000,33609,3,GX,1,100,1.434
1842841.000,33625,2,GX,1,100,1.648
1842881.000,33625,2,GX,1,100,0.854
1842921.000,33641,3,GX,1,100,1.801
1842961.000,33641,3,GX,1,100,1.282
1843001.000,33641,3,GX,1,100,0.336
1843041.000,33658,2,GX,1,100,1.282
1843081.000,33658,2,GX,1,100,-0.244
1843121.000,33674,3,GX,1,100,-0.031
1843161.000,33674,3,GX,1,100,1.587
1843201.000,33674,3,GX,1,100,0.732
1843241.000,33692,2,GX,1,100,-0.641
1843281.000,33692,2,GX,1,100,0.732
1843321.000,33706,3,GX,1,100,1.801
1843361.000,33706,3,GX,1,100,1.862
1843401.000,33706,3,GX,1,100,0.793
1843441.000,33723,2,GX,1,100,1.221
1843481.000,33723,2,GX,1,100,0.916
1843521.000,33739,3,GX,1,100,0.092
1843561.000,33739,3,GX,1,100,2.899
1843601.000,33739,3,GX,1,100,1.221
1843640.500,33757,2,GX,1,100,-1.404
1843680.000,33757,2,GX,1,100,0.397
1843720.000,33771,3,GX,1,100,-0.885
1843760.000,33771,3,GX,1,100,0.641
1843800.000,33771,3,GX,1,100,1.160
1843840.333,33788,3,GX,1,100,-0.427
1843880.667,33788,3,GX,1,100,2.838
1843921.000,33788,3,GX,1,100,0.092
1843961.000,33805,2,GX,1,100,0.031
1844001.000,33805,2,GX,1,100,2.258
1844041.000,33822,3,GX,1,100,0.610
1844081.000,33822,3,GX,1,100,1.984
1844121.000,33822,3,GX,1,100,1.831
1844161.000,33836,2,GX,1,100,-0.458
1844201.000,33836,2,GX,1,100,1.617
1844241.000,33856,2,GX,1,100,-0.153
1844281.000,33856,2,GX,1,100,-0.336
1844325.333,33872,3,GX,1,100,2.808
1844369.667,33872,3,GX,1,100,-0.092
1844414.000,33872,3,GX,1,100,0.977
1844454.000,33891,2,GX,1,100,1.709
1844494.000,33891,2,GX,1,100,-0.092
1844534.000,33905,3,GX,1,100,-0.275
1844574.000,33905,3,GX,1,100,0.549
1844614.000,33905,3,GX,1,100,0.702
1844654.000,33923,2,GX,1,100,-0.214
1844694.000,33923,2,GX,1,100,0.854
1844734.000,33939,3,GX,1,100,3.571
1844774.000,33939,3,GX,1,100,-0.336
1844814.000,33939,3,GX,1,100,0.641
1844854.000,33956,3,GX,1,100,2.655
1844894.000,33956,3,GX,1,100,0.519
1844934.000,33956,3,GX,1,100,-0.610
1844974.000,33972,2,GX,1,100,1.953
1845014.000,33972,2,GX,1,100,1.770
1845054.000,33988,3,GX,1,100,1.495
1845094.000,33988,3,GX,1,100,-0.183
1845134.000,33988,3,GX,1,100,1.099
1845174.000,34006,2,GX,1,100,4.150
1845214.000,34006,2,GX,1,100,5.554
1845254.000,34024,3,GX,1,100,-1.038
1845294.000,34024,3,GX,1,100,-0.549
1845334.000,34024,3,GX,1,100,0.458
1845374.000,34040,2,GX,1,100,-1.801
1845414.000,34040,2,GX,1,100,1.465
1845454.000,34055,3,GX,1,100,2.869
1845494.000,34055,3,GX,1,100,1.129
1845534.000,34055,3,GX,1,100,-0.305
1845574.000,34072,2,GX,1,100,0.458
1845614.000,34072,2,GX,1,100,1.099
1845654.000,34089,3,GX,1,100,0.427
1845694.000,34089,3,GX,1,100,0.031
1845734.000,34089,3,GX,1,100,0.244
1845774.000,34105,2,GX,1,100,0.916
1845814.000,34105,2,GX,1,100,0.732
1845854.000,34120,3,GX,1,100,0.366
1845894.000,34120,3,GX,1,100,0.153
1845934.000,34120,3,GX,1,100,-0.366
1845974.000,34137,3,GX,1,100,0.977
1846014.000,34137,3,GX,1,100,1.648
1846054.000,34137,3,GX,1,100,0.427
1846094.000,34156,2,GX,1,100,0.122
1846134.000,34156,2,GX,1,100,-1.709
1846174.000,34172,3,GX,1,100,-2.228
1846214.000,34172,3,GX,1,100,-1.587
1846254.000,34172,3,GX,1,100,-0.824
1846294.000,34188,2,GX,1,100,-1.709
1846334.000,34188,2,GX,1,100,-3.601
1846369.667,34206,3,GX,1,100,-4.791
1846405.333,34206,3,GX,1,100,-1.648
1846441.000,34206,3,GX,1,100,-2.563
1846481.000,34223,2,GX,1,100,-0.824
1846521.000,34223,2,GX,1,100,1.617
1846561.000,34240,3,GX,1,100,1.770
1846601.000,34240,3,GX,1,100,0.488
1846641.000,34240,3,GX,1,100,1.282
1846685.000,34262,3,GX,1,100,2.625
1846729.000,34262,3,GX,1,100,6.195
1846773.000,34262,3,GX,1,100,1.343
1846813.333,34278,3,GX,1,100,-0.549
1846853.667,34278,3,GX,1,100,-0.275
1846894.000,34278,3,GX,1,100,-4.944
1846934.000,34296,2,GX,1,100,-1.923
1846974.000,34296,2,GX,1,100,-1.862
1847013.667,34312,3,GX,1,100,-1.801
1847053.333,34312,3,GX,1,100,0.916
1847093.000,34312,3,GX,1,100,1.648
1847133.333,34329,3,GX,1,100,-2.594
1847173.667,34329,3,GX,1,100,-1.953
1847214.000,34329,3,GX,1,100,-0.397
1847254.000,34346,2,GX,1,100,0.977
1847294.000,34346,2,GX,1,100,1.984
1847334.000,34361,3,GX,1,100,5.463
1847374.000,34361,3,GX,1,100,3.906
1847414.000,34361,3,GX,1,100,-2.899
1847454.000,34377,2,GX,1,100,-3.265
1847494.000,34377,2,GX,1,100,1.556
1847534.000,34394,3,GX,1,100,2.838
1847574.000,34394,3,GX,1,100,2.716
1847614.000,34394,3,GX,1,100,5.829
1847653.500,34411,2,GX,1,100,1.495
1847693.000,34411,2,GX,1,100,-2.106
1847733.333,34426,3,GX,1,100,-0.641
1847773.667,34426,3,GX,1,100,-1.404
1847814.000,34426,3,GX,1,100,-1.678
1847854.000,34442,2,GX,1,100,-3.998
1847894.000,34442,2,GX,1,100,-10.712
1847933.667,34460,3,GX,1,100,-24.048
1847973.333,34460,3,GX,1,100,-40.039
1848013.000,34460,3,GX,1,100,-25.757
1848053.500,34476,2,GX,1,100,-21.057
1848094.000,34476,2,GX,1,100,-36.011
1848134.000,34491,3,GX,1,100,-30.396
1848174.000,34491,3,GX,1,100,-63.568
1848214.000,34491,3,GX,1,100,-47.333
1848253.667,34508,3,GX,1,100,-10.681
1848293.333,34508,3,GX,1,100,5.493
1848333.000,34508,3,GX,1,100,-8.606
1848373.000,34525,2,GX,1,100,-6.836
1848413.000,34525,2,GX,1,100,-12.787
1848453.000,34541,3,GX,1,100,-14.313
1848493.000,34541,3,GX,1,100,3.052
1848533.000,34541,3,GX,1,100,-10.590
1848573.000,34557,2,GX,1,100,-10.345
1848613.000,34557,2,GX,1,100,-6.287
1848653.000,34573,3,GX,1,100,-6.195
1848693.000,34573,3,GX,1,100,-3.662
1848733.000,34573,3,GX,1,100,6.805
1848773.000,34590,2,GX,1,100,0.824
1848813.000,34590,2,GX,1,100,-6.378
1848853.000,34606,3,GX,1,100,7.050
1848893.000,34606,3,GX,1,100,0.580
1848933.000,34606,3,GX,1,100,-10.895
1848973.000,34624,2,GX,1,100,-12.604
1849013.000,34624,2,GX,1,100,-9.552
1849053.000,34638,3,GX,1,100,-8.667
1849093.000,34638,3,GX,1,100,-8.270
1849133.000,34638,3,GX,1,100,1.709
1849173.000,34655,2,GX,1,100,17.822
1849213.000,34655,2,GX,1,100,43.518
1849253.000,34672,3,GX,1,100,46.570
1849293.000,34672,3,GX,1,100,77.698
1849333.000,34672,3,GX,1,100,125.366
1849373.000,34689,2,GX,1,100,93.597
1849413.000,34689,2,GX,1,100,78.583
1849453.000,34703,3,GX,1,100,62.042
1849493.000,34703,3,GX,1,100,80.750
1849533.000,34703,3,GX,1,100,5.035
1849573.000,34721,3,GX,1,100,-9.277
1849613.000,34721,3,GX,1,100,2.869
1849653.000,34721,3,GX,1,100,-1.831
1849693.000,34737,2,GX,1,100,0.916
1849733.000,34737,2,GX,1,100,9.155
1849773.000,34754,3,GX,1,100,17.914
1849813.000,34754,3,GX,1,100,6.836
1849853.000,34754,3,GX,1,100,7.843
1849893.000,34768,2,GX,1,100,1.007
1849933.000,34768,2,GX,1,100,5.646
1849973.000,34786,3,GX,1,100,1.770
1850013.000,34786,3,GX,1,100,-2.930
1850053.000,34786,3,GX,1,100,3.723
1850093.000,34802,2,GX,1,100,-18.494
1850133.000,34802,2,GX,1,100,-36.713
1850173.000,34819,3,GX,1,100,-37.720
1850213.000,34819,3,GX,1,100,-34.180
1850253.000,34819,3,GX,1,100,-28.900
1850293.000,34834,2,GX,1,100,-45.471
1850333.000,34834,2,GX,1,100,-72.418
1850373.000,34851,3,GX,1,100,-83.954
1850413.000,34851,3,GX,1,100,-89.417
1850453.000,34851,3,GX,1,100,-87.555
1850493.000,34867,2,GX,1,100,-48.096
1850533.000,34867,2,GX,1,100,-32.288
1850573.000,34885,3,GX,1,100,-31.372
1850613.000,34885,3,GX,1,100,-17.242
1850653.000,34885,3,GX,1,100,-3.235
1850693.000,34900,2,GX,1,100,20.020
1850733.000,34900,2,GX,1,100,99.426
1850773.000,34916,3,GX,1,100,52.460
1850813.000,34916,3,GX,1,100,-14.557
1850853.000,34916,3,GX,1,100,58.075
1850893.000,34933,3,GX,1,100,117.798
1850933.000,34933,3,GX,1,100,120.361
1850973.000,34933,3,GX,1,100,83.527
1851013.000,34950,2,GX,1,100,87.860
1851053.000,34950,2,GX,1,100,147.461
1851093.000,34966,3,GX,1,100,174.408
1851133.000,34966,3,GX,1,100,140.289
1851173.000,34966,3,GX,1,100,159.851
1851213.000,34981,2,GX,1,100,224.274
1851253.000,34981,2,GX,1,100,203.552
1851293.000,35000,3,GX,1,100,150.970
1851333.000,35000,3,GX,1,100,46.936
1851373.000,35000,3,GX,1,100,-29.327
1851413.000,35017,2,GX,1,100,-13.641
1851453.000,35017,2,GX,1,100,-10.101
1851493.000,35033,3,GX,1,100,-22.949
1851533.000,35033,3,GX,1,100,34.149
1851573.000,35033,3,GX,1,100,11.841
1851613.000,35049,2,GX,1,100,-5.554
1851653.000,35049,2,GX,1,100,-13.702
1851693.000,35065,3,GX,1,100,-10.742
1851733.000,35065,3,GX,1,100,24.139
1851773.000,35065,3,GX,1,100,77.454
1851813.000,35087,4,GX,1,100,13.245
1851853.000,35087,4,GX,1,100,-32.837
1851893.000,35087,4,GX,1,100,-10.406
1851933.000,35087,4,GX,1,100,-0.519
1851973.000,35104,2,GX,1,100,30.945
1852013.000,35104,2,GX,1,100,-0.031
1852053.000,35121,3,GX,1,100,-12.451
1852093.000,35121,3,GX,1,100,19.653
1852133.000,35121,3,GX,1,100,85.358
1852173.000,35136,2,GX,1,100,146.240
1852213.000,35136,2,GX,1,100,187.134
1852253.000,35153,3,GX,1,100,171.112
1852293.000,35153,3,GX,1,100,119.690
1852333.000,35153,3,GX,1,100,101.501
1852373.000,35169,2,GX,1,100,68.512
1852413.000,35169,2,GX,1,100,28.564
1852453.000,35186,3,GX,1,100,5.890
1852493.000,35186,3,GX,1,100,0.122
1852533.000,35186,3,GX,1,100,8.392
1852573.000,35203,2,GX,1,100,19.012
1852613.000,35203,2,GX,1,100,6.744
1852653.000,35218,3,GX,1,100,3.143
1852693.000,35218,3,GX,1,100,9.186
1852733.000,35218,3,GX,1,100,2.533
1852773.000,35234,2,GX,1,100,-6.989
1852813.000,35234,2,GX,1,100,-4.547
1852853.000,35251,3,GX,1,100,9.247
1852893.000,35251,3,GX,1,100,-0.183
1852933.000,35251,3,GX,1,100,-0.214
1852973.000,35268,2,GX,1,100,1.007
1853013.000,35268,2,GX,1,100,1.373
1853053.000,35283,3,GX,1,100,9.369
1853093.000,35283,3,GX,1,100,12.573
1853133.000,35283,3,GX,1,100,-0.793
1853173.000,35299,3,GX,1,100,-10.712
1853213.000,35299,3,GX,1,100,-57.556
1853253.000,35299,3,GX,1,100,-85.388
1853293.000,35317,2,GX,1,100,-14.984
1853333.000,35317,2,GX,1,100,8.698
1853373.000,35333,3,GX,1,100,14.374
1853413.000,35333,3,GX,1,100,34.546
1853453.000,35333,3,GX,1,100,9.918
1853493.000,35348,2,GX,1,100,0.336
1853533.000,35348,2,GX,1,100,7.477
1853573.000,35365,3,GX,1,100,5.829
1853613.000,35365,3,GX,1,100,-3.784
1853653.000,35365,3,GX,1,100,-0.122
1853693.000,35382,2,GX,1,100,1.160
1853733.000,35382,2,GX,1,100,0.763
1853773.000,35398,3,GX,1,100,0.793
1853813.000,35398,3,GX,1,100,0.549
1853853.000,35398,3,GX,1,100,1.953
1853893.000,35413,2,GX,1,100,0.061
1853933.000,35413,2,GX,1,100,-0.702
1853973.000,35430,3,GX,1,100,1.068
1854013.000,35430,3,GX,1,100,0.641
1854053.000,35430,3,GX,1,100,0.854
1854093.000,35447,2,GX,1,100,0.183
1854133.000,35447,2,GX,1,100,0.671
1854173.000,35463,3,GX,1,100,0.671
1854213.000,35463,3,GX,1,100,0.641
1854253.000,35463,3,GX,1,100,0.732
1854293.000,35480,2,GX,1,100,0.641
1854333.000,35480,2,GX,1,100,0.641
1854373.000,35495,3,GX,1,100,0.763
1854413.000,35495,3,GX,1,100,-3.326
1854453.000,35495,3,GX,1,100,-7.080
1854493.000,35512,2,GX,1,100,10.162
1854533.000,35512,2,GX,1,100,12.787
1854573.000,35529,3,GX,1,100,-10.864
1854613.000,35529,3,GX,1,100,39.764
1854653.000,35529,3,GX,1,100,67.108
1854693.000,35546,3,GX,1,100,42.603
1854733.000,35546,3,GX,1,100,39.490
1854773.000,35546,3,GX,1,100,-28.351
1854813.000,35560,2,GX,1,100,-78.735
1854853.000,35560,2,GX,1,100,-54.626
1854893.000,35578,3,GX,1,100,-91.156
1854933.000,35578,3,GX,1,100,-108.002
1854973.000,35578,3,GX,1,100,-185.272
1855013.000,35594,2,GX,1,100,-81.238
1855053.000,35594,2,GX,1,100,17.548
1855093.000,35611,3,GX,1,100,8.301
1855133.000,35611,3,GX,1,100,43.365
1855173.000,35611,3,GX,1,100,56.061
1855213.000,35625,2,GX,1,100,3.937
1855253.000,35625,2,GX,1,100,-4.089
1855293.000,35643,3,GX,1,100,1.160
1855333.000,35643,3,GX,1,100,0.916
1855373.000,35643,3,GX,1,100,0.610
1855413.000,35659,2,GX,1,100,0.702
1855453.000,35659,2,GX,1,100,0.671
1855493.000,35676,3,GX,1,100,0.702
1855533.000,35676,3,GX,1,100,0.732
1855573.000,35676,3,GX,1,100,0.671
1855613.000,35691,2,GX,1,100,0.671
1855653.000,35691,2,GX,1,100,0.671
1855693.000,35708,3,GX,1,100,0.671
1855733.000,35708,3,GX,1,100,0.671
1855773.000,35708,3,GX,1,100,0.702
1855813.000,35724,2,GX,1,100,0.702
1855853.000,35724,2,GX,1,100,0.732
1855893.000,35742,3,GX,1,100,0.702
1855933.000,35742,3,GX,1,100,0.702
1855973.000,35742,3,GX,1,100,0.702
1856013.000,35756,3,GX,1,100,0.641
1856053.000,35756,3,GX,1,100,0.610
1856093.000,35756,3,GX,1,100,0.671
1856133.000,35773,2,GX,1,100,0.641
1856173.000,35773,2,GX,1,100,0.732
1856213.000,35789,3,GX,1,100,0.763
1856253.000,35789,3,GX,1,100,0.702
1856293.000,35789,3,GX,1,100,0.732
1856333.000,35809,2,GX,1,100,0.702
1856373.000,35809,2,GX,1,100,0.671
1856413.000,35824,3,GX,1,100,0.732
1856453.000,35824,3,GX,1,100,0.763
1856493.000,35824,3,GX,1,100,0.702
1856533.000,35840,2,GX,1,100,0.702
1856573.000,35840,2,GX,1,100,0.671
1856613.000,35857,3,GX,1,100,0.732
1856653.000,35857,3,GX,1,100,0.763
1856693.000,35857,3,GX,1,100,0.641
1856733.000,35874,2,GX,1,100,0.671
1856773.000,35874,2,GX,1,100,0.732
1856813.000,35890,3,GX,1,100,0.702
1856853.000,35890,3,GX,1,100,0.671
1856893.000,35890,3,GX,1,100,0.732
1856933.000,35913,4,GX,1,100,0.702
1856973.000,35913,4,GX,1,100,0.732
1857013.000,35913,4,GX,1,100,0.732
1857053.000,35913,4,GX,1,100,0.641
1857093.000,35927,2,GX,1,100,0.671
1857133.000,35927,2,GX,1,100,0.732
1857173.000,35944,3,GX,1,100,0.702
1857213.000,35944,3,GX,1,100,0.702
1857253.000,35944,3,GX,1,100,0.671
1857293.000,35961,2,GX,1,100,0.702
1857333.000,35961,2,GX,1,100,0.702
1857373.000,35978,3,GX,1,100,0.671
1857413.000,35978,3,GX,1,100,0.732
1857453.000,35978,3,GX,1,100,0.732
1857492.500,35993,2,GX,1,100,0.702
1857532.000,35993,2,GX,1,100,0.702
1857572.000,36010,3,GX,1,100,0.732
1857612.000,36010,3,GX,1,100,0.732
1857652.000,36010,3,GX,1,100,0.671
1857692.333,36026,3,GX,1,100,0.702
1857732.667,36026,3,GX,1,100,0.702
1857773.000,36026,3,GX,1,100,0.671
1857812.500,36043,2,GX,1,100,0.671
1857852.000,36043,2,GX,1,100,0.702
1857892.000,36060,3,GX,1,100,0.702
1857932.000,36060,3,GX,1,100,0.702
1857972.000,36060,3,GX,1,100,0.702
1858012.500,36075,2,GX,1,100,0.671
1858053.000,36075,2,GX,1,100,0.671
1858093.000,36091,3,GX,1,100,0.732
1858133.000,36091,3,GX,1,100,0.702
1858173.000,36091,3,GX,1,100,0.702
1858213.000,36108,2,GX,1,100,0.702
1858253.000,36108,2,GX,1,100,0.671
1858292.667,36125,3,GX,1,100,0.732
1858332.333,36125,3,GX,1,100,0.702
1858372.000,36125,3,GX,1,100,0.671
1858412.000,36140,2,GX,1,100,0.732
1858452.000,36140,2,GX,1,100,0.732
1858492.000,36156,3,GX,1,100,0.671
1858532.000,36156,3,GX,1,100,0.671
1858572.000,36156,3,GX,1,100,0.732
1858612.000,36174,2,GX,1,100,0.732
1858652.000,36174,2,GX,1,100,0.732
1858692.000,36190,3,GX,1,100,0.702
1858732.000,36190,3,GX,1,100,0.732
1858772.000,36190,3,GX,1,100,0.702
1858812.000,36205,2,GX,1,100,0.732
1858852.000,36205,2,GX,1,100,0.763
1858892.000,36222,3,GX,1,100,0.702
1858932.000,36222,3,GX,1,100,0.702
1858972.000,36222,3,GX,1,100,0.732
1859012.000,36239,2,GX,1,100,0.702
1859052.000,36239,2,GX,1,100,0.702
1859092.000,36255,3,GX,1,100,0.702
1859132.000,36255,3,GX,1,100,0.732
1859172.000,36255,3,GX,1,100,0.702
1859212.000,36270,3,GX,1,100,0.671
1859252.000,36270,3,GX,1,100,0.732
1859292.000,36270,3,GX,1,100,0.702
1859332.000,36287,2,GX,1,100,0.671
1859372.000,36287,2,GX,1,100,0.702
1859412.000,36304,3,GX,1,100,0.732
1859452.000,36304,3,GX,1,100,0.732
1859492.000,36304,3,GX,1,100,0.732
1859532.000,36320,2,GX,1,100,0.732
1859572.000,36320,2,GX,1,100,0.763
1859612.000,36337,3,GX,1,100,0.732
1859652.000,36337,3,GX,1,100,0.671
1859692.000,36337,3,GX,1,100,0.732
1859732.000,36352,2,GX,1,100,0.702
1859772.000,36352,2,GX,1,100,0.702
1859812.000,36369,3,GX,1,100,0.732
1859852.000,36369,3,GX,1,100,0.732
1859892.000,36369,3,GX,1,100,0.732
1859932.000,36386,2,GX,1,100,0.702
1859972.000,36386,2,GX,1,100,0.702
1860012.000,36403,3,GX,1,100,0.702
1860052.000,36403,3,GX,1,100,0.671
1860092.000,36403,3,GX,1,100,0.671
1860132.000,36417,2,GX,1,100,0.732
1860172.000,36417,2,GX,1,100,0.702
1860212.000,36435,3,GX,1,100,0.702
1860252.000,36435,3,GX,1,100,0.763
1860292.000,36435,3,GX,1,100,0.732
1860332.000,36451,3,GX,1,100,0.702
1860372.000,36451,3,GX,1,100,0.702
1860412.000,36451,3,GX,1,100,0.702
1860452.000,36468,2,GX,1,100,0.732
1860492.000,36468,2,GX,1,100,0.702
1860532.000,36482,3,GX,1,100,0.732
1860572.000,36482,3,GX,1,100,0.763
1860612.000,36482,3,GX,1,100,0.671
1860652.000,36500,2,GX,1,100,0.671
1860692.000,36500,2,GX,1,100,0.702
1860732.000,36516,3,GX,1,100,0.732
1860772.000,36516,3,GX,1,100,0.702
1860812.000,36516,3,GX,1,100,0.641
1860852.000,36533,2,GX,1,100,0.732
1860892.000,36533,2,GX,1,100,0.732
1860932.000,36548,3,GX,1,100,0.702
1860972.000,36548,3,GX,1,100,0.702
1861012.000,36548,3,GX,1,100,0.702
1861052.000,36565,2,GX,1,100,0.732
1861092.000,36565,2,GX,1,100,0.702
1861132.000,36581,3,GX,1,100,0.732
1861172.000,36581,3,GX,1,100,0.702
1861212.000,36581,3,GX,1,100,0.671
1861252.000,36599,2,GX,1,100,0.702
1861292.000,36599,2,GX,1,100,0.702
1861332.000,36615,3,GX,1,100,0.671
1861372.000,36615,3,GX,1,100,0.671
1861412.000,36615,3,GX,1,100,0.702
1861452.000,36632,2,GX,1,100,0.702
1861492.000,36632,2,GX,1,100,0.732
1861532.000,36648,3,GX,1,100,0.732
1861572.000,36648,3,GX,1,100,0.732
1861612.000,36648,3,GX,1,100,0.702
1861652.000,36666,3,GX,1,100,0.732
1861692.000,36666,3,GX,1,100,0.702
1861732.000,36666,3,GX,1,100,0.732
1861772.000,36681,2,GX,1,100,0.732
1861812.000,36681,2,GX,1,100,0.732
1861852.000,36697,3,GX,1,100,0.732
1861892.000,36697,3,GX,1,100,0.732
1861932.000,36697,3,GX,1,100,0.671
1861972.000,36714,2,GX,1,100,0.671
1862012.000,36714,2,GX,1,100,0.732
1862052.000,36734,4,GX,1,100,0.702
1862092.000,36734,4,GX,1,100,0.671
1862132.000,36734,4,GX,1,100,0.702
1862172.000,36734,4,GX,1,100,0.732
1862212.000,36750,2,GX,1,100,0.702
1862252.000,36750,2,GX,1,100,0.732
1862292.000,36768,3,GX,1,100,0.732
1862332.000,36768,3,GX,1,100,0.702
1862372.000,36768,3,GX,1,100,0.732
1862412.000,36782,2,GX,1,100,0.763
1862452.000,36782,2,GX,1,100,0.732
1862492.000,36799,3,GX,1,100,0.732
1862532.000,36799,3,GX,1,100,0.702
1862572.000,36799,3,GX,1,100,0.671
1862612.000,36816,2,GX,1,100,0.702
1862652.000,36816,2,GX,1,100,0.732
1862692.000,36833,3,GX,1,100,0.732
1862732.000,36833,3,GX,1,100,0.732
1862772.000,36833,3,GX,1,100,0.732
1862812.000,36847,2,GX,1,100,0.732
1862852.000,36847,2,GX,1,100,0.702
1862892.000,36865,3,GX,1,100,0.702
1862932.000,36865,3,GX,1,100,0.702
1862972.000,36865,3,GX,1,100,0.732
1863012.000,36881,3,GX,1,100,0.671
1863052.000,36881,3,GX,1,100,0.732
1863092.000,36881,3,GX,1,100,0.732
1863132.000,36898,2,GX,1,100,0.702
1863172.000,36898,2,GX,1,100,0.732
1863212.000,36912,3,GX,1,100,0.732
1863252.000,36912,3,GX,1,100,0.702
1863292.000,36912,3,GX,1,100,0.671
1863332.000,36930,2,GX,1,100,0.702
1863372.000,36930,2,GX,1,100,0.732
1863412.000,36946,3,GX,1,100,0.732
1863452.000,36946,3,GX,1,100,0.732
1863492.000,36946,3,GX,1,100,0.732
1863532.000,36963,2,GX,1,100,0.732
1863572.000,36963,2,GX,1,100,0.732
1863612.000,36979,3,GX,1,100,0.702
1863652.000,36979,3,GX,1,100,0.702
1863692.000,36979,3,GX,1,100,0.702
1863732.000,36995,2,GX,1,100,0.702
1863772.000,36995,2,GX,1,100,0.702
1863812.000,37011,3,GX,1,100,0.702
1863852.000,37011,3,GX,1,100,0.763
1863892.000,37011,3,GX,1,100,0.702
1863932.000,37029,2,GX,1,100,0.671
1863972.000,37029,2,GX,1,100,0.702
1864012.000,37045,3,GX,1,100,0.702
1864052.000,37045,3,GX,1,100,0.702
1864092.000,37045,3,GX,1,100,0.671
1864132.000,37060,2,GX,1,100,0.702
1864172.000,37060,2,GX,1,100,0.702
1864212.000,37077,3,GX,1,100,0.702
1864252.000,37077,3,GX,1,100,0.732
1864292.000,37077,3,GX,1,100,0.732
1864332.000,37094,3,GX,1,100,0.671
1864372.000,37094,3,GX,1,100,0.732
1864412.000,37094,3,GX,1,100,0.702
1864452.000,37110,2,GX,1,100,0.671
1864492.000,37110,2,GX,1,100,0.702
1864532.000,37125,3,GX,1,100,0.702
1864572.000,37125,3,GX,1,100,0.702
1864612.000,37125,3,GX,1,100,0.702
1864652.000,37142,2,GX,1,100,0.732
1864692.000,37142,2,GX,1,100,0.732
1864732.000,37159,3,GX,1,100,0.702
1864772.000,37159,3,GX,1,100,0.732
1864812.000,37159,3,GX,1,100,0.702
1864852.000,37175,2,GX,1,100,0.702
1864892.000,37175,2,GX,1,100,0.732
1864932.000,37191,3,GX,1,100,0.702
1864972.000,37191,3,GX,1,100,0.671
1865012.000,37191,3,GX,1,100,0.732
1865052.000,37207,2,GX,1,100,0.732
1865092.000,37207,2,GX,1,100,0.641
1865132.000,37224,3,GX,1,100,0.702
1865172.000,37224,3,GX,1,100,0.732
1865212.000,37224,3,GX,1,100,0.732
1865252.000,37241,2,GX,1,100,0.732
1865292.000,37241,2,GX,1,100,0.702
1865332.000,37256,3,GX,1,100,0.641
1865372.000,37256,3,GX,1,100,0.732
1865412.000,37256,3,GX,1,100,0.763
1865452.000,37272,3,GX,1,100,0.702
1865492.000,37272,3,GX,1,100,0.702
1865532.000,37272,3,GX,1,100,0.702
1865572.000,37289,2,GX,1,100,0.732
1865612.000,37289,2,GX,1,100,0.702
1865652.000,37306,3,GX,1,100,0.702
1865692.000,37306,3,GX,1,100,0.732
1865732.000,37306,3,GX,1,100,0.732
1865772.000,37322,2,GX,1,100,0.702
1865812.000,37322,2,GX,1,100,0.702
1865852.000,37337,3,GX,1,100,0.702
1865892.000,37337,3,GX,1,100,0.702
1865932.000,37337,3,GX,1,100,0.732
1865972.000,37355,2,GX,1,100,0.793
1866012.000,37355,2,GX,1,100,0.763
1866052.000,37371,3,GX,1,100,0.702
1866092.000,37371,3,GX,1,100,0.671
1866132.000,37371,3,GX,1,100,0.732
1866171.750,37389,4,GX,1,100,0.702
1866211.500,37389,4,GX,1,100,0.671
1866251.250,37389,4,GX,1,100,0.732
1866291.000,37389,4,GX,1,100,0.702
1866331.333,37407,3,GX,1,100,0.702
1866371.667,37407,3,GX,1,100,0.763
1866412.000,37407,3,GX,1,100,0.702
1866452.000,37424,2,GX,1,100,0.732
1866492.000,37424,2,GX,1,100,0.732
1866532.000,37438,3,GX,1,100,0.702
1866572.000,37438,3,GX,1,100,0.732
1866612.000,37438,3,GX,1,100,0.763
1866652.000,37456,2,GX,1,100,0.732
1866692.000,37456,2,GX,1,100,0.732
1866732.000,37472,3,GX,1,100,0.763
1866772.000,37472,3,GX,1,100,0.732
1866812.000,37472,3,GX,1,100,0.763
1866852.000,37489,3,GX,1,100,0.702
1866892.000,37489,3,GX,1,100,0.732
1866932.000,37489,3,GX,1,100,0.702
1866972.000,37505,2,GX,1,100,0.732
1867012.000,37505,2,GX,1,100,0.671
1867052.000,37521,3,GX,1,100,0.671
1867092.000,37521,3,GX,1,100,0.702
1867132.000,37521,3,GX,1,100,0.671
1867171.750,37544,4,GX,1,100,0.702
1867211.500,37544,4,GX,1,100,0.732
1867251.250,37544,4,GX,1,100,0.763
1867291.000,37544,4,GX,1,100,0.732
1867331.000,37562,2,GX,1,100,0.671
1867371.000,37562,2,GX,1,100,0.732
1867411.000,37578,3,GX,1,100,0.732
1867451.000,37578,3,GX,1,100,0.732
1867491.000,37578,3,GX,1,100,0.671
1867531.000,37595,2,GX,1,100,0.702
1867571.000,37595,2,GX,1,100,0.763
1867611.000,37611,3,GX,1,100,0.763
1867651.000,37611,3,GX,1,100,0.702
1867691.000,37611,3,GX,1,100,0.702
1867731.000,37627,2,GX,1,100,0.732
1867771.000,37627,2,GX,1,100,0.732
1867811.333,37643,3,GX,1,100,0.732
1867851.667,37643,3,GX,1,100,0.732
1867892.000,37643,3,GX,1,100,0.732
1867931.500,37661,2,GX,1,100,0.702
1867971.000,37661,2,GX,1,100,0.702
1868011.333,37676,3,GX,1,100,0.702
1868051.667,37676,3,GX,1,100,0.763
1868092.000,37676,3,GX,1,100,0.763
1868131.500,37692,2,GX,1,100,0.702
1868171.000,37692,2,GX,1,100,0.702
1868211.000,37709,3,GX,1,100,0.732
1868251.000,37709,3,GX,1,100,0.732
1868291.000,37709,3,GX,1,100,0.732
1868331.500,37726,2,GX,1,100,0.702
1868372.000,37726,2,GX,1,100,0.671
1868411.667,37742,3,GX,1,100,0.702
1868451.333,37742,3,GX,1,100,0.702
1868491.000,37742,3,GX,1,100,0.763
1868531.000,37760,3,GX,1,100,0.763
1868571.000,37760,3,GX,1,100,0.732
1868611.000,37760,3,GX,1,100,0.671
1868651.000,37774,3,GX,1,100,0.732
1868691.000,37774,3,GX,1,100,0.702
1868731.000,37774,3,GX,1,100,0.702
1868771.000,37791,2,GX,1,100,0.732
1868811.000,37791,2,GX,1,100,0.702
1868851.000,37807,3,GX,1,100,0.763
1868891.000,37807,3,GX,1,100,0.732
1868931.000,37807,3,GX,1,100,0.732
1868971.000,37825,2,GX,1,100,0.702
1869011.000,37825,2,GX,1,100,0.702
1869051.000,37839,3,GX,1,100,0.763
1869091.000,37839,3,GX,1,100,0.763
1869131.000,37839,3,GX,1,100,0.732
1869171.000,37856,3,GX,1,100,0.732
1869211.000,37856,3,GX,1,100,0.763
1869251.000,37856,3,GX,1,100,0.702
1869291.000,37873,2,GX,1,100,0.671
1869331.000,37873,2,GX,1,100,0.763
1869371.333,37890,3,GX,1,100,0.763
1869411.667,37890,3,GX,1,100,0.702
1869452.000,37890,3,GX,1,100,0.671
1869491.500,37904,2,GX,1,100,0.702
1869531.000,37904,2,GX,1,100,0.793
1869571.000,37922,3,GX,1,100,0.732
1869611.000,37922,3,GX,1,100,0.732
1869651.000,37922,3,GX,1,100,0.732
1869691.000,37938,2,GX,1,100,0.702
1869731.000,37938,2,GX,1,100,0.732
1869771.000,37955,3,GX,1,100,0.763
1869811.000,37955,3,GX,1,100,0.702
1869851.000,37955,3,GX,1,100,0.732
1869891.000,37969,2,GX,1,100,0.763
1869931.000,37969,2,GX,1,100,0.702
1869971.000,37987,3,GX,1,100,0.702
1870011.000,37987,3,GX,1,100,0.763
1870051.000,37987,3,GX,1,100,0.732
1870091.000,38003,2,GX,1,100,0.702
1870131.000,38003,2,GX,1,100,0.702
1870171.000,38020,3,GX,1,100,0.671
1870211.000,38020,3,GX,1,100,0.763
1870251.000,38020,3,GX,1,100,0.763
1870291.000,38036,2,GX,1,100,0.671
1870331.000,38036,2,GX,1,100,0.732
1870371.000,38052,3,GX,1,100,0.671
1870411.000,38052,3,GX,1,100,0.671
1870451.000,38052,3,GX,1,100,0.702
1870491.000,38068,2,GX,1,100,0.702
1870531.000,38068,2,GX,1,100,0.732
1870571.000,38086,3,GX,1,100,0.671
1870611.000,38086,3,GX,1,100,0.702
1870651.000,38086,3,GX,1,100,0.732
1870691.000,38102,3,GX,1,100,0.732
1870731.000,38102,3,GX,1,100,0.732
1870771.000,38102,3,GX,1,100,0.702
1870811.000,38117,3,GX,1,100,0.702
1870851.000,38117,3,GX,1,100,0.702
1870891.000,38117,3,GX,1,100,0.732
1870931.000,38134,2,GX,1,100,0.732
1870971.000,38134,2,GX,1,100,0.763
1871011.000,38151,3,GX,1,100,0.732
1871051.000,38151,3,GX,1,100,0.671
1871091.000,38151,3,GX,1,100,0.732
1871131.000,38167,2,GX,1,100,0.702
1871171.000,38167,2,GX,1,100,0.732
1871211.000,38183,3,GX,1,100,0.732
1871251.000,38183,3,GX,1,100,0.732
1871291.000,38183,3,GX,1,100,0.671
1871331.000,38201,2,GX,1,100,0.763
1871371.000,38201,2,GX,1,100,0.702
1871411.000,38218,3,GX,1,100,0.702
1871451.000,38218,3,GX,1,100,0.732
1871491.000,38218,3,GX,1,100,0.702
1871531.000,38234,2,GX,1,100,0.732
1871571.000,38234,2,GX,1,100,0.732
1871611.000,38252,3,GX,1,100,0.763
1871651.000,38252,3,GX,1,100,0.702
1871691.000,38252,3,GX,1,100,0.702
1871731.000,38266,2,GX,1,100,0.702
1871771.000,38266,2,GX,1,100,0.763
1871811.000,38283,3,GX,1,100,0.702
1871851.000,38283,3,GX,1,100,0.732
1871891.000,38283,3,GX,1,100,0.732
1871931.000,38300,2,GX,1,100,0.732
1871971.000,38300,2,GX,1,100,0.702
1872011.000,38317,3,GX,1,100,0.671
1872051.000,38317,3,GX,1,100,0.702
1872091.000,38317,3,GX,1,100,0.732
1872131.000,38331,3,GX,1,100,0.732
1872171.000,38331,3,GX,1,100,0.732
1872211.000,38331,3,GX,1,100,0.732
1872251.000,38354,4,GX,1,100,0.671
1872291.000,38354,4,GX,1,100,0.702
1872331.000,38354,4,GX,1,100,0.763
1872371.000,38354,4,GX,1,100,0.732
1872411.000,38370,3,GX,1,100,0.732
1872451.000,38370,3,GX,1,100,0.702
1872491.000,38370,3,GX,1,100,0.732
1872531.000,38385,2,GX,1,100,0.702
1872571.000,38385,2,GX,1,100,0.702
1872611.000,38403,3,GX,1,100,0.763
1872651.000,38403,3,GX,1,100,0.763
1872691.000,38403,3,GX,1,100,0.732
1872731.000,38419,2,GX,1,100,0.702
1872771.000,38419,2,GX,1,100,0.702
1872811.000,38436,3,GX,1,100,0.641
1872851.000,38436,3,GX,1,100,0.702
1872891.000,38436,3,GX,1,100,0.763
1872931.000,38453,3,GX,1,100,0.732
1872971.000,38453,3,GX,1,100,0.732
1873011.000,38453,3,GX,1,100,0.702
1873051.000,38468,3,GX,1,100,0.732
1873091.000,38468,3,GX,1,100,0.763
1873131.000,38468,3,GX,1,100,0.702
1873171.000,38484,2,GX,1,100,0.702
1873211.000,38484,2,GX,1,100,0.702
1873251.000,38502,3,GX,1,100,0.732
1873291.000,38502,3,GX,1,100,0.702
1873331.000,38502,3,GX,1,100,0.702
1873371.000,38518,2,GX,1,100,0.763
1873411.000,38518,2,GX,1,100,0.732
1873451.000,38533,3,GX,1,100,0.702
1873491.000,38533,3,GX,1,100,0.732
1873531.000,38533,3,GX,1,100,0.732
1873571.000,38550,2,GX,1,100,0.732
1873611.000,38550,2,GX,1,100,0.732
1873651.000,38567,3,GX,1,100,0.763
1873691.000,38567,3,GX,1,100,0.763
1873731.000,38567,3,GX,1,100,0.793
1873771.000,38583,2,GX,1,100,0.732
1873811.000,38583,2,GX,1,100,0.702
1873851.000,38598,3,GX,1,100,0.702
1873891.000,38598,3,GX,1,100,0.732
1873931.000,38598,3,GX,1,100,0.763
1873971.000,38615,3,GX,1,100,0.763
1874011.000,38615,3,GX,1,100,0.702
1874051.000,38615,3,GX,1,100,0.702
1874091.000,38632,2,GX,1,100,0.732
1874131.000,38632,2,GX,1,100,0.763
1874171.000,38648,3,GX,1,100,0.732
1874211.000,38648,3,GX,1,100,0.702
1874251.000,38648,3,GX,1,100,0.763
1874291.000,38664,2,GX,1,100,0.732
1874331.000,38664,2,GX,1,100,0.732
1874371.000,38680,3,GX,1,100,0.763
1874411.000,38680,3,GX,1,100,0.763
1874451.000,38680,3,GX,1,100,0.702
1874491.000,38697,2,GX,1,100,0.702
1874531.000,38697,2,GX,1,100,0.702
1874571.000,38714,3,GX,1,100,0.732
1874611.000,38714,3,GX,1,100,0.732
1874651.000,38714,3,GX,1,100,0.763
1874691.000,38729,2,GX,1,100,0.702
1874731.000,38729,2,GX,1,100,0.671
1874771.000,38745,3,GX,1,100,0.763
1874811.000,38745,3,GX,1,100,0.732
1874851.000,38745,3,GX,1,100,0.732
1874891.000,38762,2,GX,1,100,0.732
1874931.000,38762,2,GX,1,100,0.763
1874971.000,38779,3,GX,1,100,0.732
1875011.000,38779,3,GX,1,100,0.671
1875051.000,38779,3,GX,1,100,0.763
1875091.000,38795,2,GX,1,100,0.763
1875131.000,38795,2,GX,1,100,0.732
1875171.000,38810,3,GX,1,100,0.763
1875211.000,38810,3,GX,1,100,0.763
1875251.000,38810,3,GX,1,100,0.763
1875291.000,38828,3,GX,1,100,0.732
1875331.000,38828,3,GX,1,100,0.732
1875371.000,38828,3,GX,1,100,0.702
1875411.000,38844,3,GX,1,100,0.732
1875451.000,38844,3,GX,1,100,0.763
1875491.000,38844,3,GX,1,100,0.732
1875531.000,38861,2,GX,1,100,0.702
1875571.000,38861,2,GX,1,100,0.732
1875611.000,38877,3,GX,1,100,0.763
1875651.000,38877,3,GX,1,100,0.732
1875691.000,38877,3,GX,1,100,0.702
1875731.000,38893,2,GX,1,100,0.732
1875771.000,38893,2,GX,1,100,0.763
1875811.000,38909,3,GX,1,100,0.763
1875851.000,38909,3,GX,1,100,0.671
1875891.000,38909,3,GX,1,100,0.702
1875931.000,38927,2,GX,1,100,0.732
1875971.000,38927,2,GX,1,100,0.732
1876011.000,38943,3,GX,1,100,0.702
1876051.000,38943,3,GX,1,100,0.702
1876091.000,38943,3,GX,1,100,0.732
1876131.000,38958,2,GX,1,100,0.732
1876171.000,38958,2,GX,1,100,0.732
1876211.000,38975,3,GX,1,100,0.641
1876251.000,38975,3,GX,1,100,0.732
1876291.000,38975,3,GX,1,100,0.732
1876331.000,38994,2,GX,1,100,0.732
1876371.000,38994,2,GX,1,100,0.732
1876411.000,39010,3,GX,1,100,0.732
1876451.000,39010,3,GX,1,100,0.732
1876491.000,39010,3,GX,1,100,0.732
1876531.000,39025,3,GX,1,100,0.702
1876571.000,39025,3,GX,1,100,0.732
1876611.000,39025,3,GX,1,100,0.763
1876651.000,39042,2,GX,1,100,0.763
1876691.000,39042,2,GX,1,100,0.702
1876731.000,39059,3,GX,1,100,0.671
1876771.000,39059,3,GX,1,100,0.763
1876811.000,39059,3,GX,1,100,0.732
1876851.000,39075,2,GX,1,100,0.732
1876891.000,39075,2,GX,1,100,0.671
1876931.000,39091,3,GX,1,100,0.732
1876971.000,39091,3,GX,1,100,0.732
1877011.000,39091,3,GX,1,100,0.702
1877051.000,39107,2,GX,1,100,0.702
1877091.000,39107,2,GX,1,100,0.702
1877131.000,39124,3,GX,1,100,0.702
1877171.000,39124,3,GX,1,100,0.702
1877211.000,39124,3,GX,1,100,0.671
1877250.667,39141,3,GX,1,100,0.671
1877290.333,39141,3,GX,1,100,0.702
1877330.000,39141,3,GX,1,100,0.732
1877370.000,39163,4,GX,1,100,0.732
1877410.000,39163,4,GX,1,100,0.702
1877450.000,39163,4,GX,1,100,0.732
1877490.000,39163,4,GX,1,100,0.732
1877530.000,39179,3,GX,1,100,0.702
1877570.000,39179,3,GX,1,100,0.732
1877610.000,39179,3,GX,1,100,0.732
1877650.000,39197,3,GX,1,100,0.702
1877690.000,39197,3,GX,1,100,0.702
1877730.000,39197,3,GX,1,100,0.702
1877770.500,39213,2,GX,1,100,0.732
1877811.000,39213,2,GX,1,100,0.702
1877851.000,39228,3,GX,1,100,0.732
1877891.000,39228,3,GX,1,100,0.702
1877931.000,39228,3,GX,1,100,0.732
1877971.000,39245,2,GX,1,100,0.763
1878011.000,39245,2,GX,1,100,0.763
1878051.000,39262,3,GX,1,100,0.732
1878091.000,39262,3,GX,1,100,0.732
1878131.000,39262,3,GX,1,100,0.671
1878170.500,39278,2,GX,1,100,0.702
1878210.000,39278,2,GX,1,100,0.793
1878250.000,39294,3,GX,1,100,0.732
1878290.000,39294,3,GX,1,100,0.702
1878330.000,39294,3,GX,1,100,0.763
1878370.000,39310,3,GX,1,100,0.763
1878410.000,39310,3,GX,1,100,0.732
1878450.000,39310,3,GX,1,100,0.702
1878490.000,39327,2,GX,1,100,0.732
1878530.000,39327,2,GX,1,100,0.763
1878570.000,39344,3,GX,1,100,0.763
1878610.000,39344,3,GX,1,100,0.763
1878650.000,39344,3,GX,1,100,0.763
1878690.000,39359,2,GX,1,100,0.793
1878730.000,39359,2,GX,1,100,0.793
1878770.000,39375,3,GX,1,100,0.763
1878810.000,39375,3,GX,1,100,0.763
1878850.000,39375,3,GX,1,100,0.732
1878890.000,39392,2,GX,1,100,0.702
1878930.000,39392,2,GX,1,100,0.763
1878970.000,39409,3,GX,1,100,0.732
1879010.000,39409,3,GX,1,100,0.732
1879050.000,39409,3,GX,1,100,0.732
1879090.000,39424,2,GX,1,100,0.732
1879130.000,39424,2,GX,1,100,0.732
1879170.000,39440,3,GX,1,100,0.702
1879210.000,39440,3,GX,1,100,0.732
1879250.000,39440,3,GX,1,100,0.732
1879290.000,39458,2,GX,1,100,0.732
1879330.000,39458,2,GX,1,100,0.763
1879370.000,39474,3,GX,1,100,0.763
1879410.000,39474,3,GX,1,100,0.793
1879450.000,39474,3,GX,1,100,0.763
1879490.000,39490,2,GX,1,100,0.763
1879530.000,39490,2,GX,1,100,0.702
1879570.000,39506,3,GX,1,100,0.732
1879610.000,39506,3,GX,1,100,0.763
1879650.000,39506,3,GX,1,100,0.732
1879690.000,39523,2,GX,1,100,0.732
1879730.000,39523,2,GX,1,100,0.732
1879770.000,39539,3,GX,1,100,0.732
1879810.000,39539,3,GX,1,100,0.763
1879850.000,39539,3,GX,1,100,0.702
1879890.000,39557,3,GX,1,100,0.763
1879930.000,39557,3,GX,1,100,0.763
1879970.000,39557,3,GX,1,100,0.732
1880010.000,39571,2,GX,1,100,0.793
1880050.000,39571,2,GX,1,100,0.732
1880090.000,39588,3,GX,1,100,0.732
1880130.000,39588,3,GX,1,100,0.732
1880170.000,39588,3,GX,1,100,0.702
1880210.000,39604,3,GX,1,100,0.763
1880250.000,39604,3,GX,1,100,0.763
1880290.000,39604,3,GX,1,100,0.732
1880330.000,39622,2,GX,1,100,0.732
1880370.000,39622,2,GX,1,100,0.702
1880410.000,39636,3,GX,1,100,0.732
1880450.000,39636,3,GX,1,100,0.702
1880490.000,39636,3,GX,1,100,0.702
1880530.000,39653,2,GX,1,100,0.732
1880570.000,39653,2,GX,1,100,0.763
1880610.000,39670,3,GX,1,100,0.732
1880650.000,39670,3,GX,1,100,0.763
1880690.000,39670,3,GX,1,100,0.732
1880730.000,39687,2,GX,1,100,0.763
1880770.000,39687,2,GX,1,100,0.793
1880810.000,39702,3,GX,1,100,0.732
1880850.000,39702,3,GX,1,100,0.702
1880890.000,39702,3,GX,1,100,0.702
1880930.000,39719,2,GX,1,100,0.702
1880970.000,39719,2,GX,1,100,0.732
1881010.000,39735,3,GX,1,100,0.763
1881050.000,39735,3,GX,1,100,0.763
1881090.000,39735,3,GX,1,100,0.763
1881130.000,39752,2,GX,1,100,0.763
1881170.000,39752,2,GX,1,100,0.763
1881210.000,39769,3,GX,1,100,0.763
1881250.000,39769,3,GX,1,100,0.763
1881290.000,39769,3,GX,1,100,0.702
1881330.500,39786,2,GX,1,100,0.702
1881371.000,39786,2,GX,1,100,0.763
1881410.667,39802,3,GX,1,100,0.763
1881450.333,39802,3,GX,1,100,0.763
1881490.000,39802,3,GX,1,100,0.702
1881530.333,39819,3,GX,1,100,0.641
1881570.667,39819,3,GX,1,100,0.763
1881611.000,39819,3,GX,1,100,0.793
1881651.000,39836,2,GX,1,100,0.763
1881691.000,39836,2,GX,1,100,0.763
1881731.000,39851,3,GX,1,100,0.671
1881771.000,39851,3,GX,1,100,0.732
1881811.000,39851,3,GX,1,100,0.763
1881851.000,39867,2,GX,1,100,0.732
1881891.000,39867,2,GX,1,100,0.732
1881931.000,39885,5,GX,1,100,0.763
1881971.000,39885,5,GX,1,100,0.763
1882011.000,39885,5,GX,1,100,0.702
1882051.000,39885,5,GX,1,100,0.763
1882091.000,39885,5,GX,1,100,0.763
1882131.000,39901,4,GX,1,100,0.763
1882171.000,39901,4,GX,1,100,0.732
1882211.000,39901,4,GX,1,100,0.732
1882251.000,39901,4,GX,1,100,0.763
1882291.000,39919,5,GX,1,100,0.763
1882331.000,39919,5,GX,1,100,0.732
1882371.000,39919,5,GX,1,100,0.763
1882411.000,39919,5,GX,1,100,0.732
1882451.000,39919,5,GX,1,100,0.732
1882491.000,39942,6,GX,1,100,0.732
1882531.000,39942,6,GX,1,100,0.732
1882571.000,39942,6,GX,1,100,0.732
1882611.000,39942,6,GX,1,100,0.702
1882651.000,39942,6,GX,1,100,0.702
1882691.000,39942,6,GX,1,100,0.732
1882731.000,39958,3,GX,1,100,0.732
1882771.000,39958,3,GX,1,100,0.732
1882811.000,39958,3,GX,1,100,0.732
1882851.000,39975,2,GX,1,100,0.732
1882891.000,39975,2,GX,1,100,0.732
1882931.000,39990,3,GX,1,100,0.732
1882971.000,39990,3,GX,1,100,0.763
1883011.000,39990,3,GX,1,100,0.671
1883051.000,40007,2,GX,1,100,0.732
1883091.000,40007,2,GX,1,100,0.732
1883131.000,40023,3,GX,1,100,0.763
1883171.000,40023,3,GX,1,100,0.732
1883211.000,40023,3,GX,1,100,0.702
1883251.000,40041,2,GX,1,100,0.702
1883291.000,40041,2,GX,1,100,0.763
1883331.000,40056,3,GX,1,100,0.702
1883371.000,40056,3,GX,1,100,0.763
1883411.000,40056,3,GX,1,100,0.763
1883451.000,40072,3,GX,1,100,0.732
1883491.000,40072,3,GX,1,100,0.763
1883531.000,40072,3,GX,1,100,0.763
1883571.000,40088,2,GX,1,100,0.702
1883611.000,40088,2,GX,1,100,0.763
1883651.000,40106,3,GX,1,100,0.732
1883691.000,40106,3,GX,1,100,0.702
1883731.000,40106,3,GX,1,100,0.732
1883771.000,40122,2,GX,1,100,0.732
1883811.000,40122,2,GX,1,100,0.763
1883851.000,40137,3,GX,1,100,0.732
1883891.000,40137,3,GX,1,100,0.763
1883931.000,40137,3,GX,1,100,0.763
1883971.000,40154,2,GX,1,100,0.763
1884011.000,40154,2,GX,1,100,0.732
1884051.000,40171,3,GX,1,100,0.732
1884091.000,40171,3,GX,1,100,0.732
1884131.000,40171,3,GX,1,100,0.763
1884171.000,40187,2,GX,1,100,0.763
1884211.000,40187,2,GX,1,100,0.763
1884251.000,40203,3,GX,1,100,0.732
1884291.000,40203,3,GX,1,100,0.763
1884331.000,40203,3,GX,1,100,0.732
1884371.000,40219,2,GX,1,100,0.763
1884411.000,40219,2,GX,1,100,0.732
1884450.667,40236,3,GX,1,100,0.732
1884490.333,40236,3,GX,1,100,0.702
1884530.000,40236,3,GX,1,100,0.702
1884570.500,40253,2,GX,1,100,0.763
1884611.000,40253,2,GX,1,100,0.732
1884650.667,40268,3,GX,1,100,0.732
1884690.333,40268,3,GX,1,100,0.732
1884730.000,40268,3,GX,1,100,0.732
1884770.000,40284,3,GX,1,100,0.702
1884810.000,40284,3,GX,1,100,0.702
1884850.000,40284,3,GX,1,100,0.732
1884890.000,40301,2,GX,1,100,0.763
1884930.000,40301,2,GX,1,100,0.732
1884970.000,40318,3,GX,1,100,0.732
1885010.000,40318,3,GX,1,100,0.702
1885050.000,40318,3,GX,1,100,0.793
1885090.000,40333,2,GX,1,100,0.763
1885130.000,40333,2,GX,1,100,0.732
1885170.000,40349,3,GX,1,100,0.732
1885210.000,40349,3,GX,1,100,0.793
1885250.000,40349,3,GX,1,100,0.732
1885290.000,40367,2,GX,1,100,0.732
1885330.000,40367,2,GX,1,100,0.732
1885370.000,40383,3,GX,1,100,0.702
1885410.000,40383,3,GX,1,100,0.763
1885450.000,40383,3,GX,1,100,0.732
1885490.000,40399,2,GX,1,100,0.732
1885530.000,40399,2,GX,1,100,0.732
1885570.000,40415,3,GX,1,100,0.763
1885610.000,40415,3,GX,1,100,0.763
1885650.000,40415,3,GX,1,100,0.763
1885690.000,40432,2,GX,1,100,0.732
1885730.000,40432,2,GX,1,100,0.763
1885770.000,40448,3,GX,1,100,0.824
1885810.000,40448,3,GX,1,100,0.763
1885850.000,40448,3,GX,1,100,0.793
1885890.000,40464,2,GX,1,100,0.793
1885930.000,40464,2,GX,1,100,0.732
1885970.000,40480,3,GX,1,100,0.793
1886010.000,40480,3,GX,1,100,0.702
1886050.000,40480,3,GX,1,100,0.702
1886090.000,40497,3,GX,1,100,0.763
1886130.000,40497,3,GX,1,100,0.763
1886170.000,40497,3,GX,1,100,0.763
1886210.000,40513,2,GX,1,100,0.763
1886250.000,40513,2,GX,1,100,0.763
1886290.000,40533,3,GX,1,100,0.732
1886330.000,40533,3,GX,1,100,0.702
1886370.000,40533,3,GX,1,100,0.702
1886410.000,40547,2,GX,1,100,0.763
1886450.000,40547,2,GX,1,100,0.732
1886490.000,40564,3,GX,1,100,0.702
1886530.000,40564,3,GX,1,100,0.763
1886570.000,40564,3,GX,1,100,0.671
1886610.000,40581,2,GX,1,100,0.793
1886650.000,40581,2,GX,1,100,0.671
1886690.000,40598,3,GX,1,100,0.702
1886730.000,40598,3,GX,1,100,0.763
1886770.000,40598,3,GX,1,100,0.763
1886810.000,40612,2,GX,1,100,0.702
1886850.000,40612,2,GX,1,100,0.763
1886890.000,40630,3,GX,1,100,0.793
1886930.000,40630,3,GX,1,100,0.732
1886970.000,40630,3,GX,1,100,0.702
1887010.000,40646,2,GX,1,100,0.763
1887050.000,40646,2,GX,1,100,0.793
1887090.000,40663,3,GX,1,100,0.763
1887130.000,40663,3,GX,1,100,0.732
1887170.000,40663,3,GX,1,100,0.763
1887210.000,40677,2,GX,1,100,0.793
1887250.000,40677,2,GX,1,100,0.763
1887290.000,40695,3,GX,1,100,0.671
1887330.000,40695,3,GX,1,100,0.732
1887370.000,40695,3,GX,1,100,0.793
1887410.000,40711,3,GX,1,100,0.763
1887450.000,40711,3,GX,1,100,0.702
1887490.000,40711,3,GX,1,100,0.702
1887530.000,40728,2,GX,1,100,0.763
1887570.000,40728,2,GX,1,100,0.732
1887610.000,40743,3,GX,1,100,0.732
1887650.000,40743,3,GX,1,100,0.763
1887690.000,40743,3,GX,1,100,0.763
1887730.000,40764,3,GX,1,100,0.732
1887770.000,40764,3,GX,1,100,0.702
1887810.000,40764,3,GX,1,100,0.702
1887850.000,40778,3,GX,1,100,0.732
1887890.000,40778,3,GX,1,100,0.732
1887930.000,40778,3,GX,1,100,0.732
1887970.000,40796,2,GX,1,100,0.763
1888010.000,40796,2,GX,1,100,0.763
1888050.000,40812,3,GX,1,100,0.732
1888090.000,40812,3,GX,1,100,0.732
1888130.000,40812,3,GX,1,100,0.732
1888170.000,40829,3,GX,1,100,0.763
1888210.000,40829,3,GX,1,100,0.732
1888250.000,40829,3,GX,1,100,0.702
1888290.000,40844,2,GX,1,100,0.763
1888330.000,40844,2,GX,1,100,0.763
1888370.000,40861,3,GX,1,100,0.732
1888410.000,40861,3,GX,1,100,0.702
1888450.000,40861,3,GX,1,100,0.763
1888490.000,40877,2,GX,1,100,0.763
1888530.000,40877,2,GX,1,100,0.732
1888570.000,40895,3,GX,1,100,0.732
1888610.000,40895,3,GX,1,100,0.763
1888650.000,40895,3,GX,1,100,0.763
1888696.500,40909,2,GX,1,100,0.763
1888743.000,40909,2,GX,1,100,0.732
1888778.667,40926,3,GX,1,100,0.732
1888814.333,40926,3,GX,1,100,0.702
1888850.000,40926,3,GX,1,100,0.732
1888896.500,40942,2,GX,1,100,0.763
1888943.000,40942,2,GX,1,100,0.732
1888983.000,40960,3,GX,1,100,0.732
1889023.000,40960,3,GX,1,100,0.763
1889063.000,40960,3,GX,1,100,0.763
1889103.000,40975,2,GX,1,100,0.702
1889143.000,40975,2,GX,1,100,0.702
1889183.000,40991,3,GX,1,100,0.763
1889223.000,40991,3,GX,1,100,0.763
1889263.000,40991,3,GX,1,100,0.732
1889303.000,41008,2,GX,1,100,0.702
1889343.000,41008,2,GX,1,100,0.732
1889383.000,41025,3,GX,1,100,0.732
1889423.000,41025,3,GX,1,100,0.763
1889463.000,41025,3,GX,1,100,0.732
1889503.000,41040,2,GX,1,100,0.671
1889543.000,41040,2,GX,1,100,0.793
1889583.000,41057,3,GX,1,100,0.793
1889623.000,41057,3,GX,1,100,0.763
1889663.000,41057,3,GX,1,100,0.793
1889703.000,41073,2,GX,1,100,0.702
1889743.000,41073,2,GX,1,100,0.763
1889783.000,41090,3,GX,1,100,0.763
1889823.000,41090,3,GX,1,100,0.732
1889863.000,41090,3,GX,1,100,0.793
1889903.000,41107,2,GX,1,100,0.793
1889943.000,41107,2,GX,1,100,0.793
1889983.000,41122,3,GX,1,100,0.732
1890023.000,41122,3,GX,1,100,0.671
1890063.000,41122,3,GX,1,100,0.763
1890103.000,41138,2,GX,1,100,0.763
1890143.000,41138,2,GX,1,100,0.732
1890183.000,41155,3,GX,1,100,0.763
1890223.000,41155,3,GX,1,100,0.824
1890263.000,41155,3,GX,1,100,0.763
1890302.500,41172,2,GX,1,100,0.732
1890342.000,41172,2,GX,1,100,0.732
1890382.333,41187,3,GX,1,100,0.763
1890422.667,41187,3,GX,1,100,0.732
1890463.000,41187,3,GX,1,100,0.763
1890503.000,41203,3,GX,1,100,0.732
1890543.000,41203,3,GX,1,100,0.763
1890583.000,41203,3,GX,1,100,0.732
1890623.000,41221,2,GX,1,100,0.732
1890663.000,41221,2,GX,1,100,0.732
1890703.000,41237,3,GX,1,100,0.793
1890743.000,41237,3,GX,1,100,0.793
1890783.000,41237,3,GX,1,100,0.763
1890823.000,41252,2,GX,1,100,0.763
1890863.000,41252,2,GX,1,100,0.732
1890902.667,41269,3,GX,1,100,0.732
1890942.333,41269,3,GX,1,100,0.702
1890982.000,41269,3,GX,1,100,0.732
1891022.000,41286,2,GX,1,100,0.763
1891062.000,41286,2,GX,1,100,0.732
1891102.000,41302,3,GX,1,100,0.763
1891142.000,41302,3,GX,1,100,0.763
1891182.000,41302,3,GX,1,100,0.763
1891222.500,41317,2,GX,1,100,0.763
1891263.000,41317,2,GX,1,100,0.732
1891303.000,41336,3,GX,1,100,0.793
1891343.000,41336,3,GX,1,100,0.763
1891383.000,41336,3,GX,1,100,0.763
1891423.000,41353,2,GX,1,100,0.793
1891463.000,41353,2,GX,1,100,0.732
1891502.667,41369,3,GX,1,100,0.732
1891542.333,41369,3,GX,1,100,0.793
1891582.000,41369,3,GX,1,100,0.732
1891622.000,41386,2,GX,1,100,0.732
1891662.000,41386,2,GX,1,100,0.763
1891702.000,41401,3,GX,1,100,0.763
1891742.000,41401,3,GX,1,100,0.763
1891782.000,41401,3,GX,1,100,0.732
1891822.000,41418,3,GX,1,100,0.763
1891862.000,41418,3,GX,1,100,0.702
1891902.000,41418,3,GX,1,100,0.732
1891942.500,41435,2,GX,1,100,0.763
1891983.000,41435,2,GX,1,100,0.732
1892022.667,41452,3,GX,1,100,0.732
1892062.333,41452,3,GX,1,100,0.702
1892102.000,41452,3,GX,1,100,0.702
1892142.000,41466,2,GX,1,100,0.763
1892182.000,41466,2,GX,1,100,0.763
1892222.000,41484,3,GX,1,100,0.702
1892262.000,41484,3,GX,1,100,0.702
1892302.000,41484,3,GX,1,100,0.763
1892342.000,41500,2,GX,1,100,0.732
1892382.000,41500,2,GX,1,100,0.702
1892422.000,41517,3,GX,1,100,0.732
1892462.000,41517,3,GX,1,100,0.732
1892502.000,41517,3,GX,1,100,0.763
1892542.000,41531,2,GX,1,100,0.763
1892582.000,41531,2,GX,1,100,0.732
1892622.000,41549,3,GX,1,100,0.763
1892662.000,41549,3,GX,1,100,0.763
1892702.000,41549,3,GX,1,100,0.702
1892742.000,41565,2,GX,1,100,0.732
1892782.000,41565,2,GX,1,100,0.732
1892822.000,41588,4,GX,1,100,0.732
1892862.000,41588,4,GX,1,100,0.702
1892902.000,41588,4,GX,1,100,0.732
1892942.000,41588,4,GX,1,100,0.763
1892982.000,41605,3,GX,1,100,0.763
1893022.000,41605,3,GX,1,100,0.732
1893062.000,41605,3,GX,1,100,0.732
1893102.000,41621,2,GX,1,100,0.793
1893142.000,41621,2,GX,1,100,0.793
1893182.000,41636,3,GX,1,100,0.763
1893222.000,41636,3,GX,1,100,0.732
1893262.000,41636,3,GX,1,100,0.732
1893302.000,41654,2,GX,1,100,0.763
1893342.000,41654,2,GX,1,100,0.763
1893382.000,41670,3,GX,1,100,0.732
1893422.000,41670,3,GX,1,100,0.763
1893462.000,41670,3,GX,1,100,0.671
1893502.000,41686,2,GX,1,100,0.763
1893542.000,41686,2,GX,1,100,0.763
1893582.000,41702,3,GX,1,100,0.793
1893622.000,41702,3,GX,1,100,0.793
1893662.000,41702,3,GX,1,100,0.763
1893702.000,41719,2,GX,1,100,0.763
1893742.000,41719,2,GX,1,100,0.763
1893782.000,41735,3,GX,1,100,0.763
1893822.000,41735,3,GX,1,100,0.824
1893862.000,41735,3,GX,1,100,0.793
1893902.000,41753,2,GX,1,100,0.732
1893942.000,41753,2,GX,1,100,0.763
1893982.000,41767,3,GX,1,100,0.763
1894022.000,41767,3,GX,1,100,0.732
1894062.000,41767,3,GX,1,100,0.732
1894102.000,41784,2,GX,1,100,0.763
1894142.000,41784,2,GX,1,100,0.763
1894182.000,41800,3,GX,1,100,0.763
1894222.000,41800,3,GX,1,100,0.763
1894262.000,41800,3,GX,1,100,0.732
1894302.000,41818,2,GX,1,100,0.732
1894342.000,41818,2,GX,1,100,0.793
1894382.000,41832,3,GX,1,100,0.763
1894422.000,41832,3,GX,1,100,0.732
1894462.000,41832,3,GX,1,100,0.763
1894502.000,41849,3,GX,1,100,0.732
1894542.000,41849,3,GX,1,100,0.732
1894582.000,41849,3,GX,1,100,0.732
1894622.000,41866,2,GX,1,100,0.763
1894662.000,41866,2,GX,1,100,0.732
1894702.000,41883,3,GX,1,100,0.732
1894742.000,41883,3,GX,1,100,0.763
1894782.000,41883,3,GX,1,100,0.732
1894822.000,41897,2,GX,1,100,0.763
1894862.000,41897,2,GX,1,100,0.793
1894902.000,41915,3,GX,1,100,0.793
1894942.000,41915,3,GX,1,100,0.732
1894982.000,41915,3,GX,1,100,0.732
1895022.000,41931,2,GX,1,100,0.793
1895062.000,41931,2,GX,1,100,0.763
1895102.000,41948,3,GX,1,100,0.732
1895142.000,41948,3,GX,1,100,0.702
1895182.000,41948,3,GX,1,100,0.732
1895222.000,41962,2,GX,1,100,0.732
1895262.000,41962,2,GX,1,100,0.763
1895302.000,41980,3,GX,1,100,0.763
1895342.000,41980,3,GX,1,100,0.763
1895382.000,41980,3,GX,1,100,0.793
1895422.000,41996,2,GX,1,100,0.763
1895462.000,41996,2,GX,1,100,0.732
1895502.000,42013,3,GX,1,100,0.702
1895542.000,42013,3,GX,1,100,0.732
1895582.000,42013,3,GX,1,100,0.793
1895622.000,42029,2,GX,1,100,0.763
1895662.000,42029,2,GX,1,100,0.793
1895702.000,42045,3,GX,1,100,0.732
1895742.000,42045,3,GX,1,100,0.732
1895782.000,42045,3,GX,1,100,0.732
1895822.000,42061,2,GX,1,100,0.793
1895862.000,42061,2,GX,1,100,0.763
1895902.000,42079,3,GX,1,100,0.763
1895942.000,42079,3,GX,1,100,0.763
1895982.000,42079,3,GX,1,100,0.702
1896022.000,42095,3,GX,1,100,0.732
1896062.000,42095,3,GX,1,100,0.763
1896102.000,42095,3,GX,1,100,0.763
1896142.000,42110,2,GX,1,100,0.763
1896182.000,42110,2,GX,1,100,0.732
1896222.000,42127,3,GX,1,100,0.732
1896262.000,42127,3,GX,1,100,0.702
1896302.000,42127,3,GX,1,100,0.732
1896342.000,42146,2,GX,1,100,0.824
1896382.000,42146,2,GX,1,100,0.763
1896422.000,42162,3,GX,1,100,0.732
1896462.000,42162,3,GX,1,100,0.732
1896502.000,42162,3,GX,1,100,0.793
1896542.000,42177,2,GX,1,100,0.793
1896582.000,42177,2,GX,1,100,0.702
1896622.000,42194,3,GX,1,100,0.732
1896662.000,42194,3,GX,1,100,0.763
1896702.000,42194,3,GX,1,100,0.793
1896742.000,42211,2,GX,1,100,0.763
1896782.000,42211,2,GX,1,100,0.763
1896822.000,42227,3,GX,1,100,0.732
1896862.000,42227,3,GX,1,100,0.732
1896902.000,42227,3,GX,1,100,0.732
1896942.000,42243,2,GX,1,100,0.793
1896982.000,42243,2,GX,1,100,0.702
1897022.000,42259,3,GX,1,100,0.763
1897062.000,42259,3,GX,1,100,0.793
1897102.000,42259,3,GX,1,100,0.763
1897142.000,42276,2,GX,1,100,0.763
1897182.000,42276,2,GX,1,100,0.732
1897222.000,42293,3,GX,1,100,0.732
1897262.000,42293,3,GX,1,100,0.702
1897302.000,42293,3,GX,1,100,0.732
1897342.000,42308,2,GX,1,100,0.763
1897382.000,42308,2,GX,1,100,0.732
1897422.000,42324,3,GX,1,100,0.763
1897462.000,42324,3,GX,1,100,0.732
1897502.000,42324,3,GX,1,100,0.732
1897542.000,42341,3,GX,1,100,0.763
1897582.000,42341,3,GX,1,100,0.732
1897622.000,42341,3,GX,1,100,0.732
1897662.000,42358,2,GX,1,100,0.763
1897702.000,42358,2,GX,1,100,0.732
1897742.000,42374,3,GX,1,100,0.732
1897782.000,42374,3,GX,1,100,0.732
1897822.000,42374,3,GX,1,100,0.732
1897862.000,42389,2,GX,1,100,0.763
1897902.000,42389,2,GX,1,100,0.732
1897942.000,42412,4,GX,1,100,0.763
1897982.000,42412,4,GX,1,100,0.732
1898022.000,42412,4,GX,1,100,0.702
1898062.000,42412,4,GX,1,100,0.732
1898102.000,42428,2,GX,1,100,0.763
1898142.000,42428,2,GX,1,100,0.763
1898182.000,42445,3,GX,1,100,0.732
1898222.000,42445,3,GX,1,100,0.763
1898262.000,42445,3,GX,1,100,0.763
1898302.000,42462,2,GX,1,100,0.732
1898342.000,42462,2,GX,1,100,0.732
1898382.000,42477,3,GX,1,100,0.763
1898422.000,42477,3,GX,1,100,0.732
1898462.000,42477,3,GX,1,100,0.793
1898502.000,42493,3,GX,1,100,0.763
1898542.000,42493,3,GX,1,100,0.763
1898582.000,42493,3,GX,1,100,0.763
1898622.000,42511,2,GX,1,100,0.732
1898662.000,42511,2,GX,1,100,0.702
1898702.000,42527,3,GX,1,100,0.702
1898742.000,42527,3,GX,1,100,0.702
1898782.000,42527,3,GX,1,100,0.702
1898822.000,42542,2,GX,1,100,0.763
1898862.000,42542,2,GX,1,100,0.824
1898902.000,42559,3,GX,1,100,0.793
1898942.000,42559,3,GX,1,100,0.763
1898982.000,42559,3,GX,1,100,0.732
1899022.000,42576,2,GX,1,100,0.702
1899062.000,42576,2,GX,1,100,0.732
1899102.000,42592,3,GX,1,100,0.702
1899142.000,42592,3,GX,1,100,0.732
1899182.000,42592,3,GX,1,100,0.732
1899222.000,42607,2,GX,1,100,0.702
1899262.000,42607,2,GX,1,100,0.702
1899302.000,42624,3,GX,1,100,0.763
1899342.000,42624,3,GX,1,100,0.763
1899382.000,42624,3,GX,1,100,0.763
1899422.000,42641,2,GX,1,100,0.763
1899462.000,42641,2,GX,1,100,0.732
1899502.000,42657,3,GX,1,100,0.763
1899542.000,42657,3,GX,1,100,0.763
1899582.000,42657,3,GX,1,100,0.763
1899622.000,42674,2,GX,1,100,0.763
1899662.000,42674,2,GX,1,100,0.763
1899702.000,42689,3,GX,1,100,0.702
1899742.000,42689,3,GX,1,100,0.763
1899782.000,42689,3,GX,1,100,0.793
1899822.000,42706,2,GX,1,100,0.763
1899862.000,42706,2,GX,1,100,0.732
1899902.000,42723,3,GX,1,100,0.763
1899942.000,42723,3,GX,1,100,0.732
1899982.000,42723,3,GX,1,100,0.793
1900022.000,42739,2,GX,1,100,0.732
1900062.000,42739,2,GX,1,100,0.732
1900102.000,42754,3,GX,1,100,0.763
1900142.000,42754,3,GX,1,100,0.793
1900182.000,42754,3,GX,1,100,0.763
1900222.000,42772,3,GX,1,100,0.702
1900262.000,42772,3,GX,1,100,0.732
1900302.000,42772,3,GX,1,100,0.824
1900342.000,42788,2,GX,1,100,0.763
1900382.000,42788,2,GX,1,100,0.763
1900422.000,42805,3,GX,1,100,0.793
1900462.000,42805,3,GX,1,100,0.793
1900502.000,42805,3,GX,1,100,0.732
1900542.000,42819,2,GX,1,100,0.732
1900582.000,42819,2,GX,1,100,0.763
1900622.000,42837,3,GX,1,100,0.763
1900662.000,42837,3,GX,1,100,0.793
1900702.000,42837,3,GX,1,100,0.763
1900741.500,42853,2,GX,1,100,0.732
1900781.000,42853,2,GX,1,100,0.824
1900821.333,42870,3,GX,1,100,0.732
1900861.667,42870,3,GX,1,100,0.732
1900902.000,42870,3,GX,1,100,0.793
1900942.000,42885,2,GX,1,100,0.763
1900982.000,42885,2,GX,1,100,0.763
1901022.000,42902,3,GX,1,100,0.732
1901062.000,42902,3,GX,1,100,0.702
1901102.000,42902,3,GX,1,100,0.763
1901141.500,42918,2,GX,1,100,0.793
1901181.000,42918,2,GX,1,100,0.763
1901221.333,42936,3,GX,1,100,0.732
1901261.667,42936,3,GX,1,100,0.763
1901302.000,42936,3,GX,1,100,0.763
1901342.000,42952,2,GX,1,100,0.732
1901382.000,42952,2,GX,1,100,0.763
1901422.000,42969,3,GX,1,100,0.732
1901462.000,42969,3,GX,1,100,0.763
1901502.000,42969,3,GX,1,100,0.763
1901542.000,42985,3,GX,1,100,0.763
1901582.000,42985,3,GX,1,100,0.763
1901622.000,42985,3,GX,1,100,0.763
1901662.000,43003,2,GX,1,100,0.763
1901702.000,43003,2,GX,1,100,0.793
1901741.667,43017,3,GX,1,100,0.763
1901781.333,43017,3,GX,1,100,0.793
1901821.000,43017,3,GX,1,100,0.732
1901861.000,43034,2,GX,1,100,0.732
1901901.000,43034,2,GX,1,100,0.763
1901941.000,43051,3,GX,1,100,0.763
1901981.000,43051,3,GX,1,100,0.763
1902021.000,43051,3,GX,1,100,0.763
1902061.500,43068,2,GX,1,100,0.763
1902102.000,43068,2,GX,1,100,0.732
1902141.800,43086,5,GX,1,100,0.702
1902181.600,43086,5,GX,1,100,0.763
1902221.400,43086,5,GX,1,100,0.732
1902261.200,43086,5,GX,1,100,0.763
1902301.000,43086,5,GX,1,100,0.732
1902341.000,43102,2,GX,1,100,0.763
1902381.000,43102,2,GX,1,100,0.793
1902421.000,43119,3,GX,1,100,0.793
1902461.000,43119,3,GX,1,100,0.763
1902501.000,43119,3,GX,1,100,0.732
1902541.000,43133,2,GX,1,100,0.763
1902581.000,43133,2,GX,1,100,0.793
1902621.000,43151,3,GX,1,100,0.732
1902661.000,43151,3,GX,1,100,0.732
1902701.000,43151,3,GX,1,100,0.793
1902741.000,43167,3,GX,1,100,0.793
1902781.000,43167,3,GX,1,100,0.763
1902821.000,43167,3,GX,1,100,0.763
1902861.000,43184,2,GX,1,100,0.763
1902901.000,43184,2,GX,1,100,0.763
1902941.000,43199,3,GX,1,100,0.763
1902981.000,43199,3,GX,1,100,0.763
1903021.000,43199,3,GX,1,100,0.793
1903061.000,43221,4,GX,1,100,0.793
1903101.000,43221,4,GX,1,100,0.763
1903141.000,43221,4,GX,1,100,0.732
1903181.000,43221,4,GX,1,100,0.763
1903221.000,43235,2,GX,1,100,0.732
1903261.000,43235,2,GX,1,100,0.702
1903301.000,43253,3,GX,1,100,0.732
1903341.000,43253,3,GX,1,100,0.763
1903381.000,43253,3,GX,1,100,0.702
1903421.000,43269,2,GX,1,100,0.732
1903461.000,43269,2,GX,1,100,0.732
1903501.000,43286,3,GX,1,100,0.763
1903541.000,43286,3,GX,1,100,0.793
1903581.000,43286,3,GX,1,100,0.763
1903621.000,43301,2,GX,1,100,0.732
1903661.000,43301,2,GX,1,100,0.732
1903701.000,43318,3,GX,1,100,0.732
1903741.000,43318,3,GX,1,100,0.732
1903781.000,43318,3,GX,1,100,0.763
1903821.000,43334,2,GX,1,100,0.793
1903861.000,43334,2,GX,1,100,0.763
1903901.000,43352,3,GX,1,100,0.763
1903941.000,43352,3,GX,1,100,0.732
1903981.000,43352,3,GX,1,100,0.732
1904021.000,43367,2,GX,1,100,0.793
1904061.000,43367,2,GX,1,100,0.732
1904101.000,43383,3,GX,1,100,0.732
1904141.000,43383,3,GX,1,100,0.793
1904181.000,43383,3,GX,1,100,0.763
1904221.000,43399,2,GX,1,100,0.793
1904261.000,43399,2,GX,1,100,0.732
1904301.000,43417,3,GX,1,100,0.793
1904341.000,43417,3,GX,1,100,0.793
1904381.000,43417,3,GX,1,100,0.793
1904421.000,43433,3,GX,1,100,0.763
1904461.000,43433,3,GX,1,100,0.824
1904501.000,43433,3,GX,1,100,0.763
1904541.000,43451,3,GX,1,100,0.763
1904581.000,43451,3,GX,1,100,0.702
1904621.000,43451,3,GX,1,100,0.763
1904661.000,43465,2,GX,1,100,0.793
1904701.000,43465,2,GX,1,100,0.763
1904741.000,43482,3,GX,1,100,0.732
1904781.000,43482,3,GX,1,100,0.793
1904821.000,43482,3,GX,1,100,0.763
1904861.000,43498,2,GX,1,100,0.732
1904901.000,43498,2,GX,1,100,0.732
1904941.000,43516,3,GX,1,100,0.732
1904981.000,43516,3,GX,1,100,0.824
1905021.000,43516,3,GX,1,100,0.793
1905061.000,43530,3,GX,1,100,0.732
1905101.000,43530,3,GX,1,100,0.702
1905141.000,43530,3,GX,1,100,0.824
1905181.000,43547,2,GX,1,100,0.793
1905221.000,43547,2,GX,1,100,0.793
1905261.000,43564,3,GX,1,100,0.763
1905301.000,43564,3,GX,1,100,0.732
1905341.000,43564,3,GX,1,100,0.793
1905381.000,43581,2,GX,1,100,0.793
1905421.000,43581,2,GX,1,100,0.763
1905461.000,43595,3,GX,1,100,0.763
1905501.000,43595,3,GX,1,100,0.732
1905541.000,43595,3,GX,1,100,0.732
1905581.000,43613,2,GX,1,100,0.732
1905621.000,43613,2,GX,1,100,0.732
1905661.000,43629,3,GX,1,100,0.732
1905701.000,43629,3,GX,1,100,0.763
1905741.000,43629,3,GX,1,100,0.763
1905781.000,43646,2,GX,1,100,0.732
1905821.000,43646,2,GX,1,100,0.763
1905861.000,43660,3,GX,1,100,0.763
1905901.000,43660,3,GX,1,100,0.763
1905941.000,43660,3,GX,1,100,0.732
1905981.000,43678,2,GX,1,100,0.702
1906021.000,43678,2,GX,1,100,0.793
1906061.000,43694,3,GX,1,100,0.824
1906101.000,43694,3,GX,1,100,0.763
1906141.000,43694,3,GX,1,100,0.763
1906181.000,43711,2,GX,1,100,0.763
1906221.000,43711,2,GX,1,100,0.732
1906261.000,43726,3,GX,1,100,0.824
1906301.000,43726,3,GX,1,100,0.732
1906341.000,43726,3,GX,1,100,0.702
1906381.000,43745,3,GX,1,100,0.793
1906421.000,43745,3,GX,1,100,0.763
1906461.000,43745,3,GX,1,100,0.732
1906501.000,43761,2,GX,1,100,0.732
1906541.000,43761,2,GX,1,100,0.793
1906581.000,43779,3,GX,1,100,0.763
1906621.000,43779,3,GX,1,100,0.763
1906661.000,43779,3,GX,1,100,0.702
1906701.000,43794,2,GX,1,100,0.732
1906741.000,43794,2,GX,1,100,0.763
1906781.000,43810,3,GX,1,100,0.763
1906821.000,43810,3,GX,1,100,0.732
1906861.000,43810,3,GX,1,100,0.763
1906901.000,43827,3,GX,1,100,0.763
1906941.000,43827,3,GX,1,100,0.763
1906981.000,43827,3,GX,1,100,0.763
1907021.000,43844,2,GX,1,100,0.732
1907061.000,43844,2,GX,1,100,0.732
1907101.000,43860,3,GX,1,100,0.763
1907141.000,43860,3,GX,1,100,0.763
1907181.000,43860,3,GX,1,100,0.793
1907221.000,43876,2,GX,1,100,0.793
1907261.000,43876,2,GX,1,100,0.732
1907301.000,43892,3,GX,1,100,0.702
1907341.000,43892,3,GX,1,100,0.763
1907381.000,43892,3,GX,1,100,0.732
1907421.000,43909,2,GX,1,100,0.732
1907461.000,43909,2,GX,1,100,0.732
1907501.000,43925,3,GX,1,100,0.732
1907541.000,43925,3,GX,1,100,0.763
1907581.000,43925,3,GX,1,100,0.763
1907621.000,43942,2,GX,1,100,0.763
1907661.000,43942,2,GX,1,100,0.702
1907701.000,43957,3,GX,1,100,0.702
1907741.000,43957,3,GX,1,100,0.702
1907781.000,43957,3,GX,1,100,0.732
1907821.000,43974,3,GX,1,100,0.763
1907861.000,43974,3,GX,1,100,0.732
1907901.000,43974,3,GX,1,100,0.702
1907941.000,43991,2,GX,1,100,0.732
1907981.000,43991,2,GX,1,100,0.793
1908021.000,44008,3,GX,1,100,0.763
1908061.000,44008,3,GX,1,100,0.763
1908101.000,44008,3,GX,1,100,0.793
1908141.000,44029,4,GX,1,100,0.732
1908181.000,44029,4,GX,1,100,0.732
1908221.000,44029,4,GX,1,100,0.793
1908261.000,44029,4,GX,1,100,0.732
1908301.000,44047,3,GX,1,100,0.732
1908341.000,44047,3,GX,1,100,0.732
1908381.000,44047,3,GX,1,100,0.732
1908421.000,44061,2,GX,1,100,0.763
1908461.000,44061,2,GX,1,100,0.732
1908501.000,44078,3,GX,1,100,0.793
1908541.000,44078,3,GX,1,100,0.793
1908581.000,44078,3,GX,1,100,0.763
1908621.000,44095,2,GX,1,100,0.732
1908661.000,44095,2,GX,1,100,0.793
1908701.000,44112,3,GX,1,100,0.732
1908741.000,44112,3,GX,1,100,0.732
1908781.000,44112,3,GX,1,100,0.763
1908821.000,44127,2,GX,1,100,0.763
1908861.000,44127,2,GX,1,100,0.732
1908901.000,44144,3,GX,1,100,0.763
1908941.000,44144,3,GX,1,100,0.763
1908981.000,44144,3,GX,1,100,0.732
1909021.000,44160,3,GX,1,100,0.763
1909061.000,44160,3,GX,1,100,0.763
1909101.000,44160,3,GX,1,100,0.763
1909141.000,44177,2,GX,1,100,0.763
1909181.000,44177,2,GX,1,100,0.732
1909221.000,44194,3,GX,1,100,0.732
1909261.000,44194,3,GX,1,100,0.732
1909301.000,44194,3,GX,1,100,0.732
1909341.000,44209,2,GX,1,100,0.702
1909381.000,44209,2,GX,1,100,0.732
1909421.000,44225,3,GX,1,100,0.793
1909461.000,44225,3,GX,1,100,0.763
1909501.000,44225,3,GX,1,100,0.702
1909541.000,44242,3,GX,1,100,0.732
1909581.000,44242,3,GX,1,100,0.763
1909621.000,44242,3,GX,1,100,0.763
1909661.000,44259,2,GX,1,100,0.732
1909701.000,44259,2,GX,1,100,0.732
1909741.000,44274,3,GX,1,100,0.763
1909781.000,44274,3,GX,1,100,0.732
1909821.000,44274,3,GX,1,100,0.732
1909861.000,44290,2,GX,1,100,0.763
1909901.000,44290,2,GX,1,100,0.763
1909941.000,44308,3,GX,1,100,0.793
1909981.000,44308,3,GX,1,100,0.732
1910021.000,44308,3,GX,1,100,0.702
1910061.000,44324,2,GX,1,100,0.763
1910101.000,44324,2,GX,1,100,0.763
1910140.667,44340,3,GX,1,100,0.763
1910180.333,44340,3,GX,1,100,0.732
1910220.000,44340,3,GX,1,100,0.732
1910260.500,44356,2,GX,1,100,0.793
1910301.000,44356,2,GX,1,100,0.763
1910340.667,44373,3,GX,1,100,0.732
1910380.333,44373,3,GX,1,100,0.732
1910420.000,44373,3,GX,1,100,0.763
1910460.500,44389,2,GX,1,100,0.763
1910501.000,44389,2,GX,1,100,0.702
1910541.000,44405,3,GX,1,100,0.702
1910581.000,44405,3,GX,1,100,0.702
1910621.000,44405,3,GX,1,100,0.763
1910661.000,44421,2,GX,1,100,0.793
1910701.000,44421,2,GX,1,100,0.763
1910741.000,44438,3,GX,1,100,0.732
1910781.000,44438,3,GX,1,100,0.732
1910821.000,44438,3,GX,1,100,0.763
1910860.500,44454,2,GX,1,100,0.793
1910900.000,44454,2,GX,1,100,0.702
1910940.000,44472,3,GX,1,100,0.763
1910980.000,44472,3,GX,1,100,0.763
1911020.000,44472,3,GX,1,100,0.732
1911060.500,44486,2,GX,1,100,0.732
1911101.000,44486,2,GX,1,100,0.763
1911141.000,44503,3,GX,1,100,0.732
1911181.000,44503,3,GX,1,100,0.763
1911221.000,44503,3,GX,1,100,0.732
1911260.667,44521,3,GX,1,100,0.732
1911300.333,44521,3,GX,1,100,0.763
1911340.000,44521,3,GX,1,100,0.763
1911380.333,44539,3,GX,1,100,0.732
1911420.667,44539,3,GX,1,100,0.763
1911461.000,44539,3,GX,1,100,0.763
1911500.500,44556,2,GX,1,100,0.763
1911540.000,44556,2,GX,1,100,0.732
1911580.000,44571,3,GX,1,100,0.763
1911620.000,44571,3,GX,1,100,0.763
1911660.000,44571,3,GX,1,100,0.763
1911700.000,44588,3,GX,1,100,0.793
1911740.000,44588,3,GX,1,100,0.793
1911780.000,44588,3,GX,1,100,0.763
1911820.000,44604,2,GX,1,100,0.763
1911860.000,44604,2,GX,1,100,0.824
1911900.000,44622,3,GX,1,100,0.763
1911940.000,44622,3,GX,1,100,0.732
1911980.000,44622,3,GX,1,100,0.763
1912020.500,44636,2,GX,1,100,0.732
1912061.000,44636,2,GX,1,100,0.732
1912100.667,44653,3,GX,1,100,0.732
1912140.333,44653,3,GX,1,100,0.702
1912180.000,44653,3,GX,1,100,0.732
1912220.000,44669,2,GX,1,100,0.793
1912260.000,44669,2,GX,1,100,0.763
1912300.000,44687,3,GX,1,100,0.763
1912340.000,44687,3,GX,1,100,0.763
1912380.000,44687,3,GX,1,100,0.732
1912420.000,44701,2,GX,1,100,0.763
1912460.000,44701,2,GX,1,100,0.793
1912500.000,44718,3,GX,1,100,0.732
1912540.000,44718,3,GX,1,100,0.732
1912580.000,44718,3,GX,1,100,0.763
1912620.500,44735,2,GX,1,100,0.732
1912661.000,44735,2,GX,1,100,0.763
1912701.000,44752,3,GX,1,100,0.732
1912741.000,44752,3,GX,1,100,0.793
1912781.000,44752,3,GX,1,100,0.793
1912821.000,44767,2,GX,1,100,0.793
1912861.000,44767,2,GX,1,100,0.763
1912901.000,44784,3,GX,1,100,0.702
1912941.000,44784,3,GX,1,100,0.763
1912981.000,44784,3,GX,1,100,0.732
1913021.000,44800,3,GX,1,100,0.732
1913061.000,44800,3,GX,1,100,0.763
1913101.000,44800,3,GX,1,100,0.763
1913141.000,44817,2,GX,1,100,0.763
1913181.000,44817,2,GX,1,100,0.763
1913221.000,44838,5,GX,1,100,0.763
1913261.000,44838,5,GX,1,100,0.763
1913301.000,44838,5,GX,1,100,0.763
1913341.000,44838,5,GX,1,100,0.763
1913381.000,44838,5,GX,1,100,0.702
1913421.000,44854,3,GX,1,100,0.763
1913461.000,44854,3,GX,1,100,0.793
1913501.000,44854,3,GX,1,100,0.763
