EmotiBitTimestamp,PacketNumber,DataLength,TypeTag,ProtocolVersion,DataReliability,GZ
1839561.000,33091,1,GZ,1,100,0.397
1839601.000,33106,2,GZ,1,100,0.885
1839641.000,33106,2,GZ,1,100,-0.244
1839681.000,33123,3,GZ,1,100,0.214
1839721.000,33123,3,GZ,1,100,-0.885
1839761.000,33123,3,GZ,1,100,-0.824
1839801.000,33141,3,GZ,1,100,0.702
1839841.000,33141,3,GZ,1,100,0.214
1839881.000,33141,3,GZ,1,100,-0.336
1839921.000,33159,2,GZ,1,100,0.610
1839961.000,33159,2,GZ,1,100,0.061
1840001.000,33173,3,GZ,1,100,-0.092
1840041.000,33173,3,GZ,1,100,-0.061
1840081.000,33173,3,GZ,1,100,0.031
1840121.000,33190,2,GZ,1,100,-0.427
1840161.000,33190,2,GZ,1,100,-0.397
1840201.000,33206,3,GZ,1,100,-1.404
1840241.000,33206,3,GZ,1,100,-0.061
1840281.000,33206,3,GZ,1,100,0.916
1840321.000,33224,2,GZ,1,100,-0.427
1840361.000,33224,2,GZ,1,100,0.366
1840401.000,33238,3,GZ,1,100,0.854
1840441.000,33238,3,GZ,1,100,-1.770
1840481.000,33238,3,GZ,1,100,-1.495
1840521.000,33255,2,GZ,1,100,0.214
1840561.000,33255,2,GZ,1,100,-0.092
1840601.000,33272,3,GZ,1,100,0.793
1840641.000,33272,3,GZ,1,100,0.000
1840681.000,33272,3,GZ,1,100,0.793
1840721.000,33289,2,GZ,1,100,0.488
1840761.000,33289,2,GZ,1,100,-0.305
1840801.000,33303,3,GZ,1,100,1.160
1840841.000,33303,3,GZ,1,100,0.244
1840881.000,33303,3,GZ,1,100,0.122
1840921.000,33321,2,GZ,1,100,0.336
1840961.000,33321,2,GZ,1,100,0.641
1841001.000,33339,3,GZ,1,100,-0.061
1841041.000,33339,3,GZ,1,100,0.305
1841081.000,33339,3,GZ,1,100,0.397
1841121.000,33356,3,GZ,1,100,0.641
1841161.000,33356,3,GZ,1,100,0.946
1841201.000,33356,3,GZ,1,100,-0.397
1841241.000,33373,2,GZ,1,100,0.122
1841281.000,33373,2,GZ,1,100,1.007
1841321.000,33390,3,GZ,1,100,0.305
1841361.000,33390,3,GZ,1,100,0.122
1841401.000,33390,3,GZ,1,100,1.434
1841441.000,33406,2,GZ,1,100,0.732
1841481.000,33406,2,GZ,1,100,0.305
1841521.000,33429,5,GZ,1,100,0.458
1841561.000,33429,5,GZ,1,100,0.763
1841601.000,33429,5,GZ,1,100,0.702
1841641.000,33429,5,GZ,1,100,0.732
1841681.000,33429,5,GZ,1,100,0.305
1841721.000,33445,2,GZ,1,100,-0.244
1841761.000,33445,2,GZ,1,100,1.434
1841801.000,33462,3,GZ,1,100,-0.061
1841841.000,33462,3,GZ,1,100,1.251
1841881.000,33462,3,GZ,1,100,0.336
1841921.000,33479,2,GZ,1,100,0.305
1841961.000,33479,2,GZ,1,100,0.671
1842001.000,33494,3,GZ,1,100,0.366
1842041.000,33494,3,GZ,1,100,0.854
1842081.000,33494,3,GZ,1,100,0.885
1842121.000,33510,2,GZ,1,100,0.000
1842161.000,33510,2,GZ,1,100,0.885
1842201.000,33527,3,GZ,1,100,0.519
1842241.000,33527,3,GZ,1,100,0.061
1842281.000,33527,3,GZ,1,100,0.793
1842321.000,33544,2,GZ,1,100,0.031
1842361.000,33544,2,GZ,1,100,0.183
1842401.000,33559,3,GZ,1,100,0.305
1842441.000,33559,3,GZ,1,100,-0.092
1842481.000,33559,3,GZ,1,100,0.336
1842521.000,33577,2,GZ,1,100,0.122
1842561.000,33577,2,GZ,1,100,0.916
1842601.000,33595,3,GZ,1,100,1.434
1842641.000,33595,3,GZ,1,100,0.427
1842681.000,33595,3,GZ,1,100,0.336
1842721.000,33611,3,GZ,1,100,0.275
1842761.000,33611,3,GZ,1,100,0.854
1842801.000,33611,3,GZ,1,100,-0.031
1842841.000,33627,2,GZ,1,100,0.153
1842881.000,33627,2,GZ,1,100,1.678
1842921.000,33643,3,GZ,1,100,0.488
1842961.000,33643,3,GZ,1,100,-0.336
1843001.000,33643,3,GZ,1,100,0.458
1843041.000,33660,2,GZ,1,100,0.183
1843081.000,33660,2,GZ,1,100,0.702
1843121.000,33676,3,GZ,1,100,0.092
1843161.000,33676,3,GZ,1,100,0.244
1843201.000,33676,3,GZ,1,100,0.397
1843241.000,33694,2,GZ,1,100,0.885
1843281.000,33694,2,GZ,1,100,0.427
1843321.000,33708,3,GZ,1,100,0.275
1843361.000,33708,3,GZ,1,100,0.519
1843401.000,33708,3,GZ,1,100,0.366
1843441.000,33725,2,GZ,1,100,0.824
1843481.000,33725,2,GZ,1,100,0.702
1843521.000,33741,3,GZ,1,100,-0.305
1843561.000,33741,3,GZ,1,100,0.488
1843601.000,33741,3,GZ,1,100,0.244
1843640.500,33759,2,GZ,1,100,0.977
1843680.000,33759,2,GZ,1,100,0.122
1843720.000,33773,3,GZ,1,100,0.366
1843760.000,33773,3,GZ,1,100,0.885
1843800.000,33773,3,GZ,1,100,-0.488
1843840.333,33790,3,GZ,1,100,0.549
1843880.667,33790,3,GZ,1,100,1.129
1843921.000,33790,3,GZ,1,100,0.641
1843961.000,33807,2,GZ,1,100,0.610
1844001.000,33807,2,GZ,1,100,0.244
1844041.000,33824,3,GZ,1,100,0.214
1844081.000,33824,3,GZ,1,100,0.946
1844121.000,33824,3,GZ,1,100,0.183
1844161.000,33838,2,GZ,1,100,0.397
1844201.000,33838,2,GZ,1,100,1.465
1844241.000,33858,2,GZ,1,100,0.549
1844281.000,33858,2,GZ,1,100,-0.122
1844325.333,33874,3,GZ,1,100,-0.153
1844369.667,33874,3,GZ,1,100,0.946
1844414.000,33874,3,GZ,1,100,0.549
1844454.000,33893,2,GZ,1,100,-0.671
1844494.000,33893,2,GZ,1,100,0.488
1844534.000,33907,3,GZ,1,100,1.038
1844574.000,33907,3,GZ,1,100,0.580
1844614.000,33907,3,GZ,1,100,1.068
1844654.000,33925,2,GZ,1,100,-0.122
1844694.000,33925,2,GZ,1,100,0.671
1844734.000,33941,3,GZ,1,100,1.465
1844774.000,33941,3,GZ,1,100,0.031
1844814.000,33941,3,GZ,1,100,0.092
1844854.000,33958,3,GZ,1,100,0.671
1844894.000,33958,3,GZ,1,100,0.061
1844934.000,33958,3,GZ,1,100,0.854
1844974.000,33974,2,GZ,1,100,-0.061
1845014.000,33974,2,GZ,1,100,-0.732
1845054.000,33990,3,GZ,1,100,1.007
1845094.000,33990,3,GZ,1,100,0.549
1845134.000,33990,3,GZ,1,100,0.397
1845174.000,34008,2,GZ,1,100,2.197
1845214.000,34008,2,GZ,1,100,0.610
1845254.000,34026,3,GZ,1,100,0.000
1845294.000,34026,3,GZ,1,100,-0.458
1845334.000,34026,3,GZ,1,100,1.038
1845374.000,34042,2,GZ,1,100,0.580
1845414.000,34042,2,GZ,1,100,0.092
1845454.000,34057,3,GZ,1,100,1.129
1845494.000,34057,3,GZ,1,100,0.488
1845534.000,34057,3,GZ,1,100,-0.732
1845574.000,34074,2,GZ,1,100,0.977
1845614.000,34074,2,GZ,1,100,0.824
1845654.000,34091,3,GZ,1,100,-0.488
1845694.000,34091,3,GZ,1,100,0.702
1845734.000,34091,3,GZ,1,100,1.312
1845774.000,34107,2,GZ,1,100,-0.610
1845814.000,34107,2,GZ,1,100,0.519
1845854.000,34122,3,GZ,1,100,0.366
1845894.000,34122,3,GZ,1,100,0.732
1845934.000,34122,3,GZ,1,100,0.732
1845974.000,34139,3,GZ,1,100,-0.214
1846014.000,34139,3,GZ,1,100,1.282
1846054.000,34139,3,GZ,1,100,0.549
1846094.000,34158,2,GZ,1,100,0.244
1846134.000,34158,2,GZ,1,100,0.946
1846174.000,34174,3,GZ,1,100,0.366
1846214.000,34174,3,GZ,1,100,1.068
1846254.000,34174,3,GZ,1,100,-0.885
1846294.000,34190,2,GZ,1,100,-3.357
1846334.000,34190,2,GZ,1,100,-3.937
1846369.667,34208,3,GZ,1,100,-0.397
1846405.333,34208,3,GZ,1,100,2.258
1846441.000,34208,3,GZ,1,100,2.808
1846481.000,34225,2,GZ,1,100,-1.251
1846521.000,34225,2,GZ,1,100,-1.648
1846561.000,34242,3,GZ,1,100,1.312
1846601.000,34242,3,GZ,1,100,0.580
1846641.000,34242,3,GZ,1,100,-2.533
1846685.000,34264,3,GZ,1,100,0.153
1846729.000,34264,3,GZ,1,100,-1.007
1846773.000,34264,3,GZ,1,100,-0.153
1846813.333,34280,3,GZ,1,100,-0.793
1846853.667,34280,3,GZ,1,100,-2.106
1846894.000,34280,3,GZ,1,100,-0.732
1846934.000,34298,2,GZ,1,100,-0.153
1846974.000,34298,2,GZ,1,100,2.594
1847013.667,34314,3,GZ,1,100,1.465
1847053.333,34314,3,GZ,1,100,1.495
1847093.000,34314,3,GZ,1,100,0.793
1847133.333,34331,3,GZ,1,100,-0.214
1847173.667,34331,3,GZ,1,100,0.824
1847214.000,34331,3,GZ,1,100,2.655
1847254.000,34348,2,GZ,1,100,1.068
1847294.000,34348,2,GZ,1,100,0.824
1847334.000,34363,3,GZ,1,100,1.862
1847374.000,34363,3,GZ,1,100,1.160
1847414.000,34363,3,GZ,1,100,0.000
1847454.000,34379,2,GZ,1,100,-0.031
1847494.000,34379,2,GZ,1,100,1.068
1847534.000,34396,3,GZ,1,100,1.587
1847574.000,34396,3,GZ,1,100,1.404
1847614.000,34396,3,GZ,1,100,0.793
1847653.500,34413,2,GZ,1,100,0.427
1847693.000,34413,2,GZ,1,100,0.580
1847733.333,34428,3,GZ,1,100,-0.885
1847773.667,34428,3,GZ,1,100,-3.326
1847814.000,34428,3,GZ,1,100,-3.601
1847854.000,34444,2,GZ,1,100,-3.754
1847894.000,34444,2,GZ,1,100,-3.754
1847933.667,34462,3,GZ,1,100,-2.625
1847973.333,34462,3,GZ,1,100,-10.620
1848013.000,34462,3,GZ,1,100,-32.623
1848053.500,34478,2,GZ,1,100,-32.318
1848094.000,34478,2,GZ,1,100,-19.653
1848134.000,34493,3,GZ,1,100,-16.907
1848174.000,34493,3,GZ,1,100,-14.496
1848214.000,34493,3,GZ,1,100,-1.892
1848253.667,34510,3,GZ,1,100,1.556
1848293.333,34510,3,GZ,1,100,-2.167
1848333.000,34510,3,GZ,1,100,-1.251
1848373.000,34527,2,GZ,1,100,2.319
1848413.000,34527,2,GZ,1,100,2.777
1848453.000,34543,3,GZ,1,100,-0.092
1848493.000,34543,3,GZ,1,100,1.678
1848533.000,34543,3,GZ,1,100,4.700
1848573.000,34559,2,GZ,1,100,5.585
1848613.000,34559,2,GZ,1,100,1.190
1848653.000,34575,3,GZ,1,100,3.357
1848693.000,34575,3,GZ,1,100,6.897
1848733.000,34575,3,GZ,1,100,4.883
1848773.000,34592,2,GZ,1,100,7.080
1848813.000,34592,2,GZ,1,100,10.040
1848853.000,34608,3,GZ,1,100,7.080
1848893.000,34608,3,GZ,1,100,0.732
1848933.000,34608,3,GZ,1,100,1.648
1848973.000,34626,2,GZ,1,100,1.282
1849013.000,34626,2,GZ,1,100,-4.547
1849053.000,34640,3,GZ,1,100,2.136
1849093.000,34640,3,GZ,1,100,6.561
1849133.000,34640,3,GZ,1,100,8.820
1849173.000,34657,2,GZ,1,100,-0.488
1849213.000,34657,2,GZ,1,100,-17.822
1849253.000,34674,3,GZ,1,100,27.252
1849293.000,34674,3,GZ,1,100,88.470
1849333.000,34674,3,GZ,1,100,111.725
1849373.000,34691,2,GZ,1,100,144.012
1849413.000,34691,2,GZ,1,100,149.933
1849453.000,34705,3,GZ,1,100,150.970
1849493.000,34705,3,GZ,1,100,105.194
1849533.000,34705,3,GZ,1,100,110.199
1849573.000,34723,3,GZ,1,100,37.231
1849613.000,34723,3,GZ,1,100,-19.775
1849653.000,34723,3,GZ,1,100,9.827
1849693.000,34739,2,GZ,1,100,16.449
1849733.000,34739,2,GZ,1,100,-3.723
1849773.000,34756,3,GZ,1,100,-9.308
1849813.000,34756,3,GZ,1,100,6.073
1849853.000,34756,3,GZ,1,100,-0.946
1849893.000,34770,2,GZ,1,100,-5.066
1849933.000,34770,2,GZ,1,100,-7.050
1849973.000,34788,3,GZ,1,100,5.798
1850013.000,34788,3,GZ,1,100,-1.343
1850053.000,34788,3,GZ,1,100,-4.608
1850093.000,34804,2,GZ,1,100,11.719
1850133.000,34804,2,GZ,1,100,25.146
1850173.000,34821,3,GZ,1,100,17.395
1850213.000,34821,3,GZ,1,100,15.167
1850253.000,34821,3,GZ,1,100,40.588
1850293.000,34836,2,GZ,1,100,40.375
1850333.000,34836,2,GZ,1,100,26.031
1850373.000,34853,3,GZ,1,100,22.461
1850413.000,34853,3,GZ,1,100,7.782
1850453.000,34853,3,GZ,1,100,-6.866
1850493.000,34869,2,GZ,1,100,7.019
1850533.000,34869,2,GZ,1,100,10.010
1850573.000,34887,3,GZ,1,100,-6.561
1850613.000,34887,3,GZ,1,100,-4.944
1850653.000,34887,3,GZ,1,100,17.578
1850693.000,34902,2,GZ,1,100,45.380
1850733.000,34902,2,GZ,1,100,19.928
1850773.000,34918,3,GZ,1,100,35.706
1850813.000,34918,3,GZ,1,100,117.310
1850853.000,34918,3,GZ,1,100,66.467
1850893.000,34935,3,GZ,1,100,13.031
1850933.000,34935,3,GZ,1,100,33.264
1850973.000,34935,3,GZ,1,100,108.063
1851013.000,34952,2,GZ,1,100,123.749
1851053.000,34952,2,GZ,1,100,80.597
1851093.000,34968,3,GZ,1,100,123.108
1851133.000,34968,3,GZ,1,100,142.242
1851173.000,34968,3,GZ,1,100,102.997
1851213.000,34983,2,GZ,1,100,32.776
1851253.000,34983,2,GZ,1,100,12.909
1851293.000,35002,3,GZ,1,100,-20.081
1851333.000,35002,3,GZ,1,100,-48.920
1851373.000,35002,3,GZ,1,100,-9.338
1851413.000,35019,2,GZ,1,100,-45.563
1851453.000,35019,2,GZ,1,100,-56.915
1851493.000,35035,3,GZ,1,100,-46.967
1851533.000,35035,3,GZ,1,100,-74.371
1851573.000,35035,3,GZ,1,100,-49.133
1851613.000,35051,2,GZ,1,100,-40.405
1851653.000,35051,2,GZ,1,100,-56.488
1851693.000,35067,3,GZ,1,100,3.479
1851733.000,35067,3,GZ,1,100,-13.611
1851773.000,35067,3,GZ,1,100,-57.526
1851813.000,35089,4,GZ,1,100,-60.791
1851853.000,35089,4,GZ,1,100,-31.708
1851893.000,35089,4,GZ,1,100,70.740
1851933.000,35089,4,GZ,1,100,58.624
1851973.000,35106,2,GZ,1,100,58.167
1852013.000,35106,2,GZ,1,100,56.458
1852053.000,35123,3,GZ,1,100,53.375
1852093.000,35123,3,GZ,1,100,76.965
1852133.000,35123,3,GZ,1,100,84.564
1852173.000,35138,2,GZ,1,100,54.687
1852213.000,35138,2,GZ,1,100,22.675
1852253.000,35155,3,GZ,1,100,1.129
1852293.000,35155,3,GZ,1,100,10.345
1852333.000,35155,3,GZ,1,100,3.876
1852373.000,35171,2,GZ,1,100,-17.944
1852413.000,35171,2,GZ,1,100,-2.533
1852453.000,35188,3,GZ,1,100,22.949
1852493.000,35188,3,GZ,1,100,4.089
1852533.000,35188,3,GZ,1,100,-1.862
1852573.000,35205,2,GZ,1,100,16.052
1852613.000,35205,2,GZ,1,100,8.789
1852653.000,35220,3,GZ,1,100,15.076
1852693.000,35220,3,GZ,1,100,15.747
1852733.000,35220,3,GZ,1,100,5.585
1852773.000,35236,2,GZ,1,100,-14.465
1852813.000,35236,2,GZ,1,100,-30.121
1852853.000,35253,3,GZ,1,100,7.446
1852893.000,35253,3,GZ,1,100,3.235
1852933.000,35253,3,GZ,1,100,0.244
1852973.000,35270,2,GZ,1,100,0.885
1853013.000,35270,2,GZ,1,100,0.946
1853053.000,35285,3,GZ,1,100,-5.890
1853093.000,35285,3,GZ,1,100,-14.069
1853133.000,35285,3,GZ,1,100,0.366
1853173.000,35301,3,GZ,1,100,-6.287
1853213.000,35301,3,GZ,1,100,2.380
1853253.000,35301,3,GZ,1,100,45.959
1853293.000,35319,2,GZ,1,100,123.871
1853333.000,35319,2,GZ,1,100,117.981
1853373.000,35335,3,GZ,1,100,93.475
1853413.000,35335,3,GZ,1,100,82.672
1853453.000,35335,3,GZ,1,100,84.381
1853493.000,35350,2,GZ,1,100,57.404
1853533.000,35350,2,GZ,1,100,33.234
1853573.000,35367,3,GZ,1,100,3.693
1853613.000,35367,3,GZ,1,100,1.282
1853653.000,35367,3,GZ,1,100,4.761
1853693.000,35384,2,GZ,1,100,-1.038
1853733.000,35384,2,GZ,1,100,-3.052
1853773.000,35400,3,GZ,1,100,0.824
1853813.000,35400,3,GZ,1,100,3.296
1853853.000,35400,3,GZ,1,100,1.251
1853893.000,35415,2,GZ,1,100,-0.397
1853933.000,35415,2,GZ,1,100,-1.709
1853973.000,35432,3,GZ,1,100,-0.427
1854013.000,35432,3,GZ,1,100,2.289
1854053.000,35432,3,GZ,1,100,0.488
1854093.000,35449,2,GZ,1,100,-1.099
1854133.000,35449,2,GZ,1,100,0.885
1854173.000,35465,3,GZ,1,100,0.549
1854213.000,35465,3,GZ,1,100,0.122
1854253.000,35465,3,GZ,1,100,0.427
1854293.000,35482,2,GZ,1,100,0.397
1854333.000,35482,2,GZ,1,100,0.366
1854373.000,35497,3,GZ,1,100,0.427
1854413.000,35497,3,GZ,1,100,-34.302
1854453.000,35497,3,GZ,1,100,-92.133
1854493.000,35514,2,GZ,1,100,71.564
1854533.000,35514,2,GZ,1,100,34.332
1854573.000,35531,3,GZ,1,100,-71.259
1854613.000,35531,3,GZ,1,100,13.947
1854653.000,35531,3,GZ,1,100,25.085
1854693.000,35548,3,GZ,1,100,49.683
1854733.000,35548,3,GZ,1,100,106.018
1854773.000,35548,3,GZ,1,100,-4.822
1854813.000,35562,2,GZ,1,100,-11.108
1854853.000,35562,2,GZ,1,100,-36.316
1854893.000,35580,3,GZ,1,100,-23.193
1854933.000,35580,3,GZ,1,100,-27.344
1854973.000,35580,3,GZ,1,100,-60.211
1855013.000,35596,2,GZ,1,100,-26.917
1855053.000,35596,2,GZ,1,100,4.517
1855093.000,35613,3,GZ,1,100,4.364
1855133.000,35613,3,GZ,1,100,18.188
1855173.000,35613,3,GZ,1,100,22.003
1855213.000,35627,2,GZ,1,100,0.092
1855253.000,35627,2,GZ,1,100,-0.824
1855293.000,35645,3,GZ,1,100,1.251
1855333.000,35645,3,GZ,1,100,0.397
1855373.000,35645,3,GZ,1,100,0.397
1855413.000,35661,2,GZ,1,100,0.488
1855453.000,35661,2,GZ,1,100,0.427
1855493.000,35678,3,GZ,1,100,0.427
1855533.000,35678,3,GZ,1,100,0.397
1855573.000,35678,3,GZ,1,100,0.427
1855613.000,35693,2,GZ,1,100,0.427
1855653.000,35693,2,GZ,1,100,0.519
1855693.000,35710,3,GZ,1,100,0.519
1855733.000,35710,3,GZ,1,100,0.366
1855773.000,35710,3,GZ,1,100,0.397
1855813.000,35726,2,GZ,1,100,0.458
1855853.000,35726,2,GZ,1,100,0.397
1855893.000,35744,3,GZ,1,100,0.458
1855933.000,35744,3,GZ,1,100,0.427
1855973.000,35744,3,GZ,1,100,0.427
1856013.000,35758,3,GZ,1,100,0.458
1856053.000,35758,3,GZ,1,100,0.397
1856093.000,35758,3,GZ,1,100,0.458
1856133.000,35775,2,GZ,1,100,0.488
1856173.000,35775,2,GZ,1,100,0.397
1856213.000,35791,3,GZ,1,100,0.397
1856253.000,35791,3,GZ,1,100,0.458
1856293.000,35791,3,GZ,1,100,0.336
1856333.000,35811,2,GZ,1,100,0.336
1856373.000,35811,2,GZ,1,100,0.458
1856413.000,35826,3,GZ,1,100,0.336
1856453.000,35826,3,GZ,1,100,0.397
1856493.000,35826,3,GZ,1,100,0.427
1856533.000,35842,2,GZ,1,100,0.397
1856573.000,35842,2,GZ,1,100,0.427
1856613.000,35859,3,GZ,1,100,0.397
1856653.000,35859,3,GZ,1,100,0.366
1856693.000,35859,3,GZ,1,100,0.458
1856733.000,35876,2,GZ,1,100,0.488
1856773.000,35876,2,GZ,1,100,0.397
1856813.000,35892,3,GZ,1,100,0.366
1856853.000,35892,3,GZ,1,100,0.488
1856893.000,35892,3,GZ,1,100,0.397
1856933.000,35915,4,GZ,1,100,0.366
1856973.000,35915,4,GZ,1,100,0.397
1857013.000,35915,4,GZ,1,100,0.427
1857053.000,35915,4,GZ,1,100,0.458
1857093.000,35929,2,GZ,1,100,0.458
1857133.000,35929,2,GZ,1,100,0.366
1857173.000,35946,3,GZ,1,100,0.427
1857213.000,35946,3,GZ,1,100,0.397
1857253.000,35946,3,GZ,1,100,0.397
1857293.000,35963,2,GZ,1,100,0.397
1857333.000,35963,2,GZ,1,100,0.427
1857373.000,35980,3,GZ,1,100,0.458
1857413.000,35980,3,GZ,1,100,0.397
1857453.000,35980,3,GZ,1,100,0.397
1857492.500,35995,2,GZ,1,100,0.397
1857532.000,35995,2,GZ,1,100,0.458
1857572.000,36012,3,GZ,1,100,0.458
1857612.000,36012,3,GZ,1,100,0.397
1857652.000,36012,3,GZ,1,100,0.427
1857692.333,36028,3,GZ,1,100,0.458
1857732.667,36028,3,GZ,1,100,0.427
1857773.000,36028,3,GZ,1,100,0.397
1857812.500,36045,2,GZ,1,100,0.427
1857852.000,36045,2,GZ,1,100,0.397
1857892.000,36062,3,GZ,1,100,0.397
1857932.000,36062,3,GZ,1,100,0.458
1857972.000,36062,3,GZ,1,100,0.397
1858012.500,36077,2,GZ,1,100,0.458
1858053.000,36077,2,GZ,1,100,0.488
1858093.000,36093,3,GZ,1,100,0.427
1858133.000,36093,3,GZ,1,100,0.458
1858173.000,36093,3,GZ,1,100,0.397
1858213.000,36110,2,GZ,1,100,0.397
1858253.000,36110,2,GZ,1,100,0.458
1858292.667,36127,3,GZ,1,100,0.427
1858332.333,36127,3,GZ,1,100,0.397
1858372.000,36127,3,GZ,1,100,0.458
1858412.000,36142,2,GZ,1,100,0.366
1858452.000,36142,2,GZ,1,100,0.427
1858492.000,36158,3,GZ,1,100,0.458
1858532.000,36158,3,GZ,1,100,0.397
1858572.000,36158,3,GZ,1,100,0.366
1858612.000,36176,2,GZ,1,100,0.366
1858652.000,36176,2,GZ,1,100,0.397
1858692.000,36192,3,GZ,1,100,0.427
1858732.000,36192,3,GZ,1,100,0.397
1858772.000,36192,3,GZ,1,100,0.427
1858812.000,36207,2,GZ,1,100,0.427
1858852.000,36207,2,GZ,1,100,0.427
1858892.000,36224,3,GZ,1,100,0.427
1858932.000,36224,3,GZ,1,100,0.397
1858972.000,36224,3,GZ,1,100,0.427
1859012.000,36241,2,GZ,1,100,0.397
1859052.000,36241,2,GZ,1,100,0.366
1859092.000,36257,3,GZ,1,100,0.458
1859132.000,36257,3,GZ,1,100,0.397
1859172.000,36257,3,GZ,1,100,0.458
1859212.000,36272,3,GZ,1,100,0.427
1859252.000,36272,3,GZ,1,100,0.366
1859292.000,36272,3,GZ,1,100,0.458
1859332.000,36289,2,GZ,1,100,0.458
1859372.000,36289,2,GZ,1,100,0.397
1859412.000,36306,3,GZ,1,100,0.458
1859452.000,36306,3,GZ,1,100,0.427
1859492.000,36306,3,GZ,1,100,0.427
1859532.000,36322,2,GZ,1,100,0.427
1859572.000,36322,2,GZ,1,100,0.397
1859612.000,36339,3,GZ,1,100,0.458
1859652.000,36339,3,GZ,1,100,0.427
1859692.000,36339,3,GZ,1,100,0.366
1859732.000,36354,2,GZ,1,100,0.397
1859772.000,36354,2,GZ,1,100,0.427
1859812.000,36371,3,GZ,1,100,0.427
1859852.000,36371,3,GZ,1,100,0.427
1859892.000,36371,3,GZ,1,100,0.336
1859932.000,36388,2,GZ,1,100,0.397
1859972.000,36388,2,GZ,1,100,0.488
1860012.000,36405,3,GZ,1,100,0.397
1860052.000,36405,3,GZ,1,100,0.427
1860092.000,36405,3,GZ,1,100,0.397
1860132.000,36419,2,GZ,1,100,0.397
1860172.000,36419,2,GZ,1,100,0.458
1860212.000,36437,3,GZ,1,100,0.427
1860252.000,36437,3,GZ,1,100,0.397
1860292.000,36437,3,GZ,1,100,0.427
1860332.000,36453,3,GZ,1,100,0.458
1860372.000,36453,3,GZ,1,100,0.458
1860412.000,36453,3,GZ,1,100,0.427
1860452.000,36470,2,GZ,1,100,0.427
1860492.000,36470,2,GZ,1,100,0.458
1860532.000,36484,3,GZ,1,100,0.458
1860572.000,36484,3,GZ,1,100,0.366
1860612.000,36484,3,GZ,1,100,0.427
1860652.000,36502,2,GZ,1,100,0.458
1860692.000,36502,2,GZ,1,100,0.397
1860732.000,36518,3,GZ,1,100,0.366
1860772.000,36518,3,GZ,1,100,0.366
1860812.000,36518,3,GZ,1,100,0.366
1860852.000,36535,2,GZ,1,100,0.458
1860892.000,36535,2,GZ,1,100,0.427
1860932.000,36550,3,GZ,1,100,0.427
1860972.000,36550,3,GZ,1,100,0.458
1861012.000,36550,3,GZ,1,100,0.427
1861052.000,36567,2,GZ,1,100,0.397
1861092.000,36567,2,GZ,1,100,0.397
1861132.000,36583,3,GZ,1,100,0.427
1861172.000,36583,3,GZ,1,100,0.427
1861212.000,36583,3,GZ,1,100,0.427
1861252.000,36601,2,GZ,1,100,0.427
1861292.000,36601,2,GZ,1,100,0.458
1861332.000,36617,3,GZ,1,100,0.458
1861372.000,36617,3,GZ,1,100,0.427
1861412.000,36617,3,GZ,1,100,0.397
1861452.000,36634,2,GZ,1,100,0.427
1861492.000,36634,2,GZ,1,100,0.458
1861532.000,36650,3,GZ,1,100,0.427
1861572.000,36650,3,GZ,1,100,0.397
1861612.000,36650,3,GZ,1,100,0.397
1861652.000,36668,3,GZ,1,100,0.427
1861692.000,36668,3,GZ,1,100,0.427
1861732.000,36668,3,GZ,1,100,0.458
1861772.000,36683,2,GZ,1,100,0.458
1861812.000,36683,2,GZ,1,100,0.427
1861852.000,36699,3,GZ,1,100,0.427
1861892.000,36699,3,GZ,1,100,0.427
1861932.000,36699,3,GZ,1,100,0.397
1861972.000,36716,2,GZ,1,100,0.458
1862012.000,36716,2,GZ,1,100,0.427
1862052.000,36736,4,GZ,1,100,0.427
1862092.000,36736,4,GZ,1,100,0.458
1862132.000,36736,4,GZ,1,100,0.397
1862172.000,36736,4,GZ,1,100,0.427
1862212.000,36752,2,GZ,1,100,0.427
1862252.000,36752,2,GZ,1,100,0.458
1862292.000,36770,3,GZ,1,100,0.427
1862332.000,36770,3,GZ,1,100,0.366
1862372.000,36770,3,GZ,1,100,0.427
1862412.000,36784,2,GZ,1,100,0.458
1862452.000,36784,2,GZ,1,100,0.397
1862492.000,36801,3,GZ,1,100,0.427
1862532.000,36801,3,GZ,1,100,0.397
1862572.000,36801,3,GZ,1,100,0.427
1862612.000,36818,2,GZ,1,100,0.427
1862652.000,36818,2,GZ,1,100,0.397
1862692.000,36835,3,GZ,1,100,0.397
1862732.000,36835,3,GZ,1,100,0.458
1862772.000,36835,3,GZ,1,100,0.427
1862812.000,36849,2,GZ,1,100,0.366
1862852.000,36849,2,GZ,1,100,0.458
1862892.000,36867,3,GZ,1,100,0.458
1862932.000,36867,3,GZ,1,100,0.427
1862972.000,36867,3,GZ,1,100,0.427
1863012.000,36883,3,GZ,1,100,0.427
1863052.000,36883,3,GZ,1,100,0.458
1863092.000,36883,3,GZ,1,100,0.458
1863132.000,36900,2,GZ,1,100,0.427
1863172.000,36900,2,GZ,1,100,0.397
1863212.000,36914,3,GZ,1,100,0.397
1863252.000,36914,3,GZ,1,100,0.427
1863292.000,36914,3,GZ,1,100,0.458
1863332.000,36932,2,GZ,1,100,0.427
1863372.000,36932,2,GZ,1,100,0.397
1863412.000,36948,3,GZ,1,100,0.397
1863452.000,36948,3,GZ,1,100,0.397
1863492.000,36948,3,GZ,1,100,0.458
1863532.000,36965,2,GZ,1,100,0.427
1863572.000,36965,2,GZ,1,100,0.458
1863612.000,36981,3,GZ,1,100,0.427
1863652.000,36981,3,GZ,1,100,0.427
1863692.000,36981,3,GZ,1,100,0.427
1863732.000,36997,2,GZ,1,100,0.458
1863772.000,36997,2,GZ,1,100,0.458
1863812.000,37013,3,GZ,1,100,0.458
1863852.000,37013,3,GZ,1,100,0.427
1863892.000,37013,3,GZ,1,100,0.427
1863932.000,37031,2,GZ,1,100,0.427
1863972.000,37031,2,GZ,1,100,0.427
1864012.000,37047,3,GZ,1,100,0.397
1864052.000,37047,3,GZ,1,100,0.427
1864092.000,37047,3,GZ,1,100,0.427
1864132.000,37062,2,GZ,1,100,0.397
1864172.000,37062,2,GZ,1,100,0.427
1864212.000,37079,3,GZ,1,100,0.427
1864252.000,37079,3,GZ,1,100,0.366
1864292.000,37079,3,GZ,1,100,0.427
1864332.000,37096,3,GZ,1,100,0.458
1864372.000,37096,3,GZ,1,100,0.397
1864412.000,37096,3,GZ,1,100,0.488
1864452.000,37112,2,GZ,1,100,0.458
1864492.000,37112,2,GZ,1,100,0.397
1864532.000,37127,3,GZ,1,100,0.427
1864572.000,37127,3,GZ,1,100,0.397
1864612.000,37127,3,GZ,1,100,0.397
1864652.000,37144,2,GZ,1,100,0.458
1864692.000,37144,2,GZ,1,100,0.427
1864732.000,37161,3,GZ,1,100,0.458
1864772.000,37161,3,GZ,1,100,0.397
1864812.000,37161,3,GZ,1,100,0.427
1864852.000,37177,2,GZ,1,100,0.458
1864892.000,37177,2,GZ,1,100,0.397
1864932.000,37193,3,GZ,1,100,0.427
1864972.000,37193,3,GZ,1,100,0.397
1865012.000,37193,3,GZ,1,100,0.397
1865052.000,37209,2,GZ,1,100,0.427
1865092.000,37209,2,GZ,1,100,0.458
1865132.000,37226,3,GZ,1,100,0.427
1865172.000,37226,3,GZ,1,100,0.397
1865212.000,37226,3,GZ,1,100,0.366
1865252.000,37243,2,GZ,1,100,0.397
1865292.000,37243,2,GZ,1,100,0.427
1865332.000,37258,3,GZ,1,100,0.458
1865372.000,37258,3,GZ,1,100,0.397
1865412.000,37258,3,GZ,1,100,0.427
1865452.000,37274,3,GZ,1,100,0.427
1865492.000,37274,3,GZ,1,100,0.427
1865532.000,37274,3,GZ,1,100,0.458
1865572.000,37291,2,GZ,1,100,0.397
1865612.000,37291,2,GZ,1,100,0.397
1865652.000,37308,3,GZ,1,100,0.397
1865692.000,37308,3,GZ,1,100,0.427
1865732.000,37308,3,GZ,1,100,0.458
1865772.000,37324,2,GZ,1,100,0.427
1865812.000,37324,2,GZ,1,100,0.397
1865852.000,37339,3,GZ,1,100,0.458
1865892.000,37339,3,GZ,1,100,0.427
1865932.000,37339,3,GZ,1,100,0.397
1865972.000,37357,2,GZ,1,100,0.458
1866012.000,37357,2,GZ,1,100,0.427
1866052.000,37373,3,GZ,1,100,0.366
1866092.000,37373,3,GZ,1,100,0.397
1866132.000,37373,3,GZ,1,100,0.458
1866171.750,37391,4,GZ,1,100,0.488
1866211.500,37391,4,GZ,1,100,0.427
1866251.250,37391,4,GZ,1,100,0.366
1866291.000,37391,4,GZ,1,100,0.458
1866331.333,37409,3,GZ,1,100,0.458
1866371.667,37409,3,GZ,1,100,0.366
1866412.000,37409,3,GZ,1,100,0.488
1866452.000,37426,2,GZ,1,100,0.458
1866492.000,37426,2,GZ,1,100,0.427
1866532.000,37440,3,GZ,1,100,0.427
1866572.000,37440,3,GZ,1,100,0.427
1866612.000,37440,3,GZ,1,100,0.427
1866652.000,37458,2,GZ,1,100,0.427
1866692.000,37458,2,GZ,1,100,0.427
1866732.000,37474,3,GZ,1,100,0.427
1866772.000,37474,3,GZ,1,100,0.427
1866812.000,37474,3,GZ,1,100,0.458
1866852.000,37491,3,GZ,1,100,0.458
1866892.000,37491,3,GZ,1,100,0.397
1866932.000,37491,3,GZ,1,100,0.488
1866972.000,37507,2,GZ,1,100,0.397
1867012.000,37507,2,GZ,1,100,0.366
1867052.000,37523,3,GZ,1,100,0.427
1867092.000,37523,3,GZ,1,100,0.427
1867132.000,37523,3,GZ,1,100,0.427
1867171.750,37546,4,GZ,1,100,0.427
1867211.500,37546,4,GZ,1,100,0.458
1867251.250,37546,4,GZ,1,100,0.427
1867291.000,37546,4,GZ,1,100,0.397
1867331.000,37564,2,GZ,1,100,0.397
1867371.000,37564,2,GZ,1,100,0.458
1867411.000,37580,3,GZ,1,100,0.458
1867451.000,37580,3,GZ,1,100,0.397
1867491.000,37580,3,GZ,1,100,0.397
1867531.000,37597,2,GZ,1,100,0.427
1867571.000,37597,2,GZ,1,100,0.427
1867611.000,37613,3,GZ,1,100,0.427
1867651.000,37613,3,GZ,1,100,0.458
1867691.000,37613,3,GZ,1,100,0.397
1867731.000,37629,2,GZ,1,100,0.397
1867771.000,37629,2,GZ,1,100,0.397
1867811.333,37645,3,GZ,1,100,0.458
1867851.667,37645,3,GZ,1,100,0.458
1867892.000,37645,3,GZ,1,100,0.397
1867931.500,37663,2,GZ,1,100,0.427
1867971.000,37663,2,GZ,1,100,0.427
1868011.333,37678,3,GZ,1,100,0.427
1868051.667,37678,3,GZ,1,100,0.427
1868092.000,37678,3,GZ,1,100,0.397
1868131.500,37694,2,GZ,1,100,0.458
1868171.000,37694,2,GZ,1,100,0.397
1868211.000,37711,3,GZ,1,100,0.427
1868251.000,37711,3,GZ,1,100,0.458
1868291.000,37711,3,GZ,1,100,0.397
1868331.500,37728,2,GZ,1,100,0.427
1868372.000,37728,2,GZ,1,100,0.458
1868411.667,37744,3,GZ,1,100,0.397
1868451.333,37744,3,GZ,1,100,0.397
1868491.000,37744,3,GZ,1,100,0.397
1868531.000,37762,3,GZ,1,100,0.397
1868571.000,37762,3,GZ,1,100,0.458
1868611.000,37762,3,GZ,1,100,0.397
1868651.000,37776,3,GZ,1,100,0.427
1868691.000,37776,3,GZ,1,100,0.397
1868731.000,37776,3,GZ,1,100,0.366
1868771.000,37793,2,GZ,1,100,0.427
1868811.000,37793,2,GZ,1,100,0.427
1868851.000,37809,3,GZ,1,100,0.427
1868891.000,37809,3,GZ,1,100,0.427
1868931.000,37809,3,GZ,1,100,0.397
1868971.000,37827,2,GZ,1,100,0.397
1869011.000,37827,2,GZ,1,100,0.397
1869051.000,37841,3,GZ,1,100,0.397
1869091.000,37841,3,GZ,1,100,0.427
1869131.000,37841,3,GZ,1,100,0.427
1869171.000,37858,3,GZ,1,100,0.458
1869211.000,37858,3,GZ,1,100,0.427
1869251.000,37858,3,GZ,1,100,0.397
1869291.000,37875,2,GZ,1,100,0.458
1869331.000,37875,2,GZ,1,100,0.488
1869371.333,37892,3,GZ,1,100,0.427
1869411.667,37892,3,GZ,1,100,0.397
1869452.000,37892,3,GZ,1,100,0.397
1869491.500,37906,2,GZ,1,100,0.427
1869531.000,37906,2,GZ,1,100,0.458
1869571.000,37924,3,GZ,1,100,0.427
1869611.000,37924,3,GZ,1,100,0.427
1869651.000,37924,3,GZ,1,100,0.427
1869691.000,37940,2,GZ,1,100,0.397
1869731.000,37940,2,GZ,1,100,0.427
1869771.000,37957,3,GZ,1,100,0.427
1869811.000,37957,3,GZ,1,100,0.458
1869851.000,37957,3,GZ,1,100,0.427
1869891.000,37971,2,GZ,1,100,0.366
1869931.000,37971,2,GZ,1,100,0.397
1869971.000,37989,3,GZ,1,100,0.458
1870011.000,37989,3,GZ,1,100,0.427
1870051.000,37989,3,GZ,1,100,0.427
1870091.000,38005,2,GZ,1,100,0.397
1870131.000,38005,2,GZ,1,100,0.397
1870171.000,38022,3,GZ,1,100,0.488
1870211.000,38022,3,GZ,1,100,0.427
1870251.000,38022,3,GZ,1,100,0.366
1870291.000,38038,2,GZ,1,100,0.458
1870331.000,38038,2,GZ,1,100,0.397
1870371.000,38054,3,GZ,1,100,0.427
1870411.000,38054,3,GZ,1,100,0.427
1870451.000,38054,3,GZ,1,100,0.366
1870491.000,38070,2,GZ,1,100,0.458
1870531.000,38070,2,GZ,1,100,0.427
1870571.000,38088,3,GZ,1,100,0.397
1870611.000,38088,3,GZ,1,100,0.458
1870651.000,38088,3,GZ,1,100,0.427
1870691.000,38104,3,GZ,1,100,0.397
1870731.000,38104,3,GZ,1,100,0.427
1870771.000,38104,3,GZ,1,100,0.397
1870811.000,38119,3,GZ,1,100,0.427
1870851.000,38119,3,GZ,1,100,0.397
1870891.000,38119,3,GZ,1,100,0.397
1870931.000,38136,2,GZ,1,100,0.427
1870971.000,38136,2,GZ,1,100,0.397
1871011.000,38153,3,GZ,1,100,0.366
1871051.000,38153,3,GZ,1,100,0.458
1871091.000,38153,3,GZ,1,100,0.458
1871131.000,38169,2,GZ,1,100,0.397
1871171.000,38169,2,GZ,1,100,0.458
1871211.000,38185,3,GZ,1,100,0.427
1871251.000,38185,3,GZ,1,100,0.427
1871291.000,38185,3,GZ,1,100,0.488
1871331.000,38203,2,GZ,1,100,0.397
1871371.000,38203,2,GZ,1,100,0.458
1871411.000,38220,3,GZ,1,100,0.458
1871451.000,38220,3,GZ,1,100,0.397
1871491.000,38220,3,GZ,1,100,0.458
1871531.000,38236,2,GZ,1,100,0.427
1871571.000,38236,2,GZ,1,100,0.397
1871611.000,38254,3,GZ,1,100,0.427
1871651.000,38254,3,GZ,1,100,0.397
1871691.000,38254,3,GZ,1,100,0.427
1871731.000,38268,2,GZ,1,100,0.427
1871771.000,38268,2,GZ,1,100,0.427
1871811.000,38285,3,GZ,1,100,0.366
1871851.000,38285,3,GZ,1,100,0.397
1871891.000,38285,3,GZ,1,100,0.427
1871931.000,38302,2,GZ,1,100,0.458
1871971.000,38302,2,GZ,1,100,0.427
1872011.000,38319,3,GZ,1,100,0.397
1872051.000,38319,3,GZ,1,100,0.427
1872091.000,38319,3,GZ,1,100,0.397
1872131.000,38333,3,GZ,1,100,0.427
1872171.000,38333,3,GZ,1,100,0.427
1872211.000,38333,3,GZ,1,100,0.397
1872251.000,38356,4,GZ,1,100,0.397
1872291.000,38356,4,GZ,1,100,0.397
1872331.000,38356,4,GZ,1,100,0.366
1872371.000,38356,4,GZ,1,100,0.458
1872411.000,38372,3,GZ,1,100,0.427
1872451.000,38372,3,GZ,1,100,0.427
1872491.000,38372,3,GZ,1,100,0.427
1872531.000,38387,2,GZ,1,100,0.427
1872571.000,38387,2,GZ,1,100,0.366
1872611.000,38405,3,GZ,1,100,0.427
1872651.000,38405,3,GZ,1,100,0.427
1872691.000,38405,3,GZ,1,100,0.397
1872731.000,38421,2,GZ,1,100,0.366
1872771.000,38421,2,GZ,1,100,0.427
1872811.000,38438,3,GZ,1,100,0.427
1872851.000,38438,3,GZ,1,100,0.427
1872891.000,38438,3,GZ,1,100,0.397
1872931.000,38455,3,GZ,1,100,0.397
1872971.000,38455,3,GZ,1,100,0.427
1873011.000,38455,3,GZ,1,100,0.427
1873051.000,38470,3,GZ,1,100,0.397
1873091.000,38470,3,GZ,1,100,0.397
1873131.000,38470,3,GZ,1,100,0.427
1873171.000,38486,2,GZ,1,100,0.458
1873211.000,38486,2,GZ,1,100,0.427
1873251.000,38504,3,GZ,1,100,0.397
1873291.000,38504,3,GZ,1,100,0.427
1873331.000,38504,3,GZ,1,100,0.427
1873371.000,38520,2,GZ,1,100,0.397
1873411.000,38520,2,GZ,1,100,0.427
1873451.000,38535,3,GZ,1,100,0.427
1873491.000,38535,3,GZ,1,100,0.397
1873531.000,38535,3,GZ,1,100,0.397
1873571.000,38552,2,GZ,1,100,0.397
1873611.000,38552,2,GZ,1,100,0.397
1873651.000,38569,3,GZ,1,100,0.366
1873691.000,38569,3,GZ,1,100,0.366
1873731.000,38569,3,GZ,1,100,0.458
1873771.000,38585,2,GZ,1,100,0.458
1873811.000,38585,2,GZ,1,100,0.427
1873851.000,38600,3,GZ,1,100,0.427
1873891.000,38600,3,GZ,1,100,0.458
1873931.000,38600,3,GZ,1,100,0.458
1873971.000,38617,3,GZ,1,100,0.458
1874011.000,38617,3,GZ,1,100,0.427
1874051.000,38617,3,GZ,1,100,0.427
1874091.000,38634,2,GZ,1,100,0.458
1874131.000,38634,2,GZ,1,100,0.427
1874171.000,38650,3,GZ,1,100,0.397
1874211.000,38650,3,GZ,1,100,0.427
1874251.000,38650,3,GZ,1,100,0.427
1874291.000,38666,2,GZ,1,100,0.427
1874331.000,38666,2,GZ,1,100,0.427
1874371.000,38682,3,GZ,1,100,0.397
1874411.000,38682,3,GZ,1,100,0.427
1874451.000,38682,3,GZ,1,100,0.458
1874491.000,38699,2,GZ,1,100,0.458
1874531.000,38699,2,GZ,1,100,0.397
1874571.000,38716,3,GZ,1,100,0.427
1874611.000,38716,3,GZ,1,100,0.427
1874651.000,38716,3,GZ,1,100,0.397
1874691.000,38731,2,GZ,1,100,0.458
1874731.000,38731,2,GZ,1,100,0.519
1874771.000,38747,3,GZ,1,100,0.427
1874811.000,38747,3,GZ,1,100,0.397
1874851.000,38747,3,GZ,1,100,0.427
1874891.000,38764,2,GZ,1,100,0.458
1874931.000,38764,2,GZ,1,100,0.366
1874971.000,38781,3,GZ,1,100,0.397
1875011.000,38781,3,GZ,1,100,0.458
1875051.000,38781,3,GZ,1,100,0.427
1875091.000,38797,2,GZ,1,100,0.427
1875131.000,38797,2,GZ,1,100,0.458
1875171.000,38812,3,GZ,1,100,0.366
1875211.000,38812,3,GZ,1,100,0.427
1875251.000,38812,3,GZ,1,100,0.427
1875291.000,38830,3,GZ,1,100,0.366
1875331.000,38830,3,GZ,1,100,0.458
1875371.000,38830,3,GZ,1,100,0.458
1875411.000,38846,3,GZ,1,100,0.427
1875451.000,38846,3,GZ,1,100,0.427
1875491.000,38846,3,GZ,1,100,0.427
1875531.000,38863,2,GZ,1,100,0.458
1875571.000,38863,2,GZ,1,100,0.458
1875611.000,38879,3,GZ,1,100,0.397
1875651.000,38879,3,GZ,1,100,0.397
1875691.000,38879,3,GZ,1,100,0.458
1875731.000,38895,2,GZ,1,100,0.458
1875771.000,38895,2,GZ,1,100,0.458
1875811.000,38911,3,GZ,1,100,0.427
1875851.000,38911,3,GZ,1,100,0.458
1875891.000,38911,3,GZ,1,100,0.458
1875931.000,38929,2,GZ,1,100,0.427
1875971.000,38929,2,GZ,1,100,0.427
1876011.000,38945,3,GZ,1,100,0.458
1876051.000,38945,3,GZ,1,100,0.427
1876091.000,38945,3,GZ,1,100,0.458
1876131.000,38960,2,GZ,1,100,0.427
1876171.000,38960,2,GZ,1,100,0.397
1876211.000,38977,3,GZ,1,100,0.458
1876251.000,38977,3,GZ,1,100,0.458
1876291.000,38977,3,GZ,1,100,0.427
1876331.000,38996,2,GZ,1,100,0.458
1876371.000,38996,2,GZ,1,100,0.427
1876411.000,39012,3,GZ,1,100,0.427
1876451.000,39012,3,GZ,1,100,0.397
1876491.000,39012,3,GZ,1,100,0.427
1876531.000,39027,3,GZ,1,100,0.458
1876571.000,39027,3,GZ,1,100,0.427
1876611.000,39027,3,GZ,1,100,0.427
1876651.000,39044,2,GZ,1,100,0.397
1876691.000,39044,2,GZ,1,100,0.397
1876731.000,39061,3,GZ,1,100,0.427
1876771.000,39061,3,GZ,1,100,0.427
1876811.000,39061,3,GZ,1,100,0.427
1876851.000,39077,2,GZ,1,100,0.458
1876891.000,39077,2,GZ,1,100,0.427
1876931.000,39093,3,GZ,1,100,0.458
1876971.000,39093,3,GZ,1,100,0.427
1877011.000,39093,3,GZ,1,100,0.427
1877051.000,39109,2,GZ,1,100,0.458
1877091.000,39109,2,GZ,1,100,0.458
1877131.000,39126,3,GZ,1,100,0.427
1877171.000,39126,3,GZ,1,100,0.397
1877211.000,39126,3,GZ,1,100,0.427
1877250.667,39143,3,GZ,1,100,0.397
1877290.333,39143,3,GZ,1,100,0.427
1877330.000,39143,3,GZ,1,100,0.427
1877370.000,39165,4,GZ,1,100,0.427
1877410.000,39165,4,GZ,1,100,0.427
1877450.000,39165,4,GZ,1,100,0.397
1877490.000,39165,4,GZ,1,100,0.397
1877530.000,39181,3,GZ,1,100,0.427
1877570.000,39181,3,GZ,1,100,0.366
1877610.000,39181,3,GZ,1,100,0.427
1877650.000,39199,3,GZ,1,100,0.397
1877690.000,39199,3,GZ,1,100,0.397
1877730.000,39199,3,GZ,1,100,0.397
1877770.500,39215,2,GZ,1,100,0.427
1877811.000,39215,2,GZ,1,100,0.366
1877851.000,39230,3,GZ,1,100,0.397
1877891.000,39230,3,GZ,1,100,0.397
1877931.000,39230,3,GZ,1,100,0.427
1877971.000,39247,2,GZ,1,100,0.427
1878011.000,39247,2,GZ,1,100,0.458
1878051.000,39264,3,GZ,1,100,0.458
1878091.000,39264,3,GZ,1,100,0.488
1878131.000,39264,3,GZ,1,100,0.458
1878170.500,39280,2,GZ,1,100,0.366
1878210.000,39280,2,GZ,1,100,0.427
1878250.000,39296,3,GZ,1,100,0.488
1878290.000,39296,3,GZ,1,100,0.397
1878330.000,39296,3,GZ,1,100,0.427
1878370.000,39312,3,GZ,1,100,0.397
1878410.000,39312,3,GZ,1,100,0.397
1878450.000,39312,3,GZ,1,100,0.427
1878490.000,39329,2,GZ,1,100,0.427
1878530.000,39329,2,GZ,1,100,0.366
1878570.000,39346,3,GZ,1,100,0.427
1878610.000,39346,3,GZ,1,100,0.458
1878650.000,39346,3,GZ,1,100,0.427
1878690.000,39361,2,GZ,1,100,0.397
1878730.000,39361,2,GZ,1,100,0.397
1878770.000,39377,3,GZ,1,100,0.397
1878810.000,39377,3,GZ,1,100,0.397
1878850.000,39377,3,GZ,1,100,0.397
1878890.000,39394,2,GZ,1,100,0.427
1878930.000,39394,2,GZ,1,100,0.397
1878970.000,39411,3,GZ,1,100,0.397
1879010.000,39411,3,GZ,1,100,0.427
1879050.000,39411,3,GZ,1,100,0.458
1879090.000,39426,2,GZ,1,100,0.458
1879130.000,39426,2,GZ,1,100,0.397
1879170.000,39442,3,GZ,1,100,0.458
1879210.000,39442,3,GZ,1,100,0.458
1879250.000,39442,3,GZ,1,100,0.366
1879290.000,39460,2,GZ,1,100,0.397
1879330.000,39460,2,GZ,1,100,0.397
1879370.000,39476,3,GZ,1,100,0.397
1879410.000,39476,3,GZ,1,100,0.427
1879450.000,39476,3,GZ,1,100,0.397
1879490.000,39492,2,GZ,1,100,0.427
1879530.000,39492,2,GZ,1,100,0.458
1879570.000,39508,3,GZ,1,100,0.427
1879610.000,39508,3,GZ,1,100,0.427
1879650.000,39508,3,GZ,1,100,0.488
1879690.000,39525,2,GZ,1,100,0.427
1879730.000,39525,2,GZ,1,100,0.427
1879770.000,39541,3,GZ,1,100,0.397
1879810.000,39541,3,GZ,1,100,0.397
1879850.000,39541,3,GZ,1,100,0.488
1879890.000,39559,3,GZ,1,100,0.427
1879930.000,39559,3,GZ,1,100,0.397
1879970.000,39559,3,GZ,1,100,0.458
1880010.000,39573,2,GZ,1,100,0.427
1880050.000,39573,2,GZ,1,100,0.366
1880090.000,39590,3,GZ,1,100,0.458
1880130.000,39590,3,GZ,1,100,0.366
1880170.000,39590,3,GZ,1,100,0.427
1880210.000,39606,3,GZ,1,100,0.427
1880250.000,39606,3,GZ,1,100,0.366
1880290.000,39606,3,GZ,1,100,0.488
1880330.000,39624,2,GZ,1,100,0.427
1880370.000,39624,2,GZ,1,100,0.397
1880410.000,39638,3,GZ,1,100,0.458
1880450.000,39638,3,GZ,1,100,0.366
1880490.000,39638,3,GZ,1,100,0.397
1880530.000,39655,2,GZ,1,100,0.458
1880570.000,39655,2,GZ,1,100,0.427
1880610.000,39672,3,GZ,1,100,0.427
1880650.000,39672,3,GZ,1,100,0.397
1880690.000,39672,3,GZ,1,100,0.397
1880730.000,39689,2,GZ,1,100,0.458
1880770.000,39689,2,GZ,1,100,0.366
1880810.000,39704,3,GZ,1,100,0.397
1880850.000,39704,3,GZ,1,100,0.427
1880890.000,39704,3,GZ,1,100,0.427
1880930.000,39721,2,GZ,1,100,0.458
1880970.000,39721,2,GZ,1,100,0.366
1881010.000,39737,3,GZ,1,100,0.397
1881050.000,39737,3,GZ,1,100,0.427
1881090.000,39737,3,GZ,1,100,0.458
1881130.000,39754,2,GZ,1,100,0.427
1881170.000,39754,2,GZ,1,100,0.458
1881210.000,39771,3,GZ,1,100,0.397
1881250.000,39771,3,GZ,1,100,0.397
1881290.000,39771,3,GZ,1,100,0.458
1881330.500,39788,2,GZ,1,100,0.427
1881371.000,39788,2,GZ,1,100,0.397
1881410.667,39804,3,GZ,1,100,0.458
1881450.333,39804,3,GZ,1,100,0.397
1881490.000,39804,3,GZ,1,100,0.397
1881530.333,39821,3,GZ,1,100,0.488
1881570.667,39821,3,GZ,1,100,0.397
1881611.000,39821,3,GZ,1,100,0.397
1881651.000,39838,2,GZ,1,100,0.488
1881691.000,39838,2,GZ,1,100,0.427
1881731.000,39853,3,GZ,1,100,0.427
1881771.000,39853,3,GZ,1,100,0.458
1881811.000,39853,3,GZ,1,100,0.336
1881851.000,39869,2,GZ,1,100,0.427
1881891.000,39869,2,GZ,1,100,0.427
1881931.000,39887,5,GZ,1,100,0.397
1881971.000,39887,5,GZ,1,100,0.458
1882011.000,39887,5,GZ,1,100,0.458
1882051.000,39887,5,GZ,1,100,0.458
1882091.000,39887,5,GZ,1,100,0.427
1882131.000,39903,4,GZ,1,100,0.427
1882171.000,39903,4,GZ,1,100,0.427
1882211.000,39903,4,GZ,1,100,0.427
1882251.000,39903,4,GZ,1,100,0.458
1882291.000,39921,5,GZ,1,100,0.427
1882331.000,39921,5,GZ,1,100,0.397
1882371.000,39921,5,GZ,1,100,0.397
1882411.000,39921,5,GZ,1,100,0.427
1882451.000,39921,5,GZ,1,100,0.458
1882491.000,39944,6,GZ,1,100,0.397
1882531.000,39944,6,GZ,1,100,0.427
1882571.000,39944,6,GZ,1,100,0.427
1882611.000,39944,6,GZ,1,100,0.366
1882651.000,39944,6,GZ,1,100,0.397
1882691.000,39944,6,GZ,1,100,0.397
1882731.000,39960,3,GZ,1,100,0.397
1882771.000,39960,3,GZ,1,100,0.366
1882811.000,39960,3,GZ,1,100,0.458
1882851.000,39977,2,GZ,1,100,0.427
1882891.000,39977,2,GZ,1,100,0.366
1882931.000,39992,3,GZ,1,100,0.397
1882971.000,39992,3,GZ,1,100,0.427
1883011.000,39992,3,GZ,1,100,0.397
1883051.000,40009,2,GZ,1,100,0.366
1883091.000,40009,2,GZ,1,100,0.427
1883131.000,40025,3,GZ,1,100,0.427
1883171.000,40025,3,GZ,1,100,0.427
1883211.000,40025,3,GZ,1,100,0.519
1883251.000,40043,2,GZ,1,100,0.397
1883291.000,40043,2,GZ,1,100,0.366
1883331.000,40058,3,GZ,1,100,0.458
1883371.000,40058,3,GZ,1,100,0.366
1883411.000,40058,3,GZ,1,100,0.427
1883451.000,40074,3,GZ,1,100,0.488
1883491.000,40074,3,GZ,1,100,0.336
1883531.000,40074,3,GZ,1,100,0.427
1883571.000,40090,2,GZ,1,100,0.427
1883611.000,40090,2,GZ,1,100,0.397
1883651.000,40108,3,GZ,1,100,0.427
1883691.000,40108,3,GZ,1,100,0.427
1883731.000,40108,3,GZ,1,100,0.397
1883771.000,40124,2,GZ,1,100,0.427
1883811.000,40124,2,GZ,1,100,0.397
1883851.000,40139,3,GZ,1,100,0.427
1883891.000,40139,3,GZ,1,100,0.458
1883931.000,40139,3,GZ,1,100,0.397
1883971.000,40156,2,GZ,1,100,0.366
1884011.000,40156,2,GZ,1,100,0.397
1884051.000,40173,3,GZ,1,100,0.397
1884091.000,40173,3,GZ,1,100,0.366
1884131.000,40173,3,GZ,1,100,0.427
1884171.000,40189,2,GZ,1,100,0.458
1884211.000,40189,2,GZ,1,100,0.397
1884251.000,40205,3,GZ,1,100,0.397
1884291.000,40205,3,GZ,1,100,0.458
1884331.000,40205,3,GZ,1,100,0.427
1884371.000,40221,2,GZ,1,100,0.427
1884411.000,40221,2,GZ,1,100,0.397
1884450.667,40238,3,GZ,1,100,0.427
1884490.333,40238,3,GZ,1,100,0.427
1884530.000,40238,3,GZ,1,100,0.397
1884570.500,40255,2,GZ,1,100,0.427
1884611.000,40255,2,GZ,1,100,0.458
1884650.667,40270,3,GZ,1,100,0.427
1884690.333,40270,3,GZ,1,100,0.427
1884730.000,40270,3,GZ,1,100,0.397
1884770.000,40286,3,GZ,1,100,0.397
1884810.000,40286,3,GZ,1,100,0.458
1884850.000,40286,3,GZ,1,100,0.427
1884890.000,40303,2,GZ,1,100,0.397
1884930.000,40303,2,GZ,1,100,0.397
1884970.000,40320,3,GZ,1,100,0.397
1885010.000,40320,3,GZ,1,100,0.458
1885050.000,40320,3,GZ,1,100,0.427
1885090.000,40335,2,GZ,1,100,0.397
1885130.000,40335,2,GZ,1,100,0.397
1885170.000,40351,3,GZ,1,100,0.397
1885210.000,40351,3,GZ,1,100,0.427
1885250.000,40351,3,GZ,1,100,0.458
1885290.000,40369,2,GZ,1,100,0.427
1885330.000,40369,2,GZ,1,100,0.397
1885370.000,40385,3,GZ,1,100,0.397
1885410.000,40385,3,GZ,1,100,0.427
1885450.000,40385,3,GZ,1,100,0.397
1885490.000,40401,2,GZ,1,100,0.397
1885530.000,40401,2,GZ,1,100,0.397
1885570.000,40417,3,GZ,1,100,0.427
1885610.000,40417,3,GZ,1,100,0.427
1885650.000,40417,3,GZ,1,100,0.397
1885690.000,40434,2,GZ,1,100,0.397
1885730.000,40434,2,GZ,1,100,0.427
1885770.000,40450,3,GZ,1,100,0.427
1885810.000,40450,3,GZ,1,100,0.427
1885850.000,40450,3,GZ,1,100,0.397
1885890.000,40466,2,GZ,1,100,0.366
1885930.000,40466,2,GZ,1,100,0.397
1885970.000,40482,3,GZ,1,100,0.397
1886010.000,40482,3,GZ,1,100,0.488
1886050.000,40482,3,GZ,1,100,0.458
1886090.000,40499,3,GZ,1,100,0.366
1886130.000,40499,3,GZ,1,100,0.427
1886170.000,40499,3,GZ,1,100,0.458
1886210.000,40515,2,GZ,1,100,0.519
1886250.000,40515,2,GZ,1,100,0.488
1886290.000,40535,3,GZ,1,100,0.397
1886330.000,40535,3,GZ,1,100,0.458
1886370.000,40535,3,GZ,1,100,0.458
1886410.000,40549,2,GZ,1,100,0.366
1886450.000,40549,2,GZ,1,100,0.458
1886490.000,40566,3,GZ,1,100,0.458
1886530.000,40566,3,GZ,1,100,0.427
1886570.000,40566,3,GZ,1,100,0.397
1886610.000,40583,2,GZ,1,100,0.397
1886650.000,40583,2,GZ,1,100,0.610
1886690.000,40600,3,GZ,1,100,0.488
1886730.000,40600,3,GZ,1,100,0.305
1886770.000,40600,3,GZ,1,100,0.366
1886810.000,40614,2,GZ,1,100,0.427
1886850.000,40614,2,GZ,1,100,0.488
1886890.000,40632,3,GZ,1,100,0.336
1886930.000,40632,3,GZ,1,100,0.397
1886970.000,40632,3,GZ,1,100,0.458
1887010.000,40648,2,GZ,1,100,0.305
1887050.000,40648,2,GZ,1,100,0.397
1887090.000,40665,3,GZ,1,100,0.397
1887130.000,40665,3,GZ,1,100,0.397
1887170.000,40665,3,GZ,1,100,0.397
1887210.000,40679,2,GZ,1,100,0.366
1887250.000,40679,2,GZ,1,100,0.427
1887290.000,40697,3,GZ,1,100,0.488
1887330.000,40697,3,GZ,1,100,0.336
1887370.000,40697,3,GZ,1,100,0.458
1887410.000,40713,3,GZ,1,100,0.488
1887450.000,40713,3,GZ,1,100,0.427
1887490.000,40713,3,GZ,1,100,0.397
1887530.000,40730,2,GZ,1,100,0.366
1887570.000,40730,2,GZ,1,100,0.427
1887610.000,40745,3,GZ,1,100,0.458
1887650.000,40745,3,GZ,1,100,0.427
1887690.000,40745,3,GZ,1,100,0.458
1887730.000,40766,3,GZ,1,100,0.458
1887770.000,40766,3,GZ,1,100,0.458
1887810.000,40766,3,GZ,1,100,0.488
1887850.000,40780,3,GZ,1,100,0.458
1887890.000,40780,3,GZ,1,100,0.397
1887930.000,40780,3,GZ,1,100,0.458
1887970.000,40798,2,GZ,1,100,0.427
1888010.000,40798,2,GZ,1,100,0.397
1888050.000,40814,3,GZ,1,100,0.397
1888090.000,40814,3,GZ,1,100,0.458
1888130.000,40814,3,GZ,1,100,0.488
1888170.000,40831,3,GZ,1,100,0.427
1888210.000,40831,3,GZ,1,100,0.397
1888250.000,40831,3,GZ,1,100,0.458
1888290.000,40846,2,GZ,1,100,0.458
1888330.000,40846,2,GZ,1,100,0.397
1888370.000,40863,3,GZ,1,100,0.427
1888410.000,40863,3,GZ,1,100,0.427
1888450.000,40863,3,GZ,1,100,0.427
1888490.000,40879,2,GZ,1,100,0.427
1888530.000,40879,2,GZ,1,100,0.397
1888570.000,40897,3,GZ,1,100,0.427
1888610.000,40897,3,GZ,1,100,0.458
1888650.000,40897,3,GZ,1,100,0.458
1888696.500,40911,2,GZ,1,100,0.458
1888743.000,40911,2,GZ,1,100,0.397
1888778.667,40928,3,GZ,1,100,0.427
1888814.333,40928,3,GZ,1,100,0.427
1888850.000,40928,3,GZ,1,100,0.397
1888896.500,40944,2,GZ,1,100,0.427
1888943.000,40944,2,GZ,1,100,0.427
1888983.000,40962,3,GZ,1,100,0.427
1889023.000,40962,3,GZ,1,100,0.458
1889063.000,40962,3,GZ,1,100,0.397
1889103.000,40977,2,GZ,1,100,0.427
1889143.000,40977,2,GZ,1,100,0.427
1889183.000,40993,3,GZ,1,100,0.427
1889223.000,40993,3,GZ,1,100,0.427
1889263.000,40993,3,GZ,1,100,0.397
1889303.000,41010,2,GZ,1,100,0.366
1889343.000,41010,2,GZ,1,100,0.366
1889383.000,41027,3,GZ,1,100,0.427
1889423.000,41027,3,GZ,1,100,0.397
1889463.000,41027,3,GZ,1,100,0.427
1889503.000,41042,2,GZ,1,100,0.458
1889543.000,41042,2,GZ,1,100,0.366
1889583.000,41059,3,GZ,1,100,0.427
1889623.000,41059,3,GZ,1,100,0.458
1889663.000,41059,3,GZ,1,100,0.488
1889703.000,41075,2,GZ,1,100,0.427
1889743.000,41075,2,GZ,1,100,0.336
1889783.000,41092,3,GZ,1,100,0.458
1889823.000,41092,3,GZ,1,100,0.458
1889863.000,41092,3,GZ,1,100,0.336
1889903.000,41109,2,GZ,1,100,0.427
1889943.000,41109,2,GZ,1,100,0.427
1889983.000,41124,3,GZ,1,100,0.397
1890023.000,41124,3,GZ,1,100,0.458
1890063.000,41124,3,GZ,1,100,0.366
1890103.000,41140,2,GZ,1,100,0.366
1890143.000,41140,2,GZ,1,100,0.458
1890183.000,41157,3,GZ,1,100,0.397
1890223.000,41157,3,GZ,1,100,0.397
1890263.000,41157,3,GZ,1,100,0.427
1890302.500,41174,2,GZ,1,100,0.397
1890342.000,41174,2,GZ,1,100,0.458
1890382.333,41189,3,GZ,1,100,0.427
1890422.667,41189,3,GZ,1,100,0.458
1890463.000,41189,3,GZ,1,100,0.488
1890503.000,41205,3,GZ,1,100,0.458
1890543.000,41205,3,GZ,1,100,0.397
1890583.000,41205,3,GZ,1,100,0.458
1890623.000,41223,2,GZ,1,100,0.488
1890663.000,41223,2,GZ,1,100,0.427
1890703.000,41239,3,GZ,1,100,0.427
1890743.000,41239,3,GZ,1,100,0.397
1890783.000,41239,3,GZ,1,100,0.397
1890823.000,41254,2,GZ,1,100,0.458
1890863.000,41254,2,GZ,1,100,0.397
1890902.667,41271,3,GZ,1,100,0.458
1890942.333,41271,3,GZ,1,100,0.427
1890982.000,41271,3,GZ,1,100,0.397
1891022.000,41288,2,GZ,1,100,0.427
1891062.000,41288,2,GZ,1,100,0.458
1891102.000,41304,3,GZ,1,100,0.427
1891142.000,41304,3,GZ,1,100,0.519
1891182.000,41304,3,GZ,1,100,0.427
1891222.500,41319,2,GZ,1,100,0.397
1891263.000,41319,2,GZ,1,100,0.427
1891303.000,41338,3,GZ,1,100,0.458
1891343.000,41338,3,GZ,1,100,0.458
1891383.000,41338,3,GZ,1,100,0.427
1891423.000,41355,2,GZ,1,100,0.427
1891463.000,41355,2,GZ,1,100,0.397
1891502.667,41371,3,GZ,1,100,0.427
1891542.333,41371,3,GZ,1,100,0.427
1891582.000,41371,3,GZ,1,100,0.427
1891622.000,41388,2,GZ,1,100,0.427
1891662.000,41388,2,GZ,1,100,0.366
1891702.000,41403,3,GZ,1,100,0.427
1891742.000,41403,3,GZ,1,100,0.397
1891782.000,41403,3,GZ,1,100,0.427
1891822.000,41420,3,GZ,1,100,0.458
1891862.000,41420,3,GZ,1,100,0.427
1891902.000,41420,3,GZ,1,100,0.458
1891942.500,41437,2,GZ,1,100,0.427
1891983.000,41437,2,GZ,1,100,0.427
1892022.667,41454,3,GZ,1,100,0.427
1892062.333,41454,3,GZ,1,100,0.458
1892102.000,41454,3,GZ,1,100,0.427
1892142.000,41468,2,GZ,1,100,0.427
1892182.000,41468,2,GZ,1,100,0.427
1892222.000,41486,3,GZ,1,100,0.427
1892262.000,41486,3,GZ,1,100,0.458
1892302.000,41486,3,GZ,1,100,0.397
1892342.000,41502,2,GZ,1,100,0.427
1892382.000,41502,2,GZ,1,100,0.458
1892422.000,41519,3,GZ,1,100,0.427
1892462.000,41519,3,GZ,1,100,0.397
1892502.000,41519,3,GZ,1,100,0.458
1892542.000,41533,2,GZ,1,100,0.488
1892582.000,41533,2,GZ,1,100,0.427
1892622.000,41551,3,GZ,1,100,0.336
1892662.000,41551,3,GZ,1,100,0.427
1892702.000,41551,3,GZ,1,100,0.519
1892742.000,41567,2,GZ,1,100,0.427
1892782.000,41567,2,GZ,1,100,0.458
1892822.000,41590,4,GZ,1,100,0.427
1892862.000,41590,4,GZ,1,100,0.427
1892902.000,41590,4,GZ,1,100,0.427
1892942.000,41590,4,GZ,1,100,0.366
1892982.000,41607,3,GZ,1,100,0.397
1893022.000,41607,3,GZ,1,100,0.488
1893062.000,41607,3,GZ,1,100,0.458
1893102.000,41623,2,GZ,1,100,0.397
1893142.000,41623,2,GZ,1,100,0.397
1893182.000,41638,3,GZ,1,100,0.427
1893222.000,41638,3,GZ,1,100,0.427
1893262.000,41638,3,GZ,1,100,0.458
1893302.000,41656,2,GZ,1,100,0.397
1893342.000,41656,2,GZ,1,100,0.458
1893382.000,41672,3,GZ,1,100,0.458
1893422.000,41672,3,GZ,1,100,0.458
1893462.000,41672,3,GZ,1,100,0.458
1893502.000,41688,2,GZ,1,100,0.397
1893542.000,41688,2,GZ,1,100,0.458
1893582.000,41704,3,GZ,1,100,0.458
1893622.000,41704,3,GZ,1,100,0.336
1893662.000,41704,3,GZ,1,100,0.458
1893702.000,41721,2,GZ,1,100,0.458
1893742.000,41721,2,GZ,1,100,0.366
1893782.000,41737,3,GZ,1,100,0.397
1893822.000,41737,3,GZ,1,100,0.427
1893862.000,41737,3,GZ,1,100,0.397
1893902.000,41755,2,GZ,1,100,0.397
1893942.000,41755,2,GZ,1,100,0.366
1893982.000,41769,3,GZ,1,100,0.458
1894022.000,41769,3,GZ,1,100,0.458
1894062.000,41769,3,GZ,1,100,0.397
1894102.000,41786,2,GZ,1,100,0.397
1894142.000,41786,2,GZ,1,100,0.427
1894182.000,41802,3,GZ,1,100,0.397
1894222.000,41802,3,GZ,1,100,0.397
1894262.000,41802,3,GZ,1,100,0.458
1894302.000,41820,2,GZ,1,100,0.458
1894342.000,41820,2,GZ,1,100,0.397
1894382.000,41834,3,GZ,1,100,0.427
1894422.000,41834,3,GZ,1,100,0.427
1894462.000,41834,3,GZ,1,100,0.397
1894502.000,41851,3,GZ,1,100,0.427
1894542.000,41851,3,GZ,1,100,0.488
1894582.000,41851,3,GZ,1,100,0.427
1894622.000,41868,2,GZ,1,100,0.397
1894662.000,41868,2,GZ,1,100,0.427
1894702.000,41885,3,GZ,1,100,0.458
1894742.000,41885,3,GZ,1,100,0.427
1894782.000,41885,3,GZ,1,100,0.397
1894822.000,41899,2,GZ,1,100,0.427
1894862.000,41899,2,GZ,1,100,0.427
1894902.000,41917,3,GZ,1,100,0.397
1894942.000,41917,3,GZ,1,100,0.427
1894982.000,41917,3,GZ,1,100,0.488
1895022.000,41933,2,GZ,1,100,0.427
1895062.000,41933,2,GZ,1,100,0.366
1895102.000,41950,3,GZ,1,100,0.458
1895142.000,41950,3,GZ,1,100,0.427
1895182.000,41950,3,GZ,1,100,0.458
1895222.000,41964,2,GZ,1,100,0.458
1895262.000,41964,2,GZ,1,100,0.397
1895302.000,41982,3,GZ,1,100,0.519
1895342.000,41982,3,GZ,1,100,0.458
1895382.000,41982,3,GZ,1,100,0.397
1895422.000,41998,2,GZ,1,100,0.427
1895462.000,41998,2,GZ,1,100,0.427
1895502.000,42015,3,GZ,1,100,0.427
1895542.000,42015,3,GZ,1,100,0.427
1895582.000,42015,3,GZ,1,100,0.397
1895622.000,42031,2,GZ,1,100,0.427
1895662.000,42031,2,GZ,1,100,0.427
1895702.000,42047,3,GZ,1,100,0.427
1895742.000,42047,3,GZ,1,100,0.427
1895782.000,42047,3,GZ,1,100,0.427
1895822.000,42063,2,GZ,1,100,0.427
1895862.000,42063,2,GZ,1,100,0.397
1895902.000,42081,3,GZ,1,100,0.427
1895942.000,42081,3,GZ,1,100,0.458
1895982.000,42081,3,GZ,1,100,0.397
1896022.000,42097,3,GZ,1,100,0.427
1896062.000,42097,3,GZ,1,100,0.397
1896102.000,42097,3,GZ,1,100,0.427
1896142.000,42112,2,GZ,1,100,0.458
1896182.000,42112,2,GZ,1,100,0.427
1896222.000,42129,3,GZ,1,100,0.427
1896262.000,42129,3,GZ,1,100,0.397
1896302.000,42129,3,GZ,1,100,0.458
1896342.000,42148,2,GZ,1,100,0.427
1896382.000,42148,2,GZ,1,100,0.458
1896422.000,42164,3,GZ,1,100,0.458
1896462.000,42164,3,GZ,1,100,0.458
1896502.000,42164,3,GZ,1,100,0.427
1896542.000,42179,2,GZ,1,100,0.427
1896582.000,42179,2,GZ,1,100,0.427
1896622.000,42196,3,GZ,1,100,0.427
1896662.000,42196,3,GZ,1,100,0.397
1896702.000,42196,3,GZ,1,100,0.397
1896742.000,42213,2,GZ,1,100,0.427
1896782.000,42213,2,GZ,1,100,0.427
1896822.000,42229,3,GZ,1,100,0.427
1896862.000,42229,3,GZ,1,100,0.458
1896902.000,42229,3,GZ,1,100,0.458
1896942.000,42245,2,GZ,1,100,0.427
1896982.000,42245,2,GZ,1,100,0.397
1897022.000,42261,3,GZ,1,100,0.397
1897062.000,42261,3,GZ,1,100,0.397
1897102.000,42261,3,GZ,1,100,0.427
1897142.000,42278,2,GZ,1,100,0.427
1897182.000,42278,2,GZ,1,100,0.427
1897222.000,42295,3,GZ,1,100,0.397
1897262.000,42295,3,GZ,1,100,0.458
1897302.000,42295,3,GZ,1,100,0.427
1897342.000,42310,2,GZ,1,100,0.397
1897382.000,42310,2,GZ,1,100,0.427
1897422.000,42326,3,GZ,1,100,0.488
1897462.000,42326,3,GZ,1,100,0.397
1897502.000,42326,3,GZ,1,100,0.397
1897542.000,42343,3,GZ,1,100,0.458
1897582.000,42343,3,GZ,1,100,0.427
1897622.000,42343,3,GZ,1,100,0.427
1897662.000,42360,2,GZ,1,100,0.458
1897702.000,42360,2,GZ,1,100,0.427
1897742.000,42376,3,GZ,1,100,0.427
1897782.000,42376,3,GZ,1,100,0.397
1897822.000,42376,3,GZ,1,100,0.397
1897862.000,42391,2,GZ,1,100,0.397
1897902.000,42391,2,GZ,1,100,0.427
1897942.000,42414,4,GZ,1,100,0.397
1897982.000,42414,4,GZ,1,100,0.427
1898022.000,42414,4,GZ,1,100,0.427
1898062.000,42414,4,GZ,1,100,0.397
1898102.000,42430,2,GZ,1,100,0.427
1898142.000,42430,2,GZ,1,100,0.397
1898182.000,42447,3,GZ,1,100,0.427
1898222.000,42447,3,GZ,1,100,0.458
1898262.000,42447,3,GZ,1,100,0.427
1898302.000,42464,2,GZ,1,100,0.427
1898342.000,42464,2,GZ,1,100,0.427
1898382.000,42479,3,GZ,1,100,0.427
1898422.000,42479,3,GZ,1,100,0.397
1898462.000,42479,3,GZ,1,100,0.397
1898502.000,42495,3,GZ,1,100,0.427
1898542.000,42495,3,GZ,1,100,0.488
1898582.000,42495,3,GZ,1,100,0.427
1898622.000,42513,2,GZ,1,100,0.427
1898662.000,42513,2,GZ,1,100,0.427
1898702.000,42529,3,GZ,1,100,0.397
1898742.000,42529,3,GZ,1,100,0.397
1898782.000,42529,3,GZ,1,100,0.366
1898822.000,42544,2,GZ,1,100,0.458
1898862.000,42544,2,GZ,1,100,0.488
1898902.000,42561,3,GZ,1,100,0.427
1898942.000,42561,3,GZ,1,100,0.366
1898982.000,42561,3,GZ,1,100,0.427
1899022.000,42578,2,GZ,1,100,0.458
1899062.000,42578,2,GZ,1,100,0.427
1899102.000,42594,3,GZ,1,100,0.427
1899142.000,42594,3,GZ,1,100,0.427
1899182.000,42594,3,GZ,1,100,0.397
1899222.000,42609,2,GZ,1,100,0.397
1899262.000,42609,2,GZ,1,100,0.397
1899302.000,42626,3,GZ,1,100,0.458
1899342.000,42626,3,GZ,1,100,0.397
1899382.000,42626,3,GZ,1,100,0.397
1899422.000,42643,2,GZ,1,100,0.427
1899462.000,42643,2,GZ,1,100,0.458
1899502.000,42659,3,GZ,1,100,0.458
1899542.000,42659,3,GZ,1,100,0.427
1899582.000,42659,3,GZ,1,100,0.397
1899622.000,42676,2,GZ,1,100,0.458
1899662.000,42676,2,GZ,1,100,0.488
1899702.000,42691,3,GZ,1,100,0.397
1899742.000,42691,3,GZ,1,100,0.397
1899782.000,42691,3,GZ,1,100,0.458
1899822.000,42708,2,GZ,1,100,0.488
1899862.000,42708,2,GZ,1,100,0.397
1899902.000,42725,3,GZ,1,100,0.397
1899942.000,42725,3,GZ,1,100,0.458
1899982.000,42725,3,GZ,1,100,0.427
1900022.000,42741,2,GZ,1,100,0.427
1900062.000,42741,2,GZ,1,100,0.458
1900102.000,42756,3,GZ,1,100,0.427
1900142.000,42756,3,GZ,1,100,0.397
1900182.000,42756,3,GZ,1,100,0.397
1900222.000,42774,3,GZ,1,100,0.427
1900262.000,42774,3,GZ,1,100,0.427
1900302.000,42774,3,GZ,1,100,0.397
1900342.000,42790,2,GZ,1,100,0.397
1900382.000,42790,2,GZ,1,100,0.458
1900422.000,42807,3,GZ,1,100,0.427
1900462.000,42807,3,GZ,1,100,0.366
1900502.000,42807,3,GZ,1,100,0.458
1900542.000,42821,2,GZ,1,100,0.458
1900582.000,42821,2,GZ,1,100,0.366
1900622.000,42839,3,GZ,1,100,0.397
1900662.000,42839,3,GZ,1,100,0.427
1900702.000,42839,3,GZ,1,100,0.458
1900741.500,42855,2,GZ,1,100,0.427
1900781.000,42855,2,GZ,1,100,0.427
1900821.333,42872,3,GZ,1,100,0.458
1900861.667,42872,3,GZ,1,100,0.458
1900902.000,42872,3,GZ,1,100,0.397
1900942.000,42887,2,GZ,1,100,0.427
1900982.000,42887,2,GZ,1,100,0.458
1901022.000,42904,3,GZ,1,100,0.458
1901062.000,42904,3,GZ,1,100,0.427
1901102.000,42904,3,GZ,1,100,0.397
1901141.500,42920,2,GZ,1,100,0.427
1901181.000,42920,2,GZ,1,100,0.458
1901221.333,42938,3,GZ,1,100,0.397
1901261.667,42938,3,GZ,1,100,0.397
1901302.000,42938,3,GZ,1,100,0.397
1901342.000,42954,2,GZ,1,100,0.397
1901382.000,42954,2,GZ,1,100,0.427
1901422.000,42971,3,GZ,1,100,0.397
1901462.000,42971,3,GZ,1,100,0.397
1901502.000,42971,3,GZ,1,100,0.458
1901542.000,42987,3,GZ,1,100,0.427
1901582.000,42987,3,GZ,1,100,0.427
1901622.000,42987,3,GZ,1,100,0.427
1901662.000,43005,2,GZ,1,100,0.397
1901702.000,43005,2,GZ,1,100,0.397
1901741.667,43019,3,GZ,1,100,0.427
1901781.333,43019,3,GZ,1,100,0.427
1901821.000,43019,3,GZ,1,100,0.427
1901861.000,43036,2,GZ,1,100,0.397
1901901.000,43036,2,GZ,1,100,0.397
1901941.000,43053,3,GZ,1,100,0.397
1901981.000,43053,3,GZ,1,100,0.427
1902021.000,43053,3,GZ,1,100,0.427
1902061.500,43070,2,GZ,1,100,0.427
1902102.000,43070,2,GZ,1,100,0.458
1902141.800,43088,5,GZ,1,100,0.427
1902181.600,43088,5,GZ,1,100,0.427
1902221.400,43088,5,GZ,1,100,0.427
1902261.200,43088,5,GZ,1,100,0.427
1902301.000,43088,5,GZ,1,100,0.427
1902341.000,43104,2,GZ,1,100,0.458
1902381.000,43104,2,GZ,1,100,0.397
1902421.000,43121,3,GZ,1,100,0.427
1902461.000,43121,3,GZ,1,100,0.427
1902501.000,43121,3,GZ,1,100,0.397
1902541.000,43135,2,GZ,1,100,0.397
1902581.000,43135,2,GZ,1,100,0.427
1902621.000,43153,3,GZ,1,100,0.458
1902661.000,43153,3,GZ,1,100,0.397
1902701.000,43153,3,GZ,1,100,0.397
1902741.000,43169,3,GZ,1,100,0.427
1902781.000,43169,3,GZ,1,100,0.427
1902821.000,43169,3,GZ,1,100,0.458
1902861.000,43186,2,GZ,1,100,0.427
1902901.000,43186,2,GZ,1,100,0.427
1902941.000,43201,3,GZ,1,100,0.458
1902981.000,43201,3,GZ,1,100,0.397
1903021.000,43201,3,GZ,1,100,0.427
1903061.000,43223,4,GZ,1,100,0.427
1903101.000,43223,4,GZ,1,100,0.397
1903141.000,43223,4,GZ,1,100,0.458
1903181.000,43223,4,GZ,1,100,0.427
1903221.000,43237,2,GZ,1,100,0.397
1903261.000,43237,2,GZ,1,100,0.427
1903301.000,43255,3,GZ,1,100,0.427
1903341.000,43255,3,GZ,1,100,0.397
1903381.000,43255,3,GZ,1,100,0.427
1903421.000,43271,2,GZ,1,100,0.397
1903461.000,43271,2,GZ,1,100,0.427
1903501.000,43288,3,GZ,1,100,0.427
1903541.000,43288,3,GZ,1,100,0.397
1903581.000,43288,3,GZ,1,100,0.427
1903621.000,43303,2,GZ,1,100,0.427
1903661.000,43303,2,GZ,1,100,0.458
1903701.000,43320,3,GZ,1,100,0.458
1903741.000,43320,3,GZ,1,100,0.427
1903781.000,43320,3,GZ,1,100,0.397
1903821.000,43336,2,GZ,1,100,0.427
1903861.000,43336,2,GZ,1,100,0.427
1903901.000,43354,3,GZ,1,100,0.397
1903941.000,43354,3,GZ,1,100,0.397
1903981.000,43354,3,GZ,1,100,0.458
1904021.000,43369,2,GZ,1,100,0.458
1904061.000,43369,2,GZ,1,100,0.397
1904101.000,43385,3,GZ,1,100,0.427
1904141.000,43385,3,GZ,1,100,0.427
1904181.000,43385,3,GZ,1,100,0.427
1904221.000,43401,2,GZ,1,100,0.427
1904261.000,43401,2,GZ,1,100,0.427
1904301.000,43419,3,GZ,1,100,0.427
1904341.000,43419,3,GZ,1,100,0.366
1904381.000,43419,3,GZ,1,100,0.397
1904421.000,43435,3,GZ,1,100,0.427
1904461.000,43435,3,GZ,1,100,0.458
1904501.000,43435,3,GZ,1,100,0.427
1904541.000,43453,3,GZ,1,100,0.427
1904581.000,43453,3,GZ,1,100,0.458
1904621.000,43453,3,GZ,1,100,0.427
1904661.000,43467,2,GZ,1,100,0.397
1904701.000,43467,2,GZ,1,100,0.488
1904741.000,43484,3,GZ,1,100,0.427
1904781.000,43484,3,GZ,1,100,0.427
1904821.000,43484,3,GZ,1,100,0.427
1904861.000,43500,2,GZ,1,100,0.427
1904901.000,43500,2,GZ,1,100,0.427
1904941.000,43518,3,GZ,1,100,0.397
1904981.000,43518,3,GZ,1,100,0.397
1905021.000,43518,3,GZ,1,100,0.397
1905061.000,43532,3,GZ,1,100,0.427
1905101.000,43532,3,GZ,1,100,0.397
1905141.000,43532,3,GZ,1,100,0.397
1905181.000,43549,2,GZ,1,100,0.458
1905221.000,43549,2,GZ,1,100,0.397
1905261.000,43566,3,GZ,1,100,0.397
1905301.000,43566,3,GZ,1,100,0.458
1905341.000,43566,3,GZ,1,100,0.427
1905381.000,43583,2,GZ,1,100,0.427
1905421.000,43583,2,GZ,1,100,0.458
1905461.000,43597,3,GZ,1,100,0.427
1905501.000,43597,3,GZ,1,100,0.458
1905541.000,43597,3,GZ,1,100,0.488
1905581.000,43615,2,GZ,1,100,0.427
1905621.000,43615,2,GZ,1,100,0.458
1905661.000,43631,3,GZ,1,100,0.488
1905701.000,43631,3,GZ,1,100,0.397
1905741.000,43631,3,GZ,1,100,0.397
1905781.000,43648,2,GZ,1,100,0.488
1905821.000,43648,2,GZ,1,100,0.458
1905861.000,43662,3,GZ,1,100,0.427
1905901.000,43662,3,GZ,1,100,0.427
1905941.000,43662,3,GZ,1,100,0.427
1905981.000,43680,2,GZ,1,100,0.488
1906021.000,43680,2,GZ,1,100,0.366
1906061.000,43696,3,GZ,1,100,0.336
1906101.000,43696,3,GZ,1,100,0.458
1906141.000,43696,3,GZ,1,100,0.458
1906181.000,43713,2,GZ,1,100,0.366
1906221.000,43713,2,GZ,1,100,0.427
1906261.000,43728,3,GZ,1,100,0.427
1906301.000,43728,3,GZ,1,100,0.427
1906341.000,43728,3,GZ,1,100,0.427
1906381.000,43747,3,GZ,1,100,0.458
1906421.000,43747,3,GZ,1,100,0.458
1906461.000,43747,3,GZ,1,100,0.458
1906501.000,43763,2,GZ,1,100,0.458
1906541.000,43763,2,GZ,1,100,0.397
1906581.000,43781,3,GZ,1,100,0.397
1906621.000,43781,3,GZ,1,100,0.458
1906661.000,43781,3,GZ,1,100,0.427
1906701.000,43796,2,GZ,1,100,0.366
1906741.000,43796,2,GZ,1,100,0.427
1906781.000,43812,3,GZ,1,100,0.427
1906821.000,43812,3,GZ,1,100,0.458
1906861.000,43812,3,GZ,1,100,0.427
1906901.000,43829,3,GZ,1,100,0.427
1906941.000,43829,3,GZ,1,100,0.458
1906981.000,43829,3,GZ,1,100,0.427
1907021.000,43846,2,GZ,1,100,0.397
1907061.000,43846,2,GZ,1,100,0.397
1907101.000,43862,3,GZ,1,100,0.427
1907141.000,43862,3,GZ,1,100,0.488
1907181.000,43862,3,GZ,1,100,0.397
1907221.000,43878,2,GZ,1,100,0.397
1907261.000,43878,2,GZ,1,100,0.488
1907301.000,43894,3,GZ,1,100,0.397
1907341.000,43894,3,GZ,1,100,0.397
1907381.000,43894,3,GZ,1,100,0.458
1907421.000,43911,2,GZ,1,100,0.427
1907461.000,43911,2,GZ,1,100,0.427
1907501.000,43927,3,GZ,1,100,0.427
1907541.000,43927,3,GZ,1,100,0.427
1907581.000,43927,3,GZ,1,100,0.458
1907621.000,43944,2,GZ,1,100,0.366
1907661.000,43944,2,GZ,1,100,0.366
1907701.000,43959,3,GZ,1,100,0.427
1907741.000,43959,3,GZ,1,100,0.397
1907781.000,43959,3,GZ,1,100,0.458
1907821.000,43976,3,GZ,1,100,0.427
1907861.000,43976,3,GZ,1,100,0.366
1907901.000,43976,3,GZ,1,100,0.427
1907941.000,43993,2,GZ,1,100,0.488
1907981.000,43993,2,GZ,1,100,0.397
1908021.000,44010,3,GZ,1,100,0.427
1908061.000,44010,3,GZ,1,100,0.427
1908101.000,44010,3,GZ,1,100,0.366
1908141.000,44031,4,GZ,1,100,0.488
1908181.000,44031,4,GZ,1,100,0.397
1908221.000,44031,4,GZ,1,100,0.397
1908261.000,44031,4,GZ,1,100,0.458
1908301.000,44049,3,GZ,1,100,0.397
1908341.000,44049,3,GZ,1,100,0.397
1908381.000,44049,3,GZ,1,100,0.458
1908421.000,44063,2,GZ,1,100,0.397
1908461.000,44063,2,GZ,1,100,0.458
1908501.000,44080,3,GZ,1,100,0.458
1908541.000,44080,3,GZ,1,100,0.397
1908581.000,44080,3,GZ,1,100,0.427
1908621.000,44097,2,GZ,1,100,0.427
1908661.000,44097,2,GZ,1,100,0.427
1908701.000,44114,3,GZ,1,100,0.458
1908741.000,44114,3,GZ,1,100,0.427
1908781.000,44114,3,GZ,1,100,0.458
1908821.000,44129,2,GZ,1,100,0.427
1908861.000,44129,2,GZ,1,100,0.427
1908901.000,44146,3,GZ,1,100,0.427
1908941.000,44146,3,GZ,1,100,0.427
1908981.000,44146,3,GZ,1,100,0.397
1909021.000,44162,3,GZ,1,100,0.458
1909061.000,44162,3,GZ,1,100,0.427
1909101.000,44162,3,GZ,1,100,0.366
1909141.000,44179,2,GZ,1,100,0.427
1909181.000,44179,2,GZ,1,100,0.427
1909221.000,44196,3,GZ,1,100,0.458
1909261.000,44196,3,GZ,1,100,0.458
1909301.000,44196,3,GZ,1,100,0.397
1909341.000,44211,2,GZ,1,100,0.397
1909381.000,44211,2,GZ,1,100,0.397
1909421.000,44227,3,GZ,1,100,0.427
1909461.000,44227,3,GZ,1,100,0.427
1909501.000,44227,3,GZ,1,100,0.397
1909541.000,44244,3,GZ,1,100,0.397
1909581.000,44244,3,GZ,1,100,0.366
1909621.000,44244,3,GZ,1,100,0.397
1909661.000,44261,2,GZ,1,100,0.427
1909701.000,44261,2,GZ,1,100,0.427
1909741.000,44276,3,GZ,1,100,0.427
1909781.000,44276,3,GZ,1,100,0.427
1909821.000,44276,3,GZ,1,100,0.397
1909861.000,44292,2,GZ,1,100,0.458
1909901.000,44292,2,GZ,1,100,0.427
1909941.000,44310,3,GZ,1,100,0.336
1909981.000,44310,3,GZ,1,100,0.397
1910021.000,44310,3,GZ,1,100,0.458
1910061.000,44326,2,GZ,1,100,0.397
1910101.000,44326,2,GZ,1,100,0.458
1910140.667,44342,3,GZ,1,100,0.366
1910180.333,44342,3,GZ,1,100,0.427
1910220.000,44342,3,GZ,1,100,0.458
1910260.500,44358,2,GZ,1,100,0.366
1910301.000,44358,2,GZ,1,100,0.397
1910340.667,44375,3,GZ,1,100,0.427
1910380.333,44375,3,GZ,1,100,0.427
1910420.000,44375,3,GZ,1,100,0.427
1910460.500,44391,2,GZ,1,100,0.366
1910501.000,44391,2,GZ,1,100,0.397
1910541.000,44407,3,GZ,1,100,0.427
1910581.000,44407,3,GZ,1,100,0.427
1910621.000,44407,3,GZ,1,100,0.397
1910661.000,44423,2,GZ,1,100,0.427
1910701.000,44423,2,GZ,1,100,0.427
1910741.000,44440,3,GZ,1,100,0.427
1910781.000,44440,3,GZ,1,100,0.366
1910821.000,44440,3,GZ,1,100,0.427
1910860.500,44456,2,GZ,1,100,0.458
1910900.000,44456,2,GZ,1,100,0.427
1910940.000,44474,3,GZ,1,100,0.458
1910980.000,44474,3,GZ,1,100,0.397
1911020.000,44474,3,GZ,1,100,0.427
1911060.500,44488,2,GZ,1,100,0.427
1911101.000,44488,2,GZ,1,100,0.397
1911141.000,44505,3,GZ,1,100,0.488
1911181.000,44505,3,GZ,1,100,0.458
1911221.000,44505,3,GZ,1,100,0.427
1911260.667,44523,3,GZ,1,100,0.366
1911300.333,44523,3,GZ,1,100,0.397
1911340.000,44523,3,GZ,1,100,0.488
1911380.333,44541,3,GZ,1,100,0.458
1911420.667,44541,3,GZ,1,100,0.397
1911461.000,44541,3,GZ,1,100,0.427
1911500.500,44558,2,GZ,1,100,0.427
1911540.000,44558,2,GZ,1,100,0.458
1911580.000,44573,3,GZ,1,100,0.427
1911620.000,44573,3,GZ,1,100,0.397
1911660.000,44573,3,GZ,1,100,0.397
1911700.000,44590,3,GZ,1,100,0.427
1911740.000,44590,3,GZ,1,100,0.397
1911780.000,44590,3,GZ,1,100,0.397
1911820.000,44606,2,GZ,1,100,0.427
1911860.000,44606,2,GZ,1,100,0.397
1911900.000,44624,3,GZ,1,100,0.397
1911940.000,44624,3,GZ,1,100,0.397
1911980.000,44624,3,GZ,1,100,0.427
1912020.500,44638,2,GZ,1,100,0.427
1912061.000,44638,2,GZ,1,100,0.427
1912100.667,44655,3,GZ,1,100,0.397
1912140.333,44655,3,GZ,1,100,0.427
1912180.000,44655,3,GZ,1,100,0.397
1912220.000,44671,2,GZ,1,100,0.427
1912260.000,44671,2,GZ,1,100,0.397
1912300.000,44689,3,GZ,1,100,0.397
1912340.000,44689,3,GZ,1,100,0.397
1912380.000,44689,3,GZ,1,100,0.397
1912420.000,44703,2,GZ,1,100,0.427
1912460.000,44703,2,GZ,1,100,0.427
1912500.000,44720,3,GZ,1,100,0.427
1912540.000,44720,3,GZ,1,100,0.397
1912580.000,44720,3,GZ,1,100,0.458
1912620.500,44737,2,GZ,1,100,0.427
1912661.000,44737,2,GZ,1,100,0.427
1912701.000,44754,3,GZ,1,100,0.397
1912741.000,44754,3,GZ,1,100,0.397
1912781.000,44754,3,GZ,1,100,0.458
1912821.000,44769,2,GZ,1,100,0.458
1912861.000,44769,2,GZ,1,100,0.427
1912901.000,44786,3,GZ,1,100,0.427
1912941.000,44786,3,GZ,1,100,0.427
1912981.000,44786,3,GZ,1,100,0.427
1913021.000,44802,3,GZ,1,100,0.458
1913061.000,44802,3,GZ,1,100,0.397
1913101.000,44802,3,GZ,1,100,0.427
1913141.000,44819,2,GZ,1,100,0.458
1913181.000,44819,2,GZ,1,100,0.397
1913221.000,44840,5,GZ,1,100,0.427
1913261.000,44840,5,GZ,1,100,0.427
1913301.000,44840,5,GZ,1,100,0.397
1913341.000,44840,5,GZ,1,100,0.427
1913381.000,44840,5,GZ,1,100,0.427
1913421.000,44856,3,GZ,1,100,0.427
1913461.000,44856,3,GZ,1,100,0.427
1913501.000,44856,3,GZ,1,100,0.458
