EmotiBitTimestamp,PacketNumber,DataLength,TypeTag,ProtocolVersion,DataReliability,EM
1839575.000,33081,4,EM,1,100,RS
1839575.000,33081,4,EM,1,100,RB
1839575.000,33081,4,EM,1,100,2024-09-18_13-07-51-985797.csv
1839575.000,33081,4,EM,1,100,PS
1839625.250,33110,4,EM,1,100,RS
1839675.500,33110,4,EM,1,100,RB
1839725.750,33110,4,EM,1,100,2024-09-18_13-07-51-985797.csv
1839776.000,33110,4,EM,1,100,PS
1839826.000,33145,4,EM,1,100,RS
1839876.000,33145,4,EM,1,100,RB
1839926.000,33145,4,EM,1,100,2024-09-18_13-07-51-985797.csv
1839976.000,33145,4,EM,1,100,PS
1840026.250,33177,4,EM,1,100,RS
1840076.500,33177,4,EM,1,100,RB
1840126.750,33177,4,EM,1,100,2024-09-18_13-07-51-985797.csv
1840177.000,33177,4,EM,1,100,PS
1840227.250,33210,4,EM,1,100,RS
1840277.500,33210,4,EM,1,100,RB
1840327.750,33210,4,EM,1,100,2024-09-18_13-07-51-985797.csv
1840378.000,33210,4,EM,1,100,PS
1840428.250,33242,4,EM,1,100,RS
1840478.500,33242,4,EM,1,100,RB
1840528.750,33242,4,EM,1,100,2024-09-18_13-07-51-985797.csv
1840579.000,33242,4,EM,1,100,PS
1840630.250,33276,4,EM,1,100,RS
1840681.500,33276,4,EM,1,100,RB
1840732.750,33276,4,EM,1,100,2024-09-18_13-07-51-985797.csv
1840784.000,33276,4,EM,1,100,PS
1840834.250,33307,4,EM,1,100,RS
1840884.500,33307,4,EM,1,100,RB
1840934.750,33307,4,EM,1,100,2024-09-18_13-07-51-985797.csv
1840985.000,33307,4,EM,1,100,PS
1841036.000,33343,4,EM,1,100,RS
1841087.000,33343,4,EM,1,100,RB
1841138.000,33343,4,EM,1,100,2024-09-18_13-07-51-985797.csv
1841189.000,33343,4,EM,1,100,PS
1841239.250,33379,4,EM,1,100,RS
1841289.500,33379,4,EM,1,100,RB
1841339.750,33379,4,EM,1,100,2024-09-18_13-07-51-985797.csv
1841390.000,33379,4,EM,1,100,PS
1841462.000,33415,4,EM,1,100,RS
1841534.000,33415,4,EM,1,100,RB
1841606.000,33415,4,EM,1,100,2024-09-18_13-07-51-985797.csv
1841678.000,33415,4,EM,1,100,PS
1841728.250,33449,4,EM,1,100,RS
1841778.500,33449,4,EM,1,100,RB
1841828.750,33449,4,EM,1,100,2024-09-18_13-07-51-985797.csv
1841879.000,33449,4,EM,1,100,PS
1841929.750,33483,4,EM,1,100,RS
1841980.500,33483,4,EM,1,100,RB
1842031.250,33483,4,EM,1,100,2024-09-18_13-07-51-985797.csv
1842082.000,33483,4,EM,1,100,PS
1842132.250,33514,4,EM,1,100,RS
1842182.500,33514,4,EM,1,100,RB
1842232.750,33514,4,EM,1,100,2024-09-18_13-07-51-985797.csv
1842283.000,33514,4,EM,1,100,PS
1842333.250,33548,4,EM,1,100,RS
1842383.500,33548,4,EM,1,100,RB
1842433.750,33548,4,EM,1,100,2024-09-18_13-07-51-985797.csv
1842484.000,33548,4,EM,1,100,PS
1842534.250,33581,4,EM,1,100,RS
1842584.500,33581,4,EM,1,100,RB
1842634.750,33581,4,EM,1,100,2024-09-18_13-07-51-985797.csv
1842685.000,33581,4,EM,1,100,PS
1842735.500,33615,4,EM,1,100,RS
1842786.000,33615,4,EM,1,100,RB
1842836.500,33615,4,EM,1,100,2024-09-18_13-07-51-985797.csv
1842887.000,33615,4,EM,1,100,PS
1842937.250,33647,4,EM,1,100,RS
1842987.500,33647,4,EM,1,100,RB
1843037.750,33647,4,EM,1,100,2024-09-18_13-07-51-985797.csv
1843088.000,33647,4,EM,1,100,PS
1843138.250,33680,4,EM,1,100,RS
1843188.500,33680,4,EM,1,100,RB
1843238.750,33680,4,EM,1,100,2024-09-18_13-07-51-985797.csv
1843289.000,33680,4,EM,1,100,PS
1843339.250,33712,4,EM,1,100,RS
1843389.500,33712,4,EM,1,100,RB
1843439.750,33712,4,EM,1,100,2024-09-18_13-07-51-985797.csv
1843490.000,33712,4,EM,1,100,PS
1843540.250,33745,4,EM,1,100,RS
1843590.500,33745,4,EM,1,100,RB
1843640.750,33745,4,EM,1,100,2024-09-18_13-07-51-985797.csv
1843691.000,33745,4,EM,1,100,PS
1843741.250,33777,4,EM,1,100,RS
1843791.500,33777,4,EM,1,100,RB
1843841.750,33777,4,EM,1,100,2024-09-18_13-07-51-985797.csv
1843892.000,33777,4,EM,1,100,PS
1843943.000,33811,4,EM,1,100,RS
1843994.000,33811,4,EM,1,100,RB
1844045.000,33811,4,EM,1,100,2024-09-18_13-07-51-985797.csv
1844096.000,33811,4,EM,1,100,PS
1844146.000,33842,4,EM,1,100,RS
1844196.000,33842,4,EM,1,100,RB
1844246.000,33842,4,EM,1,100,2024-09-18_13-07-51-985797.csv
1844296.000,33842,4,EM,1,100,PS
1844346.250,33878,4,EM,1,100,RS
1844396.500,33878,4,EM,1,100,RB
1844446.750,33878,4,EM,1,100,2024-09-18_13-07-51-985797.csv
1844497.000,33878,4,EM,1,100,PS
1844547.250,33911,4,EM,1,100,RS
1844597.500,33911,4,EM,1,100,RB
1844647.750,33911,4,EM,1,100,2024-09-18_13-07-51-985797.csv
1844698.000,33911,4,EM,1,100,PS
1844748.500,33945,4,EM,1,100,RS
1844799.000,33945,4,EM,1,100,RB
1844849.500,33945,4,EM,1,100,2024-09-18_13-07-51-985797.csv
1844900.000,33945,4,EM,1,100,PS
1844950.250,33978,4,EM,1,100,RS
1845000.500,33978,4,EM,1,100,RB
1845050.750,33978,4,EM,1,100,2024-09-18_13-07-51-985797.csv
1845101.000,33978,4,EM,1,100,PS
1845151.250,34012,4,EM,1,100,RS
1845201.500,34012,4,EM,1,100,RB
1845251.750,34012,4,EM,1,100,2024-09-18_13-07-51-985797.csv
1845302.000,34012,4,EM,1,100,PS
1845352.250,34046,4,EM,1,100,RS
1845402.500,34046,4,EM,1,100,RB
1845452.750,34046,4,EM,1,100,2024-09-18_13-07-51-985797.csv
1845503.000,34046,4,EM,1,100,PS
1845553.250,34078,4,EM,1,100,RS
1845603.500,34078,4,EM,1,100,RB
1845653.750,34078,4,EM,1,100,2024-09-18_13-07-51-985797.csv
1845704.000,34078,4,EM,1,100,PS
1845755.000,34111,4,EM,1,100,RS
1845806.000,34111,4,EM,1,100,RB
1845857.000,34111,4,EM,1,100,2024-09-18_13-07-51-985797.csv
1845908.000,34111,4,EM,1,100,PS
1845958.250,34143,4,EM,1,100,RS
1846008.500,34143,4,EM,1,100,RB
1846058.750,34143,4,EM,1,100,2024-09-18_13-07-51-985797.csv
1846109.000,34143,4,EM,1,100,PS
1846159.250,34178,4,EM,1,100,RS
1846209.500,34178,4,EM,1,100,RB
1846259.750,34178,4,EM,1,100,2024-09-18_13-07-51-985797.csv
1846310.000,34178,4,EM,1,100,PS
1846360.250,34212,4,EM,1,100,RS
1846410.500,34212,4,EM,1,100,RB
1846460.750,34212,4,EM,1,100,2024-09-18_13-07-51-985797.csv
1846511.000,34212,4,EM,1,100,PS
1846584.250,34251,4,EM,1,100,RS
1846657.500,34251,4,EM,1,100,RB
1846730.750,34251,4,EM,1,100,2024-09-18_13-07-51-985797.csv
1846804.000,34251,4,EM,1,100,PS
1846854.250,34284,4,EM,1,100,RS
1846904.500,34284,4,EM,1,100,RB
1846954.750,34284,4,EM,1,100,2024-09-18_13-07-51-985797.csv
1847005.000,34284,4,EM,1,100,PS
1847055.250,34318,4,EM,1,100,RS
1847105.500,34318,4,EM,1,100,RB
1847155.750,34318,4,EM,1,100,2024-09-18_13-07-51-985797.csv
1847206.000,34318,4,EM,1,100,PS
1847256.250,34352,4,EM,1,100,RS
1847306.500,34352,4,EM,1,100,RB
1847356.750,34352,4,EM,1,100,2024-09-18_13-07-51-985797.csv
1847407.000,34352,4,EM,1,100,PS
1847457.250,34383,4,EM,1,100,RS
1847507.500,34383,4,EM,1,100,RB
1847557.750,34383,4,EM,1,100,2024-09-18_13-07-51-985797.csv
1847608.000,34383,4,EM,1,100,PS
1847658.250,34417,4,EM,1,100,RS
1847708.500,34417,4,EM,1,100,RB
1847758.750,34417,4,EM,1,100,2024-09-18_13-07-51-985797.csv
1847809.000,34417,4,EM,1,100,PS
1847859.250,34448,4,EM,1,100,RS
1847909.500,34448,4,EM,1,100,RB
1847959.750,34448,4,EM,1,100,2024-09-18_13-07-51-985797.csv
1848010.000,34448,4,EM,1,100,PS
1848060.250,34482,4,EM,1,100,RS
1848110.500,34482,4,EM,1,100,RB
1848160.750,34482,4,EM,1,100,2024-09-18_13-07-51-985797.csv
1848211.000,34482,4,EM,1,100,PS
1848262.000,34514,4,EM,1,100,RS
1848313.000,34514,4,EM,1,100,RB
1848364.000,34514,4,EM,1,100,2024-09-18_13-07-51-985797.csv
1848415.000,34514,4,EM,1,100,PS
1848465.250,34547,4,EM,1,100,RS
1848515.500,34547,4,EM,1,100,RB
1848565.750,34547,4,EM,1,100,2024-09-18_13-07-51-985797.csv
1848616.000,34547,4,EM,1,100,PS
1848666.250,34579,4,EM,1,100,RS
1848716.500,34579,4,EM,1,100,RB
1848766.750,34579,4,EM,1,100,2024-09-18_13-07-51-985797.csv
1848817.000,34579,4,EM,1,100,PS
1848867.250,34612,4,EM,1,100,RS
1848917.500,34612,4,EM,1,100,RB
1848967.750,34612,4,EM,1,100,2024-09-18_13-07-51-985797.csv
1849018.000,34612,4,EM,1,100,PS
1849068.250,34644,4,EM,1,100,RS
1849118.500,34644,4,EM,1,100,RB
1849168.750,34644,4,EM,1,100,2024-09-18_13-07-51-985797.csv
1849219.000,34644,4,EM,1,100,PS
1849269.250,34678,4,EM,1,100,RS
1849319.500,34678,4,EM,1,100,RB
1849369.750,34678,4,EM,1,100,2024-09-18_13-07-51-985797.csv
1849420.000,34678,4,EM,1,100,PS
1849470.250,34709,4,EM,1,100,RS
1849520.500,34709,4,EM,1,100,RB
1849570.750,34709,4,EM,1,100,2024-09-18_13-07-51-985797.csv
1849621.000,34709,4,EM,1,100,PS
1849671.250,34743,4,EM,1,100,RS
1849721.500,34743,4,EM,1,100,RB
1849771.750,34743,4,EM,1,100,2024-09-18_13-07-51-985797.csv
1849822.000,34743,4,EM,1,100,PS
1849872.250,34774,4,EM,1,100,RS
1849922.500,34774,4,EM,1,100,RB
1849972.750,34774,4,EM,1,100,2024-09-18_13-07-51-985797.csv
1850023.000,34774,4,EM,1,100,PS
1850073.250,34808,4,EM,1,100,RS
1850123.500,34808,4,EM,1,100,RB
1850173.750,34808,4,EM,1,100,2024-09-18_13-07-51-985797.csv
1850224.000,34808,4,EM,1,100,PS
1850275.000,34840,4,EM,1,100,RS
1850326.000,34840,4,EM,1,100,RB
1850377.000,34840,4,EM,1,100,2024-09-18_13-07-51-985797.csv
1850428.000,34840,4,EM,1,100,PS
1850478.000,34873,4,EM,1,100,RS
1850528.000,34873,4,EM,1,100,RB
1850578.000,34873,4,EM,1,100,2024-09-18_13-07-51-985797.csv
1850628.000,34873,4,EM,1,100,PS
1850678.250,34906,4,EM,1,100,RS
1850728.500,34906,4,EM,1,100,RB
1850778.750,34906,4,EM,1,100,2024-09-18_13-07-51-985797.csv
1850829.000,34906,4,EM,1,100,PS
1850879.250,34939,4,EM,1,100,RS
1850929.500,34939,4,EM,1,100,RB
1850979.750,34939,4,EM,1,100,2024-09-18_13-07-51-985797.csv
1851030.000,34939,4,EM,1,100,PS
1851080.250,34972,4,EM,1,100,RS
1851130.500,34972,4,EM,1,100,RB
1851180.750,34972,4,EM,1,100,2024-09-18_13-07-51-985797.csv
1851231.000,34972,4,EM,1,100,PS
1851281.500,35006,4,EM,1,100,RS
1851332.000,35006,4,EM,1,100,RB
1851382.500,35006,4,EM,1,100,2024-09-18_13-07-51-985797.csv
1851433.000,35006,4,EM,1,100,PS
1851483.250,35039,4,EM,1,100,RS
1851533.500,35039,4,EM,1,100,RB
1851583.750,35039,4,EM,1,100,2024-09-18_13-07-51-985797.csv
1851634.000,35039,4,EM,1,100,PS
1851708.000,35076,4,EM,1,100,RS
1851782.000,35076,4,EM,1,100,RB
1851856.000,35076,4,EM,1,100,2024-09-18_13-07-51-985797.csv
1851930.000,35076,4,EM,1,100,PS
1851980.250,35110,4,EM,1,100,RS
1852030.500,35110,4,EM,1,100,RB
1852080.750,35110,4,EM,1,100,2024-09-18_13-07-51-985797.csv
1852131.000,35110,4,EM,1,100,PS
1852181.750,35142,4,EM,1,100,RS
1852232.500,35142,4,EM,1,100,RB
1852283.250,35142,4,EM,1,100,2024-09-18_13-07-51-985797.csv
1852334.000,35142,4,EM,1,100,PS
1852384.250,35175,4,EM,1,100,RS
1852434.500,35175,4,EM,1,100,RB
1852484.750,35175,4,EM,1,100,2024-09-18_13-07-51-985797.csv
1852535.000,35175,4,EM,1,100,PS
1852585.250,35209,4,EM,1,100,RS
1852635.500,35209,4,EM,1,100,RB
1852685.750,35209,4,EM,1,100,2024-09-18_13-07-51-985797.csv
1852736.000,35209,4,EM,1,100,PS
1852786.250,35240,4,EM,1,100,RS
1852836.500,35240,4,EM,1,100,RB
1852886.750,35240,4,EM,1,100,2024-09-18_13-07-51-985797.csv
1852937.000,35240,4,EM,1,100,PS
1852987.250,35274,4,EM,1,100,RS
1853037.500,35274,4,EM,1,100,RB
1853087.750,35274,4,EM,1,100,2024-09-18_13-07-51-985797.csv
1853138.000,35274,4,EM,1,100,PS
1853188.250,35305,4,EM,1,100,RS
1853238.500,35305,4,EM,1,100,RB
1853288.750,35305,4,EM,1,100,2024-09-18_13-07-51-985797.csv
1853339.000,35305,4,EM,1,100,PS
1853389.250,35339,4,EM,1,100,RS
1853439.500,35339,4,EM,1,100,RB
1853489.750,35339,4,EM,1,100,2024-09-18_13-07-51-985797.csv
1853540.000,35339,4,EM,1,100,PS
1853590.250,35371,4,EM,1,100,RS
1853640.500,35371,4,EM,1,100,RB
1853690.750,35371,4,EM,1,100,2024-09-18_13-07-51-985797.csv
1853741.000,35371,4,EM,1,100,PS
1853791.250,35404,4,EM,1,100,RS
1853841.500,35404,4,EM,1,100,RB
1853891.750,35404,4,EM,1,100,2024-09-18_13-07-51-985797.csv
1853942.000,35404,4,EM,1,100,PS
1853992.250,35436,4,EM,1,100,RS
1854042.500,35436,4,EM,1,100,RB
1854092.750,35436,4,EM,1,100,2024-09-18_13-07-51-985797.csv
1854143.000,35436,4,EM,1,100,PS
1854193.250,35469,4,EM,1,100,RS
1854243.500,35469,4,EM,1,100,RB
1854293.750,35469,4,EM,1,100,2024-09-18_13-07-51-985797.csv
1854344.000,35469,4,EM,1,100,PS
1854394.750,35501,4,EM,1,100,RS
1854445.500,35501,4,EM,1,100,RB
1854496.250,35501,4,EM,1,100,2024-09-18_13-07-51-985797.csv
1854547.000,35501,4,EM,1,100,PS
1854597.250,35535,4,EM,1,100,RS
1854647.500,35535,4,EM,1,100,RB
1854697.750,35535,4,EM,1,100,2024-09-18_13-07-51-985797.csv
1854748.000,35535,4,EM,1,100,PS
1854798.250,35566,4,EM,1,100,RS
1854848.500,35566,4,EM,1,100,RB
1854898.750,35566,4,EM,1,100,2024-09-18_13-07-51-985797.csv
1854949.000,35566,4,EM,1,100,PS
1854999.250,35600,4,EM,1,100,RS
1855049.500,35600,4,EM,1,100,RB
1855099.750,35600,4,EM,1,100,2024-09-18_13-07-51-985797.csv
1855150.000,35600,4,EM,1,100,PS
1855200.250,35631,4,EM,1,100,RS
1855250.500,35631,4,EM,1,100,RB
1855300.750,35631,4,EM,1,100,2024-09-18_13-07-51-985797.csv
1855351.000,35631,4,EM,1,100,PS
1855401.250,35665,4,EM,1,100,RS
1855451.500,35665,4,EM,1,100,RB
1855501.750,35665,4,EM,1,100,2024-09-18_13-07-51-985797.csv
1855552.000,35665,4,EM,1,100,PS
1855602.250,35697,4,EM,1,100,RS
1855652.500,35697,4,EM,1,100,RB
1855702.750,35697,4,EM,1,100,2024-09-18_13-07-51-985797.csv
1855753.000,35697,4,EM,1,100,PS
1855803.250,35730,4,EM,1,100,RS
1855853.500,35730,4,EM,1,100,RB
1855903.750,35730,4,EM,1,100,2024-09-18_13-07-51-985797.csv
1855954.000,35730,4,EM,1,100,PS
1856004.250,35762,4,EM,1,100,RS
1856054.500,35762,4,EM,1,100,RB
1856104.750,35762,4,EM,1,100,2024-09-18_13-07-51-985797.csv
1856155.000,35762,4,EM,1,100,PS
1856205.250,35797,4,EM,1,100,RS
1856255.500,35797,4,EM,1,100,RB
1856305.750,35797,4,EM,1,100,2024-09-18_13-07-51-985797.csv
1856356.000,35797,4,EM,1,100,PS
1856406.250,35830,4,EM,1,100,RS
1856456.500,35830,4,EM,1,100,RB
1856506.750,35830,4,EM,1,100,2024-09-18_13-07-51-985797.csv
1856557.000,35830,4,EM,1,100,PS
1856608.000,35863,4,EM,1,100,RS
1856659.000,35863,4,EM,1,100,RB
1856710.000,35863,4,EM,1,100,2024-09-18_13-07-51-985797.csv
1856761.000,35863,4,EM,1,100,PS
1856834.500,35901,4,EM,1,100,RS
1856908.000,35901,4,EM,1,100,RB
1856981.500,35901,4,EM,1,100,2024-09-18_13-07-51-985797.csv
1857055.000,35901,4,EM,1,100,PS
1857105.250,35933,4,EM,1,100,RS
1857155.500,35933,4,EM,1,100,RB
1857205.750,35933,4,EM,1,100,2024-09-18_13-07-51-985797.csv
1857256.000,35933,4,EM,1,100,PS
1857306.250,35967,4,EM,1,100,RS
1857356.500,35967,4,EM,1,100,RB
1857406.750,35967,4,EM,1,100,2024-09-18_13-07-51-985797.csv
1857457.000,35967,4,EM,1,100,PS
1857507.250,35999,4,EM,1,100,RS
1857557.500,35999,4,EM,1,100,RB
1857607.750,35999,4,EM,1,100,2024-09-18_13-07-51-985797.csv
1857658.000,35999,4,EM,1,100,PS
1857708.250,36032,4,EM,1,100,RS
1857758.500,36032,4,EM,1,100,RB
1857808.750,36032,4,EM,1,100,2024-09-18_13-07-51-985797.csv
1857859.000,36032,4,EM,1,100,PS
1857909.250,36066,4,EM,1,100,RS
1857959.500,36066,4,EM,1,100,RB
1858009.750,36066,4,EM,1,100,2024-09-18_13-07-51-985797.csv
1858060.000,36066,4,EM,1,100,PS
1858110.250,36097,4,EM,1,100,RS
1858160.500,36097,4,EM,1,100,RB
1858210.750,36097,4,EM,1,100,2024-09-18_13-07-51-985797.csv
1858261.000,36097,4,EM,1,100,PS
1858311.250,36131,4,EM,1,100,RS
1858361.500,36131,4,EM,1,100,RB
1858411.750,36131,4,EM,1,100,2024-09-18_13-07-51-985797.csv
1858462.000,36131,4,EM,1,100,PS
1858512.250,36162,4,EM,1,100,RS
1858562.500,36162,4,EM,1,100,RB
1858612.750,36162,4,EM,1,100,2024-09-18_13-07-51-985797.csv
1858663.000,36162,4,EM,1,100,PS
1858714.000,36196,4,EM,1,100,RS
1858765.000,36196,4,EM,1,100,RB
1858816.000,36196,4,EM,1,100,2024-09-18_13-07-51-985797.csv
1858867.000,36196,4,EM,1,100,PS
1858917.250,36228,4,EM,1,100,RS
1858967.500,36228,4,EM,1,100,RB
1859017.750,36228,4,EM,1,100,2024-09-18_13-07-51-985797.csv
1859068.000,36228,4,EM,1,100,PS
1859118.250,36261,4,EM,1,100,RS
1859168.500,36261,4,EM,1,100,RB
1859218.750,36261,4,EM,1,100,2024-09-18_13-07-51-985797.csv
1859269.000,36261,4,EM,1,100,PS
1859319.250,36293,4,EM,1,100,RS
1859369.500,36293,4,EM,1,100,RB
1859419.750,36293,4,EM,1,100,2024-09-18_13-07-51-985797.csv
1859470.000,36293,4,EM,1,100,PS
1859520.250,36326,4,EM,1,100,RS
1859570.500,36326,4,EM,1,100,RB
1859620.750,36326,4,EM,1,100,2024-09-18_13-07-51-985797.csv
1859671.000,36326,4,EM,1,100,PS
1859721.250,36358,4,EM,1,100,RS
1859771.500,36358,4,EM,1,100,RB
1859821.750,36358,4,EM,1,100,2024-09-18_13-07-51-985797.csv
1859872.000,36358,4,EM,1,100,PS
1859922.250,36392,4,EM,1,100,RS
1859972.500,36392,4,EM,1,100,RB
1860022.750,36392,4,EM,1,100,2024-09-18_13-07-51-985797.csv
1860073.000,36392,4,EM,1,100,PS
1860123.250,36423,4,EM,1,100,RS
1860173.500,36423,4,EM,1,100,RB
1860223.750,36423,4,EM,1,100,2024-09-18_13-07-51-985797.csv
1860274.000,36423,4,EM,1,100,PS
1860324.250,36457,4,EM,1,100,RS
1860374.500,36457,4,EM,1,100,RB
1860424.750,36457,4,EM,1,100,2024-09-18_13-07-51-985797.csv
1860475.000,36457,4,EM,1,100,PS
1860525.250,36488,4,EM,1,100,RS
1860575.500,36488,4,EM,1,100,RB
1860625.750,36488,4,EM,1,100,2024-09-18_13-07-51-985797.csv
1860676.000,36488,4,EM,1,100,PS
1860726.250,36522,4,EM,1,100,RS
1860776.500,36522,4,EM,1,100,RB
1860826.750,36522,4,EM,1,100,2024-09-18_13-07-51-985797.csv
1860877.000,36522,4,EM,1,100,PS
1860927.750,36554,4,EM,1,100,RS
1860978.500,36554,4,EM,1,100,RB
1861029.250,36554,4,EM,1,100,2024-09-18_13-07-51-985797.csv
1861080.000,36554,4,EM,1,100,PS
1861130.250,36587,4,EM,1,100,RS
1861180.500,36587,4,EM,1,100,RB
1861230.750,36587,4,EM,1,100,2024-09-18_13-07-51-985797.csv
1861281.000,36587,4,EM,1,100,PS
1861331.250,36621,4,EM,1,100,RS
1861381.500,36621,4,EM,1,100,RB
1861431.750,36621,4,EM,1,100,2024-09-18_13-07-51-985797.csv
1861482.000,36621,4,EM,1,100,PS
1861532.250,36654,4,EM,1,100,RS
1861582.500,36654,4,EM,1,100,RB
1861632.750,36654,4,EM,1,100,2024-09-18_13-07-51-985797.csv
1861683.000,36654,4,EM,1,100,PS
1861733.500,36687,4,EM,1,100,RS
1861784.000,36687,4,EM,1,100,RB
1861834.500,36687,4,EM,1,100,2024-09-18_13-07-51-985797.csv
1861885.000,36687,4,EM,1,100,PS
1861957.500,36723,4,EM,1,100,RS
1862030.000,36723,4,EM,1,100,RB
1862102.500,36723,4,EM,1,100,2024-09-18_13-07-51-985797.csv
1862175.000,36723,4,EM,1,100,PS
1862225.250,36756,4,EM,1,100,RS
1862275.500,36756,4,EM,1,100,RB
1862325.750,36756,4,EM,1,100,2024-09-18_13-07-51-985797.csv
1862376.000,36756,4,EM,1,100,PS
1862426.250,36788,4,EM,1,100,RS
1862476.500,36788,4,EM,1,100,RB
1862526.750,36788,4,EM,1,100,2024-09-18_13-07-51-985797.csv
1862577.000,36788,4,EM,1,100,PS
1862628.250,36822,4,EM,1,100,RS
1862679.500,36822,4,EM,1,100,RB
1862730.750,36822,4,EM,1,100,2024-09-18_13-07-51-985797.csv
1862782.000,36822,4,EM,1,100,PS
1862832.000,36853,4,EM,1,100,RS
1862882.000,36853,4,EM,1,100,RB
1862932.000,36853,4,EM,1,100,2024-09-18_13-07-51-985797.csv
1862982.000,36853,4,EM,1,100,PS
1863032.250,36887,4,EM,1,100,RS
1863082.500,36887,4,EM,1,100,RB
1863132.750,36887,4,EM,1,100,2024-09-18_13-07-51-985797.csv
1863183.000,36887,4,EM,1,100,PS
1863233.750,36918,4,EM,1,100,RS
1863284.500,36918,4,EM,1,100,RB
1863335.250,36918,4,EM,1,100,2024-09-18_13-07-51-985797.csv
1863386.000,36918,4,EM,1,100,PS
1863436.250,36952,4,EM,1,100,RS
1863486.500,36952,4,EM,1,100,RB
1863536.750,36952,4,EM,1,100,2024-09-18_13-07-51-985797.csv
1863587.000,36952,4,EM,1,100,PS
1863637.250,36985,4,EM,1,100,RS
1863687.500,36985,4,EM,1,100,RB
1863737.750,36985,4,EM,1,100,2024-09-18_13-07-51-985797.csv
1863788.000,36985,4,EM,1,100,PS
1863838.250,37017,4,EM,1,100,RS
1863888.500,37017,4,EM,1,100,RB
1863938.750,37017,4,EM,1,100,2024-09-18_13-07-51-985797.csv
1863989.000,37017,4,EM,1,100,PS
1864039.250,37051,4,EM,1,100,RS
1864089.500,37051,4,EM,1,100,RB
1864139.750,37051,4,EM,1,100,2024-09-18_13-07-51-985797.csv
1864190.000,37051,4,EM,1,100,PS
1864240.250,37083,4,EM,1,100,RS
1864290.500,37083,4,EM,1,100,RB
1864340.750,37083,4,EM,1,100,2024-09-18_13-07-51-985797.csv
1864391.000,37083,4,EM,1,100,PS
1864441.250,37116,4,EM,1,100,RS
1864491.500,37116,4,EM,1,100,RB
1864541.750,37116,4,EM,1,100,2024-09-18_13-07-51-985797.csv
1864592.000,37116,4,EM,1,100,PS
1864642.250,37148,4,EM,1,100,RS
1864692.500,37148,4,EM,1,100,RB
1864742.750,37148,4,EM,1,100,2024-09-18_13-07-51-985797.csv
1864793.000,37148,4,EM,1,100,PS
1864843.250,37181,4,EM,1,100,RS
1864893.500,37181,4,EM,1,100,RB
1864943.750,37181,4,EM,1,100,2024-09-18_13-07-51-985797.csv
1864994.000,37181,4,EM,1,100,PS
1865044.250,37213,4,EM,1,100,RS
1865094.500,37213,4,EM,1,100,RB
1865144.750,37213,4,EM,1,100,2024-09-18_13-07-51-985797.csv
1865195.000,37213,4,EM,1,100,PS
1865245.250,37247,4,EM,1,100,RS
1865295.500,37247,4,EM,1,100,RB
1865345.750,37247,4,EM,1,100,2024-09-18_13-07-51-985797.csv
1865396.000,37247,4,EM,1,100,PS
1865447.000,37278,4,EM,1,100,RS
1865498.000,37278,4,EM,1,100,RB
1865549.000,37278,4,EM,1,100,2024-09-18_13-07-51-985797.csv
1865600.000,37278,4,EM,1,100,PS
1865650.250,37312,4,EM,1,100,RS
1865700.500,37312,4,EM,1,100,RB
1865750.750,37312,4,EM,1,100,2024-09-18_13-07-51-985797.csv
1865801.000,37312,4,EM,1,100,PS
1865851.250,37343,4,EM,1,100,RS
1865901.500,37343,4,EM,1,100,RB
1865951.750,37343,4,EM,1,100,2024-09-18_13-07-51-985797.csv
1866002.000,37343,4,EM,1,100,PS
1866080.500,37377,4,EM,1,100,RS
1866159.000,37377,4,EM,1,100,RB
1866237.500,37377,4,EM,1,100,2024-09-18_13-07-51-985797.csv
1866316.000,37377,4,EM,1,100,PS
1866367.000,37413,4,EM,1,100,RS
1866418.000,37413,4,EM,1,100,RB
1866469.000,37413,4,EM,1,100,2024-09-18_13-07-51-985797.csv
1866520.000,37413,4,EM,1,100,PS
1866570.250,37444,4,EM,1,100,RS
1866620.500,37444,4,EM,1,100,RB
1866670.750,37444,4,EM,1,100,2024-09-18_13-07-51-985797.csv
1866721.000,37444,4,EM,1,100,PS
1866771.250,37478,4,EM,1,100,RS
1866821.500,37478,4,EM,1,100,RB
1866871.750,37478,4,EM,1,100,2024-09-18_13-07-51-985797.csv
1866922.000,37478,4,EM,1,100,PS
1866972.250,37511,4,EM,1,100,RS
1867022.500,37511,4,EM,1,100,RB
1867072.750,37511,4,EM,1,100,2024-09-18_13-07-51-985797.csv
1867123.000,37511,4,EM,1,100,PS
1867177.500,37550,4,EM,1,100,RS
1867232.000,37550,4,EM,1,100,RB
1867286.500,37550,4,EM,1,100,2024-09-18_13-07-51-985797.csv
1867341.000,37550,4,EM,1,100,PS
1867391.000,37584,4,EM,1,100,RS
1867441.000,37584,4,EM,1,100,RB
1867491.000,37584,4,EM,1,100,2024-09-18_13-07-51-985797.csv
1867541.000,37584,4,EM,1,100,PS
1867591.250,37617,4,EM,1,100,RS
1867641.500,37617,4,EM,1,100,RB
1867691.750,37617,4,EM,1,100,2024-09-18_13-07-51-985797.csv
1867742.000,37617,4,EM,1,100,PS
1867793.000,37649,4,EM,1,100,RS
1867844.000,37649,4,EM,1,100,RB
1867895.000,37649,4,EM,1,100,2024-09-18_13-07-51-985797.csv
1867946.000,37649,4,EM,1,100,PS
1867996.000,37682,4,EM,1,100,RS
1868046.000,37682,4,EM,1,100,RB
1868096.000,37682,4,EM,1,100,2024-09-18_13-07-51-985797.csv
1868146.000,37682,4,EM,1,100,PS
1868196.250,37715,4,EM,1,100,RS
1868246.500,37715,4,EM,1,100,RB
1868296.750,37715,4,EM,1,100,2024-09-18_13-07-51-985797.csv
1868347.000,37715,4,EM,1,100,PS
1868418.750,37748,4,EM,1,100,RS
1868490.500,37748,4,EM,1,100,RB
1868562.250,37748,4,EM,1,100,2024-09-18_13-07-51-985797.csv
1868634.000,37748,4,EM,1,100,PS
1868684.250,37780,4,EM,1,100,RS
1868734.500,37780,4,EM,1,100,RB
1868784.750,37780,4,EM,1,100,2024-09-18_13-07-51-985797.csv
1868835.000,37780,4,EM,1,100,PS
1868886.000,37813,4,EM,1,100,RS
1868937.000,37813,4,EM,1,100,RB
1868988.000,37813,4,EM,1,100,2024-09-18_13-07-51-985797.csv
1869039.000,37813,4,EM,1,100,PS
1869089.250,37845,4,EM,1,100,RS
1869139.500,37845,4,EM,1,100,RB
1869189.750,37845,4,EM,1,100,2024-09-18_13-07-51-985797.csv
1869240.000,37845,4,EM,1,100,PS
1869292.000,37879,4,EM,1,100,RS
1869344.000,37879,4,EM,1,100,RB
1869396.000,37879,4,EM,1,100,2024-09-18_13-07-51-985797.csv
1869448.000,37879,4,EM,1,100,PS
1869498.250,37910,4,EM,1,100,RS
1869548.500,37910,4,EM,1,100,RB
1869598.750,37910,4,EM,1,100,2024-09-18_13-07-51-985797.csv
1869649.000,37910,4,EM,1,100,PS
1869700.000,37944,4,EM,1,100,RS
1869751.000,37944,4,EM,1,100,RB
1869802.000,37944,4,EM,1,100,2024-09-18_13-07-51-985797.csv
1869853.000,37944,4,EM,1,100,PS
1869903.250,37975,4,EM,1,100,RS
1869953.500,37975,4,EM,1,100,RB
1870003.750,37975,4,EM,1,100,2024-09-18_13-07-51-985797.csv
1870054.000,37975,4,EM,1,100,PS
1870104.250,38009,4,EM,1,100,RS
1870154.500,38009,4,EM,1,100,RB
1870204.750,38009,4,EM,1,100,2024-09-18_13-07-51-985797.csv
1870255.000,38009,4,EM,1,100,PS
1870305.250,38042,4,EM,1,100,RS
1870355.500,38042,4,EM,1,100,RB
1870405.750,38042,4,EM,1,100,2024-09-18_13-07-51-985797.csv
1870456.000,38042,4,EM,1,100,PS
1870506.250,38074,4,EM,1,100,RS
1870556.500,38074,4,EM,1,100,RB
1870606.750,38074,4,EM,1,100,2024-09-18_13-07-51-985797.csv
1870657.000,38074,4,EM,1,100,PS
1870707.250,38108,4,EM,1,100,RS
1870757.500,38108,4,EM,1,100,RB
1870807.750,38108,4,EM,1,100,2024-09-18_13-07-51-985797.csv
1870858.000,38108,4,EM,1,100,PS
1870908.250,38140,4,EM,1,100,RS
1870958.500,38140,4,EM,1,100,RB
1871008.750,38140,4,EM,1,100,2024-09-18_13-07-51-985797.csv
1871059.000,38140,4,EM,1,100,PS
1871109.250,38173,4,EM,1,100,RS
1871159.500,38173,4,EM,1,100,RB
1871209.750,38173,4,EM,1,100,2024-09-18_13-07-51-985797.csv
1871260.000,38173,4,EM,1,100,PS
1871310.250,38207,4,EM,1,100,RS
1871360.500,38207,4,EM,1,100,RB
1871410.750,38207,4,EM,1,100,2024-09-18_13-07-51-985797.csv
1871461.000,38207,4,EM,1,100,PS
1871511.250,38240,4,EM,1,100,RS
1871561.500,38240,4,EM,1,100,RB
1871611.750,38240,4,EM,1,100,2024-09-18_13-07-51-985797.csv
1871662.000,38240,4,EM,1,100,PS
1871713.000,38272,4,EM,1,100,RS
1871764.000,38272,4,EM,1,100,RB
1871815.000,38272,4,EM,1,100,2024-09-18_13-07-51-985797.csv
1871866.000,38272,4,EM,1,100,PS
1871916.250,38306,4,EM,1,100,RS
1871966.500,38306,4,EM,1,100,RB
1872016.750,38306,4,EM,1,100,2024-09-18_13-07-51-985797.csv
1872067.000,38306,4,EM,1,100,PS
1872117.250,38337,4,EM,1,100,RS
1872167.500,38337,4,EM,1,100,RB
1872217.750,38337,4,EM,1,100,2024-09-18_13-07-51-985797.csv
1872268.000,38337,4,EM,1,100,PS
1872318.250,38360,4,EM,1,100,RS
1872368.500,38360,4,EM,1,100,RB
1872418.750,38360,4,EM,1,100,2024-09-18_13-07-51-985797.csv
1872469.000,38360,4,EM,1,100,PS
1872519.250,38391,4,EM,1,100,RS
1872569.500,38391,4,EM,1,100,RB
1872619.750,38391,4,EM,1,100,2024-09-18_13-07-51-985797.csv
1872670.000,38391,4,EM,1,100,PS
1872720.250,38425,4,EM,1,100,RS
1872770.500,38425,4,EM,1,100,RB
1872820.750,38425,4,EM,1,100,2024-09-18_13-07-51-985797.csv
1872871.000,38425,4,EM,1,100,PS
1872923.750,38459,4,EM,1,100,RS
1872976.500,38459,4,EM,1,100,RB
1873029.250,38459,4,EM,1,100,2024-09-18_13-07-51-985797.csv
1873082.000,38459,4,EM,1,100,PS
1873132.500,38490,4,EM,1,100,RS
1873183.000,38490,4,EM,1,100,RB
1873233.500,38490,4,EM,1,100,2024-09-18_13-07-51-985797.csv
1873284.000,38490,4,EM,1,100,PS
1873334.250,38524,4,EM,1,100,RS
1873384.500,38524,4,EM,1,100,RB
1873434.750,38524,4,EM,1,100,2024-09-18_13-07-51-985797.csv
1873485.000,38524,4,EM,1,100,PS
1873535.250,38556,4,EM,1,100,RS
1873585.500,38556,4,EM,1,100,RB
1873635.750,38556,4,EM,1,100,2024-09-18_13-07-51-985797.csv
1873686.000,38556,4,EM,1,100,PS
1873736.250,38589,4,EM,1,100,RS
1873786.500,38589,4,EM,1,100,RB
1873836.750,38589,4,EM,1,100,2024-09-18_13-07-51-985797.csv
1873887.000,38589,4,EM,1,100,PS
1873937.250,38621,4,EM,1,100,RS
1873987.500,38621,4,EM,1,100,RB
1874037.750,38621,4,EM,1,100,2024-09-18_13-07-51-985797.csv
1874088.000,38621,4,EM,1,100,PS
1874138.250,38654,4,EM,1,100,RS
1874188.500,38654,4,EM,1,100,RB
1874238.750,38654,4,EM,1,100,2024-09-18_13-07-51-985797.csv
1874289.000,38654,4,EM,1,100,PS
1874340.000,38686,4,EM,1,100,RS
1874391.000,38686,4,EM,1,100,RB
1874442.000,38686,4,EM,1,100,2024-09-18_13-07-51-985797.csv
1874493.000,38686,4,EM,1,100,PS
1874543.000,38720,4,EM,1,100,RS
1874593.000,38720,4,EM,1,100,RB
1874643.000,38720,4,EM,1,100,2024-09-18_13-07-51-985797.csv
1874693.000,38720,4,EM,1,100,PS
1874743.250,38751,4,EM,1,100,RS
1874793.500,38751,4,EM,1,100,RB
1874843.750,38751,4,EM,1,100,2024-09-18_13-07-51-985797.csv
1874894.000,38751,4,EM,1,100,PS
1874944.750,38785,4,EM,1,100,RS
1874995.500,38785,4,EM,1,100,RB
1875046.250,38785,4,EM,1,100,2024-09-18_13-07-51-985797.csv
1875097.000,38785,4,EM,1,100,PS
1875170.250,38816,4,EM,1,100,RS
1875243.500,38816,4,EM,1,100,RB
1875316.750,38816,4,EM,1,100,2024-09-18_13-07-51-985797.csv
1875390.000,38816,4,EM,1,100,PS
1875440.250,38850,4,EM,1,100,RS
1875490.500,38850,4,EM,1,100,RB
1875540.750,38850,4,EM,1,100,2024-09-18_13-07-51-985797.csv
1875591.000,38850,4,EM,1,100,PS
1875641.250,38883,4,EM,1,100,RS
1875691.500,38883,4,EM,1,100,RB
1875741.750,38883,4,EM,1,100,2024-09-18_13-07-51-985797.csv
1875792.000,38883,4,EM,1,100,PS
1875842.250,38915,4,EM,1,100,RS
1875892.500,38915,4,EM,1,100,RB
1875942.750,38915,4,EM,1,100,2024-09-18_13-07-51-985797.csv
1875993.000,38915,4,EM,1,100,PS
1876043.250,38949,4,EM,1,100,RS
1876093.500,38949,4,EM,1,100,RB
1876143.750,38949,4,EM,1,100,2024-09-18_13-07-51-985797.csv
1876194.000,38949,4,EM,1,100,PS
1876244.250,38983,4,EM,1,100,RS
1876294.500,38983,4,EM,1,100,RB
1876344.750,38983,4,EM,1,100,2024-09-18_13-07-51-985797.csv
1876395.000,38983,4,EM,1,100,PS
1876446.000,39016,4,EM,1,100,RS
1876497.000,39016,4,EM,1,100,RB
1876548.000,39016,4,EM,1,100,2024-09-18_13-07-51-985797.csv
1876599.000,39016,4,EM,1,100,PS
1876649.000,39048,4,EM,1,100,RS
1876699.000,39048,4,EM,1,100,RB
1876749.000,39048,4,EM,1,100,2024-09-18_13-07-51-985797.csv
1876799.000,39048,4,EM,1,100,PS
1876849.250,39081,4,EM,1,100,RS
1876899.500,39081,4,EM,1,100,RB
1876949.750,39081,4,EM,1,100,2024-09-18_13-07-51-985797.csv
1877000.000,39081,4,EM,1,100,PS
1877050.250,39113,4,EM,1,100,RS
1877100.500,39113,4,EM,1,100,RB
1877150.750,39113,4,EM,1,100,2024-09-18_13-07-51-985797.csv
1877201.000,39113,4,EM,1,100,PS
1877277.000,39152,4,EM,1,100,RS
1877353.000,39152,4,EM,1,100,RB
1877429.000,39152,4,EM,1,100,2024-09-18_13-07-51-985797.csv
1877505.000,39152,4,EM,1,100,PS
1877555.250,39185,4,EM,1,100,RS
1877605.500,39185,4,EM,1,100,RB
1877655.750,39185,4,EM,1,100,2024-09-18_13-07-51-985797.csv
1877706.000,39185,4,EM,1,100,PS
1877756.250,39219,4,EM,1,100,RS
1877806.500,39219,4,EM,1,100,RB
1877856.750,39219,4,EM,1,100,2024-09-18_13-07-51-985797.csv
1877907.000,39219,4,EM,1,100,PS
1877957.250,39251,4,EM,1,100,RS
1878007.500,39251,4,EM,1,100,RB
1878057.750,39251,4,EM,1,100,2024-09-18_13-07-51-985797.csv
1878108.000,39251,4,EM,1,100,PS
1878158.250,39284,4,EM,1,100,RS
1878208.500,39284,4,EM,1,100,RB
1878258.750,39284,4,EM,1,100,2024-09-18_13-07-51-985797.csv
1878309.000,39284,4,EM,1,100,PS
1878360.000,39316,4,EM,1,100,RS
1878411.000,39316,4,EM,1,100,RB
1878462.000,39316,4,EM,1,100,2024-09-18_13-07-51-985797.csv
1878513.000,39316,4,EM,1,100,PS
1878563.250,39350,4,EM,1,100,RS
1878613.500,39350,4,EM,1,100,RB
1878663.750,39350,4,EM,1,100,2024-09-18_13-07-51-985797.csv
1878714.000,39350,4,EM,1,100,PS
1878764.250,39381,4,EM,1,100,RS
1878814.500,39381,4,EM,1,100,RB
1878864.750,39381,4,EM,1,100,2024-09-18_13-07-51-985797.csv
1878915.000,39381,4,EM,1,100,PS
1878965.750,39415,4,EM,1,100,RS
1879016.500,39415,4,EM,1,100,RB
1879067.250,39415,4,EM,1,100,2024-09-18_13-07-51-985797.csv
1879118.000,39415,4,EM,1,100,PS
1879168.250,39446,4,EM,1,100,RS
1879218.500,39446,4,EM,1,100,RB
1879268.750,39446,4,EM,1,100,2024-09-18_13-07-51-985797.csv
1879319.000,39446,4,EM,1,100,PS
1879369.250,39480,4,EM,1,100,RS
1879419.500,39480,4,EM,1,100,RB
1879469.750,39480,4,EM,1,100,2024-09-18_13-07-51-985797.csv
1879520.000,39480,4,EM,1,100,PS
1879570.250,39512,4,EM,1,100,RS
1879620.500,39512,4,EM,1,100,RB
1879670.750,39512,4,EM,1,100,2024-09-18_13-07-51-985797.csv
1879721.000,39512,4,EM,1,100,PS
1879771.250,39545,4,EM,1,100,RS
1879821.500,39545,4,EM,1,100,RB
1879871.750,39545,4,EM,1,100,2024-09-18_13-07-51-985797.csv
1879922.000,39545,4,EM,1,100,PS
1879972.250,39577,4,EM,1,100,RS
1880022.500,39577,4,EM,1,100,RB
1880072.750,39577,4,EM,1,100,2024-09-18_13-07-51-985797.csv
1880123.000,39577,4,EM,1,100,PS
1880173.500,39610,4,EM,1,100,RS
1880224.000,39610,4,EM,1,100,RB
1880274.500,39610,4,EM,1,100,2024-09-18_13-07-51-985797.csv
1880325.000,39610,4,EM,1,100,PS
1880375.250,39642,4,EM,1,100,RS
1880425.500,39642,4,EM,1,100,RB
1880475.750,39642,4,EM,1,100,2024-09-18_13-07-51-985797.csv
1880526.000,39642,4,EM,1,100,PS
1880577.750,39676,4,EM,1,100,RS
1880629.500,39676,4,EM,1,100,RB
1880681.250,39676,4,EM,1,100,2024-09-18_13-07-51-985797.csv
1880733.000,39676,4,EM,1,100,PS
1880783.500,39708,4,EM,1,100,RS
1880834.000,39708,4,EM,1,100,RB
1880884.500,39708,4,EM,1,100,2024-09-18_13-07-51-985797.csv
1880935.000,39708,4,EM,1,100,PS
1880988.750,39741,4,EM,1,100,RS
1881042.500,39741,4,EM,1,100,RB
1881096.250,39741,4,EM,1,100,2024-09-18_13-07-51-985797.csv
1881150.000,39741,4,EM,1,100,PS
1881200.250,39777,4,EM,1,100,RS
1881250.500,39777,4,EM,1,100,RB
1881300.750,39777,4,EM,1,100,2024-09-18_13-07-51-985797.csv
1881351.000,39777,4,EM,1,100,PS
1881401.250,39808,4,EM,1,100,RS
1881451.500,39808,4,EM,1,100,RB
1881501.750,39808,4,EM,1,100,2024-09-18_13-07-51-985797.csv
1881552.000,39808,4,EM,1,100,PS
1881602.250,39842,4,EM,1,100,RS
1881652.500,39842,4,EM,1,100,RB
1881702.750,39842,4,EM,1,100,2024-09-18_13-07-51-985797.csv
1881753.000,39842,4,EM,1,100,PS
1881843.250,39873,4,EM,1,100,RS
1881933.500,39873,4,EM,1,100,RB
1882023.750,39873,4,EM,1,100,2024-09-18_13-07-51-985797.csv
1882114.000,39873,4,EM,1,100,PS
1882198.750,39907,4,EM,1,100,RS
1882283.500,39907,4,EM,1,100,RB
1882368.250,39907,4,EM,1,100,2024-09-18_13-07-51-985797.csv
1882453.000,39907,4,EM,1,100,PS
1882519.250,39930,4,EM,1,100,RS
1882585.500,39930,4,EM,1,100,RB
1882651.750,39930,4,EM,1,100,2024-09-18_13-07-51-985797.csv
1882718.000,39930,4,EM,1,100,PS
1882768.250,39964,4,EM,1,100,RS
1882818.500,39964,4,EM,1,100,RB
1882868.750,39964,4,EM,1,100,2024-09-18_13-07-51-985797.csv
1882919.000,39964,4,EM,1,100,PS
1882969.250,39996,4,EM,1,100,RS
1883019.500,39996,4,EM,1,100,RB
1883069.750,39996,4,EM,1,100,2024-09-18_13-07-51-985797.csv
1883120.000,39996,4,EM,1,100,PS
1883170.250,40029,4,EM,1,100,RS
1883220.500,40029,4,EM,1,100,RB
1883270.750,40029,4,EM,1,100,2024-09-18_13-07-51-985797.csv
1883321.000,40029,4,EM,1,100,PS
1883371.250,40062,4,EM,1,100,RS
1883421.500,40062,4,EM,1,100,RB
1883471.750,40062,4,EM,1,100,2024-09-18_13-07-51-985797.csv
1883522.000,40062,4,EM,1,100,PS
1883572.250,40094,4,EM,1,100,RS
1883622.500,40094,4,EM,1,100,RB
1883672.750,40094,4,EM,1,100,2024-09-18_13-07-51-985797.csv
1883723.000,40094,4,EM,1,100,PS
1883773.250,40128,4,EM,1,100,RS
1883823.500,40128,4,EM,1,100,RB
1883873.750,40128,4,EM,1,100,2024-09-18_13-07-51-985797.csv
1883924.000,40128,4,EM,1,100,PS
1883974.250,40160,4,EM,1,100,RS
1884024.500,40160,4,EM,1,100,RB
1884074.750,40160,4,EM,1,100,2024-09-18_13-07-51-985797.csv
1884125.000,40160,4,EM,1,100,PS
1884175.250,40193,4,EM,1,100,RS
1884225.500,40193,4,EM,1,100,RB
1884275.750,40193,4,EM,1,100,2024-09-18_13-07-51-985797.csv
1884326.000,40193,4,EM,1,100,PS
1884376.250,40225,4,EM,1,100,RS
1884426.500,40225,4,EM,1,100,RB
1884476.750,40225,4,EM,1,100,2024-09-18_13-07-51-985797.csv
1884527.000,40225,4,EM,1,100,PS
1884577.250,40259,4,EM,1,100,RS
1884627.500,40259,4,EM,1,100,RB
1884677.750,40259,4,EM,1,100,2024-09-18_13-07-51-985797.csv
1884728.000,40259,4,EM,1,100,PS
1884779.000,40290,4,EM,1,100,RS
1884830.000,40290,4,EM,1,100,RB
1884881.000,40290,4,EM,1,100,2024-09-18_13-07-51-985797.csv
1884932.000,40290,4,EM,1,100,PS
1884982.250,40324,4,EM,1,100,RS
1885032.500,40324,4,EM,1,100,RB
1885082.750,40324,4,EM,1,100,2024-09-18_13-07-51-985797.csv
1885133.000,40324,4,EM,1,100,PS
1885183.250,40355,4,EM,1,100,RS
1885233.500,40355,4,EM,1,100,RB
1885283.750,40355,4,EM,1,100,2024-09-18_13-07-51-985797.csv
1885334.000,40355,4,EM,1,100,PS
1885384.250,40389,4,EM,1,100,RS
1885434.500,40389,4,EM,1,100,RB
1885484.750,40389,4,EM,1,100,2024-09-18_13-07-51-985797.csv
1885535.000,40389,4,EM,1,100,PS
1885585.250,40421,4,EM,1,100,RS
1885635.500,40421,4,EM,1,100,RB
1885685.750,40421,4,EM,1,100,2024-09-18_13-07-51-985797.csv
1885736.000,40421,4,EM,1,100,PS
1885786.250,40454,4,EM,1,100,RS
1885836.500,40454,4,EM,1,100,RB
1885886.750,40454,4,EM,1,100,2024-09-18_13-07-51-985797.csv
1885937.000,40454,4,EM,1,100,PS
1885987.250,40486,4,EM,1,100,RS
1886037.500,40486,4,EM,1,100,RB
1886087.750,40486,4,EM,1,100,2024-09-18_13-07-51-985797.csv
1886138.000,40486,4,EM,1,100,PS
1886188.250,40521,4,EM,1,100,RS
1886238.500,40521,4,EM,1,100,RB
1886288.750,40521,4,EM,1,100,2024-09-18_13-07-51-985797.csv
1886339.000,40521,4,EM,1,100,PS
1886389.250,40553,4,EM,1,100,RS
1886439.500,40553,4,EM,1,100,RB
1886489.750,40553,4,EM,1,100,2024-09-18_13-07-51-985797.csv
1886540.000,40553,4,EM,1,100,PS
1886591.000,40587,4,EM,1,100,RS
1886642.000,40587,4,EM,1,100,RB
1886693.000,40587,4,EM,1,100,2024-09-18_13-07-51-985797.csv
1886744.000,40587,4,EM,1,100,PS
1886794.250,40618,4,EM,1,100,RS
1886844.500,40618,4,EM,1,100,RB
1886894.750,40618,4,EM,1,100,2024-09-18_13-07-51-985797.csv
1886945.000,40618,4,EM,1,100,PS
1886995.250,40652,4,EM,1,100,RS
1887045.500,40652,4,EM,1,100,RB
1887095.750,40652,4,EM,1,100,2024-09-18_13-07-51-985797.csv
1887146.000,40652,4,EM,1,100,PS
1887196.250,40683,4,EM,1,100,RS
1887246.500,40683,4,EM,1,100,RB
1887296.750,40683,4,EM,1,100,2024-09-18_13-07-51-985797.csv
1887347.000,40683,4,EM,1,100,PS
1887397.500,40717,4,EM,1,100,RS
1887448.000,40717,4,EM,1,100,RB
1887498.500,40717,4,EM,1,100,2024-09-18_13-07-51-985797.csv
1887549.000,40717,4,EM,1,100,PS
1887621.250,40753,4,EM,1,100,RS
1887693.500,40753,4,EM,1,100,RB
1887765.750,40753,4,EM,1,100,2024-09-18_13-07-51-985797.csv
1887838.000,40753,4,EM,1,100,PS
1887888.250,40784,4,EM,1,100,RS
1887938.500,40784,4,EM,1,100,RB
1887988.750,40784,4,EM,1,100,2024-09-18_13-07-51-985797.csv
1888039.000,40784,4,EM,1,100,PS
1888089.500,40818,4,EM,1,100,RS
1888140.000,40818,4,EM,1,100,RB
1888190.500,40818,4,EM,1,100,2024-09-18_13-07-51-985797.csv
1888241.000,40818,4,EM,1,100,PS
1888291.250,40850,4,EM,1,100,RS
1888341.500,40850,4,EM,1,100,RB
1888391.750,40850,4,EM,1,100,2024-09-18_13-07-51-985797.csv
1888442.000,40850,4,EM,1,100,PS
1888493.000,40883,4,EM,1,100,RS
1888544.000,40883,4,EM,1,100,RB
1888595.000,40883,4,EM,1,100,2024-09-18_13-07-51-985797.csv
1888646.000,40883,4,EM,1,100,PS
1888696.000,40915,4,EM,1,100,RS
1888746.000,40915,4,EM,1,100,RB
1888796.000,40915,4,EM,1,100,2024-09-18_13-07-51-985797.csv
1888846.000,40915,4,EM,1,100,PS
1888896.250,40948,4,EM,1,100,RS
1888946.500,40948,4,EM,1,100,RB
1888996.750,40948,4,EM,1,100,2024-09-18_13-07-51-985797.csv
1889047.000,40948,4,EM,1,100,PS
1889098.000,40981,4,EM,1,100,RS
1889149.000,40981,4,EM,1,100,RB
1889200.000,40981,4,EM,1,100,2024-09-18_13-07-51-985797.csv
1889251.000,40981,4,EM,1,100,PS
1889301.250,41014,4,EM,1,100,RS
1889351.500,41014,4,EM,1,100,RB
1889401.750,41014,4,EM,1,100,2024-09-18_13-07-51-985797.csv
1889452.000,41014,4,EM,1,100,PS
1889502.250,41046,4,EM,1,100,RS
1889552.500,41046,4,EM,1,100,RB
1889602.750,41046,4,EM,1,100,2024-09-18_13-07-51-985797.csv
1889653.000,41046,4,EM,1,100,PS
1889703.250,41079,4,EM,1,100,RS
1889753.500,41079,4,EM,1,100,RB
1889803.750,41079,4,EM,1,100,2024-09-18_13-07-51-985797.csv
1889854.000,41079,4,EM,1,100,PS
1889904.250,41113,4,EM,1,100,RS
1889954.500,41113,4,EM,1,100,RB
1890004.750,41113,4,EM,1,100,2024-09-18_13-07-51-985797.csv
1890055.000,41113,4,EM,1,100,PS
1890105.250,41144,4,EM,1,100,RS
1890155.500,41144,4,EM,1,100,RB
1890205.750,41144,4,EM,1,100,2024-09-18_13-07-51-985797.csv
1890256.000,41144,4,EM,1,100,PS
1890306.250,41178,4,EM,1,100,RS
1890356.500,41178,4,EM,1,100,RB
1890406.750,41178,4,EM,1,100,2024-09-18_13-07-51-985797.csv
1890457.000,41178,4,EM,1,100,PS
1890507.250,41209,4,EM,1,100,RS
1890557.500,41209,4,EM,1,100,RB
1890607.750,41209,4,EM,1,100,2024-09-18_13-07-51-985797.csv
1890658.000,41209,4,EM,1,100,PS
1890708.250,41243,4,EM,1,100,RS
1890758.500,41243,4,EM,1,100,RB
1890808.750,41243,4,EM,1,100,2024-09-18_13-07-51-985797.csv
1890859.000,41243,4,EM,1,100,PS
1890909.250,41275,4,EM,1,100,RS
1890959.500,41275,4,EM,1,100,RB
1891009.750,41275,4,EM,1,100,2024-09-18_13-07-51-985797.csv
1891060.000,41275,4,EM,1,100,PS
1891111.000,41308,4,EM,1,100,RS
1891162.000,41308,4,EM,1,100,RB
1891213.000,41308,4,EM,1,100,2024-09-18_13-07-51-985797.csv
1891264.000,41308,4,EM,1,100,PS
1891314.250,41342,4,EM,1,100,RS
1891364.500,41342,4,EM,1,100,RB
1891414.750,41342,4,EM,1,100,2024-09-18_13-07-51-985797.csv
1891465.000,41342,4,EM,1,100,PS
1891515.250,41375,4,EM,1,100,RS
1891565.500,41375,4,EM,1,100,RB
1891615.750,41375,4,EM,1,100,2024-09-18_13-07-51-985797.csv
1891666.000,41375,4,EM,1,100,PS
1891716.250,41407,4,EM,1,100,RS
1891766.500,41407,4,EM,1,100,RB
1891816.750,41407,4,EM,1,100,2024-09-18_13-07-51-985797.csv
1891867.000,41407,4,EM,1,100,PS
1891917.250,41441,4,EM,1,100,RS
1891967.500,41441,4,EM,1,100,RB
1892017.750,41441,4,EM,1,100,2024-09-18_13-07-51-985797.csv
1892068.000,41441,4,EM,1,100,PS
1892118.250,41472,4,EM,1,100,RS
1892168.500,41472,4,EM,1,100,RB
1892218.750,41472,4,EM,1,100,2024-09-18_13-07-51-985797.csv
1892269.000,41472,4,EM,1,100,PS
1892319.250,41506,4,EM,1,100,RS
1892369.500,41506,4,EM,1,100,RB
1892419.750,41506,4,EM,1,100,2024-09-18_13-07-51-985797.csv
1892470.000,41506,4,EM,1,100,PS
1892520.250,41537,4,EM,1,100,RS
1892570.500,41537,4,EM,1,100,RB
1892620.750,41537,4,EM,1,100,2024-09-18_13-07-51-985797.csv
1892671.000,41537,4,EM,1,100,PS
1892741.500,41577,4,EM,1,100,RS
1892812.000,41577,4,EM,1,100,RB
1892882.500,41577,4,EM,1,100,2024-09-18_13-07-51-985797.csv
1892953.000,41577,4,EM,1,100,PS
1893004.000,41611,4,EM,1,100,RS
1893055.000,41611,4,EM,1,100,RB
1893106.000,41611,4,EM,1,100,2024-09-18_13-07-51-985797.csv
1893157.000,41611,4,EM,1,100,PS
1893207.250,41642,4,EM,1,100,RS
1893257.500,41642,4,EM,1,100,RB
1893307.750,41642,4,EM,1,100,2024-09-18_13-07-51-985797.csv
1893358.000,41642,4,EM,1,100,PS
1893408.250,41676,4,EM,1,100,RS
1893458.500,41676,4,EM,1,100,RB
1893508.750,41676,4,EM,1,100,2024-09-18_13-07-51-985797.csv
1893559.000,41676,4,EM,1,100,PS
1893609.250,41708,4,EM,1,100,RS
1893659.500,41708,4,EM,1,100,RB
1893709.750,41708,4,EM,1,100,2024-09-18_13-07-51-985797.csv
1893760.000,41708,4,EM,1,100,PS
1893810.500,41741,4,EM,1,100,RS
1893861.000,41741,4,EM,1,100,RB
1893911.500,41741,4,EM,1,100,2024-09-18_13-07-51-985797.csv
1893962.000,41741,4,EM,1,100,PS
1894012.250,41773,4,EM,1,100,RS
1894062.500,41773,4,EM,1,100,RB
1894112.750,41773,4,EM,1,100,2024-09-18_13-07-51-985797.csv
1894163.000,41773,4,EM,1,100,PS
1894213.250,41806,4,EM,1,100,RS
1894263.500,41806,4,EM,1,100,RB
1894313.750,41806,4,EM,1,100,2024-09-18_13-07-51-985797.csv
1894364.000,41806,4,EM,1,100,PS
1894414.250,41838,4,EM,1,100,RS
1894464.500,41838,4,EM,1,100,RB
1894514.750,41838,4,EM,1,100,2024-09-18_13-07-51-985797.csv
1894565.000,41838,4,EM,1,100,PS
1894615.250,41872,4,EM,1,100,RS
1894665.500,41872,4,EM,1,100,RB
1894715.750,41872,4,EM,1,100,2024-09-18_13-07-51-985797.csv
1894766.000,41872,4,EM,1,100,PS
1894817.250,41903,4,EM,1,100,RS
1894868.500,41903,4,EM,1,100,RB
1894919.750,41903,4,EM,1,100,2024-09-18_13-07-51-985797.csv
1894971.000,41903,4,EM,1,100,PS
1895021.000,41937,4,EM,1,100,RS
1895071.000,41937,4,EM,1,100,RB
1895121.000,41937,4,EM,1,100,2024-09-18_13-07-51-985797.csv
1895171.000,41937,4,EM,1,100,PS
1895221.250,41968,4,EM,1,100,RS
1895271.500,41968,4,EM,1,100,RB
1895321.750,41968,4,EM,1,100,2024-09-18_13-07-51-985797.csv
1895372.000,41968,4,EM,1,100,PS
1895422.250,42002,4,EM,1,100,RS
1895472.500,42002,4,EM,1,100,RB
1895522.750,42002,4,EM,1,100,2024-09-18_13-07-51-985797.csv
1895573.000,42002,4,EM,1,100,PS
1895623.250,42035,4,EM,1,100,RS
1895673.500,42035,4,EM,1,100,RB
1895723.750,42035,4,EM,1,100,2024-09-18_13-07-51-985797.csv
1895774.000,42035,4,EM,1,100,PS
1895825.000,42067,4,EM,1,100,RS
1895876.000,42067,4,EM,1,100,RB
1895927.000,42067,4,EM,1,100,2024-09-18_13-07-51-985797.csv
1895978.000,42067,4,EM,1,100,PS
1896028.250,42101,4,EM,1,100,RS
1896078.500,42101,4,EM,1,100,RB
1896128.750,42101,4,EM,1,100,2024-09-18_13-07-51-985797.csv
1896179.000,42101,4,EM,1,100,PS
1896229.250,42135,4,EM,1,100,RS
1896279.500,42135,4,EM,1,100,RB
1896329.750,42135,4,EM,1,100,2024-09-18_13-07-51-985797.csv
1896380.000,42135,4,EM,1,100,PS
1896431.000,42168,4,EM,1,100,RS
1896482.000,42168,4,EM,1,100,RB
1896533.000,42168,4,EM,1,100,2024-09-18_13-07-51-985797.csv
1896584.000,42168,4,EM,1,100,PS
1896634.000,42200,4,EM,1,100,RS
1896684.000,42200,4,EM,1,100,RB
1896734.000,42200,4,EM,1,100,2024-09-18_13-07-51-985797.csv
1896784.000,42200,4,EM,1,100,PS
1896834.250,42233,4,EM,1,100,RS
1896884.500,42233,4,EM,1,100,RB
1896934.750,42233,4,EM,1,100,2024-09-18_13-07-51-985797.csv
1896985.000,42233,4,EM,1,100,PS
1897035.250,42265,4,EM,1,100,RS
1897085.500,42265,4,EM,1,100,RB
1897135.750,42265,4,EM,1,100,2024-09-18_13-07-51-985797.csv
1897186.000,42265,4,EM,1,100,PS
1897236.250,42299,4,EM,1,100,RS
1897286.500,42299,4,EM,1,100,RB
1897336.750,42299,4,EM,1,100,2024-09-18_13-07-51-985797.csv
1897387.000,42299,4,EM,1,100,PS
1897437.250,42330,4,EM,1,100,RS
1897487.500,42330,4,EM,1,100,RB
1897537.750,42330,4,EM,1,100,2024-09-18_13-07-51-985797.csv
1897588.000,42330,4,EM,1,100,PS
1897638.250,42364,4,EM,1,100,RS
1897688.500,42364,4,EM,1,100,RB
1897738.750,42364,4,EM,1,100,2024-09-18_13-07-51-985797.csv
1897789.000,42364,4,EM,1,100,PS
1897859.250,42400,4,EM,1,100,RS
1897929.500,42400,4,EM,1,100,RB
1897999.750,42400,4,EM,1,100,2024-09-18_13-07-51-985797.csv
1898070.000,42400,4,EM,1,100,PS
1898120.250,42434,4,EM,1,100,RS
1898170.500,42434,4,EM,1,100,RB
1898220.750,42434,4,EM,1,100,2024-09-18_13-07-51-985797.csv
1898271.000,42434,4,EM,1,100,PS
1898321.250,42468,4,EM,1,100,RS
1898371.500,42468,4,EM,1,100,RB
1898421.750,42468,4,EM,1,100,2024-09-18_13-07-51-985797.csv
1898472.000,42468,4,EM,1,100,PS
1898522.250,42499,4,EM,1,100,RS
1898572.500,42499,4,EM,1,100,RB
1898622.750,42499,4,EM,1,100,2024-09-18_13-07-51-985797.csv
1898673.000,42499,4,EM,1,100,PS
1898723.750,42533,4,EM,1,100,RS
1898774.500,42533,4,EM,1,100,RB
1898825.250,42533,4,EM,1,100,2024-09-18_13-07-51-985797.csv
1898876.000,42533,4,EM,1,100,PS
1898926.250,42565,4,EM,1,100,RS
1898976.500,42565,4,EM,1,100,RB
1899026.750,42565,4,EM,1,100,2024-09-18_13-07-51-985797.csv
1899077.000,42565,4,EM,1,100,PS
1899127.500,42598,4,EM,1,100,RS
1899178.000,42598,4,EM,1,100,RB
1899228.500,42598,4,EM,1,100,2024-09-18_13-07-51-985797.csv
1899279.000,42598,4,EM,1,100,PS
1899329.500,42630,4,EM,1,100,RS
1899380.000,42630,4,EM,1,100,RB
1899430.500,42630,4,EM,1,100,2024-09-18_13-07-51-985797.csv
1899481.000,42630,4,EM,1,100,PS
1899531.000,42663,4,EM,1,100,RS
1899581.000,42663,4,EM,1,100,RB
1899631.000,42663,4,EM,1,100,2024-09-18_13-07-51-985797.csv
1899681.000,42663,4,EM,1,100,PS
1899731.250,42695,4,EM,1,100,RS
1899781.500,42695,4,EM,1,100,RB
1899831.750,42695,4,EM,1,100,2024-09-18_13-07-51-985797.csv
1899882.000,42695,4,EM,1,100,PS
1899932.250,42729,4,EM,1,100,RS
1899982.500,42729,4,EM,1,100,RB
1900032.750,42729,4,EM,1,100,2024-09-18_13-07-51-985797.csv
1900083.000,42729,4,EM,1,100,PS
1900133.250,42760,4,EM,1,100,RS
1900183.500,42760,4,EM,1,100,RB
1900233.750,42760,4,EM,1,100,2024-09-18_13-07-51-985797.csv
1900284.000,42760,4,EM,1,100,PS
1900334.250,42794,4,EM,1,100,RS
1900384.500,42794,4,EM,1,100,RB
1900434.750,42794,4,EM,1,100,2024-09-18_13-07-51-985797.csv
1900485.000,42794,4,EM,1,100,PS
1900535.250,42825,4,EM,1,100,RS
1900585.500,42825,4,EM,1,100,RB
1900635.750,42825,4,EM,1,100,2024-09-18_13-07-51-985797.csv
1900686.000,42825,4,EM,1,100,PS
1900737.000,42859,4,EM,1,100,RS
1900788.000,42859,4,EM,1,100,RB
1900839.000,42859,4,EM,1,100,2024-09-18_13-07-51-985797.csv
1900890.000,42859,4,EM,1,100,PS
1900940.000,42891,4,EM,1,100,RS
1900990.000,42891,4,EM,1,100,RB
1901040.000,42891,4,EM,1,100,2024-09-18_13-07-51-985797.csv
1901090.000,42891,4,EM,1,100,PS
1901140.250,42924,4,EM,1,100,RS
1901190.500,42924,4,EM,1,100,RB
1901240.750,42924,4,EM,1,100,2024-09-18_13-07-51-985797.csv
1901291.000,42924,4,EM,1,100,PS
1901341.250,42958,4,EM,1,100,RS
1901391.500,42958,4,EM,1,100,RB
1901441.750,42958,4,EM,1,100,2024-09-18_13-07-51-985797.csv
1901492.000,42958,4,EM,1,100,PS
1901542.750,42991,4,EM,1,100,RS
1901593.500,42991,4,EM,1,100,RB
1901644.250,42991,4,EM,1,100,2024-09-18_13-07-51-985797.csv
1901695.000,42991,4,EM,1,100,PS
1901745.000,43023,4,EM,1,100,RS
1901795.000,43023,4,EM,1,100,RB
1901845.000,43023,4,EM,1,100,2024-09-18_13-07-51-985797.csv
1901895.000,43023,4,EM,1,100,PS
1901945.250,43057,4,EM,1,100,RS
1901995.500,43057,4,EM,1,100,RB
1902045.750,43057,4,EM,1,100,2024-09-18_13-07-51-985797.csv
1902096.000,43057,4,EM,1,100,PS
1902149.250,43074,4,EM,1,100,RS
1902202.500,43074,4,EM,1,100,RB
1902255.750,43074,4,EM,1,100,2024-09-18_13-07-51-985797.csv
1902309.000,43074,4,EM,1,100,PS
1902359.500,43108,4,EM,1,100,RS
1902410.000,43108,4,EM,1,100,RB
1902460.500,43108,4,EM,1,100,2024-09-18_13-07-51-985797.csv
1902511.000,43108,4,EM,1,100,PS
1902561.250,43139,4,EM,1,100,RS
1902611.500,43139,4,EM,1,100,RB
1902661.750,43139,4,EM,1,100,2024-09-18_13-07-51-985797.csv
1902712.000,43139,4,EM,1,100,PS
1902763.000,43173,4,EM,1,100,RS
1902814.000,43173,4,EM,1,100,RB
1902865.000,43173,4,EM,1,100,2024-09-18_13-07-51-985797.csv
1902916.000,43173,4,EM,1,100,PS
1902980.000,43210,4,EM,1,100,RS
1903044.000,43210,4,EM,1,100,RB
1903108.000,43210,4,EM,1,100,2024-09-18_13-07-51-985797.csv
1903172.000,43210,4,EM,1,100,PS
1903222.250,43241,4,EM,1,100,RS
1903272.500,43241,4,EM,1,100,RB
1903322.750,43241,4,EM,1,100,2024-09-18_13-07-51-985797.csv
1903373.000,43241,4,EM,1,100,PS
1903424.000,43275,4,EM,1,100,RS
1903475.000,43275,4,EM,1,100,RB
1903526.000,43275,4,EM,1,100,2024-09-18_13-07-51-985797.csv
1903577.000,43275,4,EM,1,100,PS
1903627.250,43307,4,EM,1,100,RS
1903677.500,43307,4,EM,1,100,RB
1903727.750,43307,4,EM,1,100,2024-09-18_13-07-51-985797.csv
1903778.000,43307,4,EM,1,100,PS
1903828.250,43340,4,EM,1,100,RS
1903878.500,43340,4,EM,1,100,RB
1903928.750,43340,4,EM,1,100,2024-09-18_13-07-51-985797.csv
1903979.000,43340,4,EM,1,100,PS
1904030.000,43373,4,EM,1,100,RS
1904081.000,43373,4,EM,1,100,RB
1904132.000,43373,4,EM,1,100,2024-09-18_13-07-51-985797.csv
1904183.000,43373,4,EM,1,100,PS
1904233.250,43405,4,EM,1,100,RS
1904283.500,43405,4,EM,1,100,RB
1904333.750,43405,4,EM,1,100,2024-09-18_13-07-51-985797.csv
1904384.000,43405,4,EM,1,100,PS
1904445.500,43439,4,EM,1,100,RS
1904507.000,43439,4,EM,1,100,RB
1904568.500,43439,4,EM,1,100,2024-09-18_13-07-51-985797.csv
1904630.000,43439,4,EM,1,100,PS
1904680.250,43471,4,EM,1,100,RS
1904730.500,43471,4,EM,1,100,RB
1904780.750,43471,4,EM,1,100,2024-09-18_13-07-51-985797.csv
1904831.000,43471,4,EM,1,100,PS
1904881.250,43504,4,EM,1,100,RS
1904931.500,43504,4,EM,1,100,RB
1904981.750,43504,4,EM,1,100,2024-09-18_13-07-51-985797.csv
1905032.000,43504,4,EM,1,100,PS
1905082.750,43536,4,EM,1,100,RS
1905133.500,43536,4,EM,1,100,RB
1905184.250,43536,4,EM,1,100,2024-09-18_13-07-51-985797.csv
1905235.000,43536,4,EM,1,100,PS
1905285.250,43570,4,EM,1,100,RS
1905335.500,43570,4,EM,1,100,RB
1905385.750,43570,4,EM,1,100,2024-09-18_13-07-51-985797.csv
1905436.000,43570,4,EM,1,100,PS
1905486.250,43601,4,EM,1,100,RS
1905536.500,43601,4,EM,1,100,RB
1905586.750,43601,4,EM,1,100,2024-09-18_13-07-51-985797.csv
1905637.000,43601,4,EM,1,100,PS
1905687.250,43635,4,EM,1,100,RS
1905737.500,43635,4,EM,1,100,RB
1905787.750,43635,4,EM,1,100,2024-09-18_13-07-51-985797.csv
1905838.000,43635,4,EM,1,100,PS
1905888.250,43666,4,EM,1,100,RS
1905938.500,43666,4,EM,1,100,RB
1905988.750,43666,4,EM,1,100,2024-09-18_13-07-51-985797.csv
1906039.000,43666,4,EM,1,100,PS
1906090.250,43700,4,EM,1,100,RS
1906141.500,43700,4,EM,1,100,RB
1906192.750,43700,4,EM,1,100,2024-09-18_13-07-51-985797.csv
1906244.000,43700,4,EM,1,100,PS
1906294.250,43734,4,EM,1,100,RS
1906344.500,43734,4,EM,1,100,RB
1906394.750,43734,4,EM,1,100,2024-09-18_13-07-51-985797.csv
1906445.000,43734,4,EM,1,100,PS
1906496.000,43767,4,EM,1,100,RS
1906547.000,43767,4,EM,1,100,RB
1906598.000,43767,4,EM,1,100,2024-09-18_13-07-51-985797.csv
1906649.000,43767,4,EM,1,100,PS
1906707.500,43800,4,EM,1,100,RS
1906766.000,43800,4,EM,1,100,RB
1906824.500,43800,4,EM,1,100,2024-09-18_13-07-51-985797.csv
1906883.000,43800,4,EM,1,100,PS
1906933.250,43833,4,EM,1,100,RS
1906983.500,43833,4,EM,1,100,RB
1907033.750,43833,4,EM,1,100,2024-09-18_13-07-51-985797.csv
1907084.000,43833,4,EM,1,100,PS
1907134.250,43866,4,EM,1,100,RS
1907184.500,43866,4,EM,1,100,RB
1907234.750,43866,4,EM,1,100,2024-09-18_13-07-51-985797.csv
1907285.000,43866,4,EM,1,100,PS
1907336.000,43898,4,EM,1,100,RS
1907387.000,43898,4,EM,1,100,RB
1907438.000,43898,4,EM,1,100,2024-09-18_13-07-51-985797.csv
1907489.000,43898,4,EM,1,100,PS
1907539.250,43931,4,EM,1,100,RS
1907589.500,43931,4,EM,1,100,RB
1907639.750,43931,4,EM,1,100,2024-09-18_13-07-51-985797.csv
1907690.000,43931,4,EM,1,100,PS
1907740.250,43963,4,EM,1,100,RS
1907790.500,43963,4,EM,1,100,RB
1907840.750,43963,4,EM,1,100,2024-09-18_13-07-51-985797.csv
1907891.000,43963,4,EM,1,100,PS
1907941.250,43997,4,EM,1,100,RS
1907991.500,43997,4,EM,1,100,RB
1908041.750,43997,4,EM,1,100,2024-09-18_13-07-51-985797.csv
1908092.000,43997,4,EM,1,100,PS
1908150.000,44035,4,EM,1,100,RS
1908208.000,44035,4,EM,1,100,RB
1908266.000,44035,4,EM,1,100,2024-09-18_13-07-51-985797.csv
1908324.000,44035,4,EM,1,100,PS
1908374.250,44067,4,EM,1,100,RS
1908424.500,44067,4,EM,1,100,RB
1908474.750,44067,4,EM,1,100,2024-09-18_13-07-51-985797.csv
1908525.000,44067,4,EM,1,100,PS
1908576.000,44101,4,EM,1,100,RS
1908627.000,44101,4,EM,1,100,RB
1908678.000,44101,4,EM,1,100,2024-09-18_13-07-51-985797.csv
1908729.000,44101,4,EM,1,100,PS
1908779.250,44133,4,EM,1,100,RS
1908829.500,44133,4,EM,1,100,RB
1908879.750,44133,4,EM,1,100,2024-09-18_13-07-51-985797.csv
1908930.000,44133,4,EM,1,100,PS
1908983.250,44166,4,EM,1,100,RS
1909036.500,44166,4,EM,1,100,RB
1909089.750,44166,4,EM,1,100,2024-09-18_13-07-51-985797.csv
1909143.000,44166,4,EM,1,100,PS
1909193.500,44200,4,EM,1,100,RS
1909244.000,44200,4,EM,1,100,RB
1909294.500,44200,4,EM,1,100,2024-09-18_13-07-51-985797.csv
1909345.000,44200,4,EM,1,100,PS
1909395.500,44231,4,EM,1,100,RS
1909446.000,44231,4,EM,1,100,RB
1909496.500,44231,4,EM,1,100,2024-09-18_13-07-51-985797.csv
1909547.000,44231,4,EM,1,100,PS
1909597.500,44265,4,EM,1,100,RS
1909648.000,44265,4,EM,1,100,RB
1909698.500,44265,4,EM,1,100,2024-09-18_13-07-51-985797.csv
1909749.000,44265,4,EM,1,100,PS
1909800.500,44296,4,EM,1,100,RS
1909852.000,44296,4,EM,1,100,RB
1909903.500,44296,4,EM,1,100,2024-09-18_13-07-51-985797.csv
1909955.000,44296,4,EM,1,100,PS
1910005.250,44330,4,EM,1,100,RS
1910055.500,44330,4,EM,1,100,RB
1910105.750,44330,4,EM,1,100,2024-09-18_13-07-51-985797.csv
1910156.000,44330,4,EM,1,100,PS
1910206.500,44362,4,EM,1,100,RS
1910257.000,44362,4,EM,1,100,RB
1910307.500,44362,4,EM,1,100,2024-09-18_13-07-51-985797.csv
1910358.000,44362,4,EM,1,100,PS
1910409.000,44395,4,EM,1,100,RS
1910460.000,44395,4,EM,1,100,RB
1910511.000,44395,4,EM,1,100,2024-09-18_13-07-51-985797.csv
1910562.000,44395,4,EM,1,100,PS
1910612.250,44427,4,EM,1,100,RS
1910662.500,44427,4,EM,1,100,RB
1910712.750,44427,4,EM,1,100,2024-09-18_13-07-51-985797.csv
1910763.000,44427,4,EM,1,100,PS
1910813.250,44460,4,EM,1,100,RS
1910863.500,44460,4,EM,1,100,RB
1910913.750,44460,4,EM,1,100,2024-09-18_13-07-51-985797.csv
1910964.000,44460,4,EM,1,100,PS
1911014.250,44492,4,EM,1,100,RS
1911064.500,44492,4,EM,1,100,RB
1911114.750,44492,4,EM,1,100,2024-09-18_13-07-51-985797.csv
1911165.000,44492,4,EM,1,100,PS
1911216.000,44509,4,EM,1,100,RS
1911267.000,44509,4,EM,1,100,RB
1911318.000,44509,4,EM,1,100,2024-09-18_13-07-51-985797.csv
1911369.000,44509,4,EM,1,100,PS
1911419.250,44545,4,EM,1,100,RS
1911469.500,44545,4,EM,1,100,RB
1911519.750,44545,4,EM,1,100,2024-09-18_13-07-51-985797.csv
1911570.000,44545,4,EM,1,100,PS
1911620.250,44577,4,EM,1,100,RS
1911670.500,44577,4,EM,1,100,RB
1911720.750,44577,4,EM,1,100,2024-09-18_13-07-51-985797.csv
1911771.000,44577,4,EM,1,100,PS
1911822.250,44610,4,EM,1,100,RS
1911873.500,44610,4,EM,1,100,RB
1911924.750,44610,4,EM,1,100,2024-09-18_13-07-51-985797.csv
1911976.000,44610,4,EM,1,100,PS
1912025.250,44642,4,EM,1,100,RS
1912074.500,44642,4,EM,1,100,RB
1912123.750,44642,4,EM,1,100,2024-09-18_13-07-51-985797.csv
1912173.000,44642,4,EM,1,100,PS
1912224.000,44675,4,EM,1,100,RS
1912275.000,44675,4,EM,1,100,RB
1912326.000,44675,4,EM,1,100,2024-09-18_13-07-51-985797.csv
1912377.000,44675,4,EM,1,100,PS
1912427.250,44707,4,EM,1,100,RS
1912477.500,44707,4,EM,1,100,RB
1912527.750,44707,4,EM,1,100,2024-09-18_13-07-51-985797.csv
1912578.000,44707,4,EM,1,100,PS
1912629.250,44741,4,EM,1,100,RS
1912680.500,44741,4,EM,1,100,RB
1912731.750,44741,4,EM,1,100,2024-09-18_13-07-51-985797.csv
1912783.000,44741,4,EM,1,100,PS
1912833.250,44773,4,EM,1,100,RS
1912883.500,44773,4,EM,1,100,RB
1912933.750,44773,4,EM,1,100,2024-09-18_13-07-51-985797.csv
1912984.000,44773,4,EM,1,100,PS
1913034.250,44806,4,EM,1,100,RS
1913084.500,44806,4,EM,1,100,RB
1913134.750,44806,4,EM,1,100,2024-09-18_13-07-51-985797.csv
1913185.000,44806,4,EM,1,100,PS
1913237.500,44826,4,EM,1,100,RS
1913290.000,44826,4,EM,1,100,RB
1913342.500,44826,4,EM,1,100,2024-09-18_13-07-51-985797.csv
1913395.000,44826,4,EM,1,100,PS
