EmotiBitTimestamp,PacketNumber,DataLength,TypeTag,ProtocolVersion,DataReliability,GY
1839561.000,33090,1,GY,1,100,0.031
1839601.000,33105,2,GY,1,100,1.038
1839641.000,33105,2,GY,1,100,1.221
1839681.000,33122,3,GY,1,100,-1.404
1839721.000,33122,3,GY,1,100,-2.411
1839761.000,33122,3,GY,1,100,1.068
1839801.000,33140,3,GY,1,100,1.801
1839841.000,33140,3,GY,1,100,-0.366
1839881.000,33140,3,GY,1,100,0.275
1839921.000,33158,2,GY,1,100,1.648
1839961.000,33158,2,GY,1,100,0.366
1840001.000,33172,3,GY,1,100,0.366
1840041.000,33172,3,GY,1,100,1.465
1840081.000,33172,3,GY,1,100,0.671
1840121.000,33189,2,GY,1,100,0.488
1840161.000,33189,2,GY,1,100,0.366
1840201.000,33205,3,GY,1,100,-0.031
1840241.000,33205,3,GY,1,100,1.465
1840281.000,33205,3,GY,1,100,0.885
1840321.000,33223,2,GY,1,100,0.000
1840361.000,33223,2,GY,1,100,0.488
1840401.000,33237,3,GY,1,100,-1.190
1840441.000,33237,3,GY,1,100,-1.007
1840481.000,33237,3,GY,1,100,-2.319
1840521.000,33254,2,GY,1,100,-0.549
1840561.000,33254,2,GY,1,100,2.594
1840601.000,33271,3,GY,1,100,-0.641
1840641.000,33271,3,GY,1,100,-0.153
1840681.000,33271,3,GY,1,100,1.862
1840721.000,33288,2,GY,1,100,0.397
1840761.000,33288,2,GY,1,100,0.916
1840801.000,33302,3,GY,1,100,0.702
1840841.000,33302,3,GY,1,100,0.336
1840881.000,33302,3,GY,1,100,1.709
1840921.000,33320,2,GY,1,100,0.122
1840961.000,33320,2,GY,1,100,0.488
1841001.000,33338,3,GY,1,100,1.007
1841041.000,33338,3,GY,1,100,1.007
1841081.000,33338,3,GY,1,100,1.312
1841121.000,33355,3,GY,1,100,0.061
1841161.000,33355,3,GY,1,100,-0.397
1841201.000,33355,3,GY,1,100,0.885
1841241.000,33372,2,GY,1,100,1.312
1841281.000,33372,2,GY,1,100,0.946
1841321.000,33389,3,GY,1,100,0.793
1841361.000,33389,3,GY,1,100,1.160
1841401.000,33389,3,GY,1,100,-0.031
1841441.000,33405,2,GY,1,100,0.427
1841481.000,33405,2,GY,1,100,1.465
1841521.000,33428,5,GY,1,100,1.282
1841561.000,33428,5,GY,1,100,1.251
1841601.000,33428,5,GY,1,100,1.160
1841641.000,33428,5,GY,1,100,0.854
1841681.000,33428,5,GY,1,100,0.732
1841721.000,33444,2,GY,1,100,0.885
1841761.000,33444,2,GY,1,100,0.854
1841801.000,33461,3,GY,1,100,1.068
1841841.000,33461,3,GY,1,100,0.885
1841881.000,33461,3,GY,1,100,0.458
1841921.000,33478,2,GY,1,100,1.190
1841961.000,33478,2,GY,1,100,1.038
1842001.000,33493,3,GY,1,100,1.160
1842041.000,33493,3,GY,1,100,1.129
1842081.000,33493,3,GY,1,100,1.434
1842121.000,33509,2,GY,1,100,0.885
1842161.000,33509,2,GY,1,100,1.343
1842201.000,33526,3,GY,1,100,1.404
1842241.000,33526,3,GY,1,100,1.434
1842281.000,33526,3,GY,1,100,1.221
1842321.000,33543,2,GY,1,100,0.916
1842361.000,33543,2,GY,1,100,1.617
1842401.000,33558,3,GY,1,100,1.678
1842441.000,33558,3,GY,1,100,0.793
1842481.000,33558,3,GY,1,100,1.038
1842521.000,33576,2,GY,1,100,2.136
1842561.000,33576,2,GY,1,100,1.434
1842601.000,33594,3,GY,1,100,2.167
1842641.000,33594,3,GY,1,100,1.862
1842681.000,33594,3,GY,1,100,0.122
1842721.000,33610,3,GY,1,100,1.038
1842761.000,33610,3,GY,1,100,2.014
1842801.000,33610,3,GY,1,100,0.702
1842841.000,33626,2,GY,1,100,0.793
1842881.000,33626,2,GY,1,100,1.495
1842921.000,33642,3,GY,1,100,0.854
1842961.000,33642,3,GY,1,100,1.495
1843001.000,33642,3,GY,1,100,1.495
1843041.000,33659,2,GY,1,100,1.007
1843081.000,33659,2,GY,1,100,1.831
1843121.000,33675,3,GY,1,100,1.648
1843161.000,33675,3,GY,1,100,0.336
1843201.000,33675,3,GY,1,100,0.763
1843241.000,33693,2,GY,1,100,1.434
1843281.000,33693,2,GY,1,100,1.099
1843321.000,33707,3,GY,1,100,0.153
1843361.000,33707,3,GY,1,100,0.366
1843401.000,33707,3,GY,1,100,0.946
1843441.000,33724,2,GY,1,100,0.793
1843481.000,33724,2,GY,1,100,0.977
1843521.000,33740,3,GY,1,100,1.892
1843561.000,33740,3,GY,1,100,-0.244
1843601.000,33740,3,GY,1,100,1.831
1843640.500,33758,2,GY,1,100,2.289
1843680.000,33758,2,GY,1,100,0.244
1843720.000,33772,3,GY,1,100,2.197
1843760.000,33772,3,GY,1,100,-0.183
1843800.000,33772,3,GY,1,100,0.519
1843840.333,33789,3,GY,1,100,1.251
1843880.667,33789,3,GY,1,100,-0.397
1843921.000,33789,3,GY,1,100,1.953
1843961.000,33806,2,GY,1,100,1.404
1844001.000,33806,2,GY,1,100,0.061
1844041.000,33823,3,GY,1,100,1.862
1844081.000,33823,3,GY,1,100,0.275
1844121.000,33823,3,GY,1,100,0.397
1844161.000,33837,2,GY,1,100,2.228
1844201.000,33837,2,GY,1,100,0.519
1844241.000,33857,2,GY,1,100,1.343
1844281.000,33857,2,GY,1,100,1.434
1844325.333,33873,3,GY,1,100,0.061
1844369.667,33873,3,GY,1,100,1.892
1844414.000,33873,3,GY,1,100,1.068
1844454.000,33892,2,GY,1,100,0.763
1844494.000,33892,2,GY,1,100,1.617
1844534.000,33906,3,GY,1,100,1.556
1844574.000,33906,3,GY,1,100,0.946
1844614.000,33906,3,GY,1,100,0.397
1844654.000,33924,2,GY,1,100,1.465
1844694.000,33924,2,GY,1,100,0.946
1844734.000,33940,3,GY,1,100,-0.458
1844774.000,33940,3,GY,1,100,1.434
1844814.000,33940,3,GY,1,100,0.916
1844854.000,33957,3,GY,1,100,-0.305
1844894.000,33957,3,GY,1,100,1.282
1844934.000,33957,3,GY,1,100,1.343
1844974.000,33973,2,GY,1,100,0.244
1845014.000,33973,2,GY,1,100,0.244
1845054.000,33989,3,GY,1,100,0.336
1845094.000,33989,3,GY,1,100,1.068
1845134.000,33989,3,GY,1,100,0.580
1845174.000,34007,2,GY,1,100,-2.655
1845214.000,34007,2,GY,1,100,-3.540
1845254.000,34025,3,GY,1,100,2.380
1845294.000,34025,3,GY,1,100,2.075
1845334.000,34025,3,GY,1,100,0.549
1845374.000,34041,2,GY,1,100,2.197
1845414.000,34041,2,GY,1,100,1.007
1845454.000,34056,3,GY,1,100,-0.092
1845494.000,34056,3,GY,1,100,0.397
1845534.000,34056,3,GY,1,100,1.648
1845574.000,34073,2,GY,1,100,0.488
1845614.000,34073,2,GY,1,100,0.946
1845654.000,34090,3,GY,1,100,1.282
1845694.000,34090,3,GY,1,100,1.251
1845734.000,34090,3,GY,1,100,0.732
1845774.000,34106,2,GY,1,100,1.038
1845814.000,34106,2,GY,1,100,1.312
1845854.000,34121,3,GY,1,100,1.190
1845894.000,34121,3,GY,1,100,1.495
1845934.000,34121,3,GY,1,100,1.740
1845974.000,34138,3,GY,1,100,1.343
1846014.000,34138,3,GY,1,100,0.580
1846054.000,34138,3,GY,1,100,1.343
1846094.000,34157,2,GY,1,100,0.305
1846134.000,34157,2,GY,1,100,-0.519
1846174.000,34173,3,GY,1,100,-0.732
1846214.000,34173,3,GY,1,100,-5.463
1846254.000,34173,3,GY,1,100,-7.996
1846294.000,34189,2,GY,1,100,-5.707
1846334.000,34189,2,GY,1,100,-2.991
1846369.667,34207,3,GY,1,100,-0.061
1846405.333,34207,3,GY,1,100,0.854
1846441.000,34207,3,GY,1,100,-1.892
1846481.000,34224,2,GY,1,100,-1.495
1846521.000,34224,2,GY,1,100,-2.045
1846561.000,34241,3,GY,1,100,-2.716
1846601.000,34241,3,GY,1,100,-2.136
1846641.000,34241,3,GY,1,100,1.801
1846685.000,34263,3,GY,1,100,-1.038
1846729.000,34263,3,GY,1,100,-5.524
1846773.000,34263,3,GY,1,100,-1.587
1846813.333,34279,3,GY,1,100,0.885
1846853.667,34279,3,GY,1,100,0.427
1846894.000,34279,3,GY,1,100,-1.709
1846934.000,34297,2,GY,1,100,-2.197
1846974.000,34297,2,GY,1,100,-1.923
1847013.667,34313,3,GY,1,100,-1.648
1847053.333,34313,3,GY,1,100,-3.174
1847093.000,34313,3,GY,1,100,-2.167
1847133.333,34330,3,GY,1,100,-0.397
1847173.667,34330,3,GY,1,100,1.099
1847214.000,34330,3,GY,1,100,-0.519
1847254.000,34347,2,GY,1,100,-2.838
1847294.000,34347,2,GY,1,100,-2.899
1847334.000,34362,3,GY,1,100,-6.439
1847374.000,34362,3,GY,1,100,-8.453
1847414.000,34362,3,GY,1,100,-5.432
1847454.000,34378,2,GY,1,100,-0.702
1847494.000,34378,2,GY,1,100,-1.465
1847534.000,34395,3,GY,1,100,-0.793
1847574.000,34395,3,GY,1,100,-0.580
1847614.000,34395,3,GY,1,100,-3.113
1847653.500,34412,2,GY,1,100,0.031
1847693.000,34412,2,GY,1,100,2.258
1847733.333,34427,3,GY,1,100,-0.824
1847773.667,34427,3,GY,1,100,2.197
1847814.000,34427,3,GY,1,100,6.317
1847854.000,34443,2,GY,1,100,9.857
1847894.000,34443,2,GY,1,100,23.102
1847933.667,34461,3,GY,1,100,33.356
1847973.333,34461,3,GY,1,100,18.921
1848013.000,34461,3,GY,1,100,-4.089
1848053.500,34477,2,GY,1,100,0.854
1848094.000,34477,2,GY,1,100,1.251
1848134.000,34492,3,GY,1,100,-2.106
1848174.000,34492,3,GY,1,100,14.435
1848214.000,34492,3,GY,1,100,10.468
1848253.667,34509,3,GY,1,100,-1.465
1848293.333,34509,3,GY,1,100,-0.183
1848333.000,34509,3,GY,1,100,7.141
1848373.000,34526,2,GY,1,100,7.111
1848413.000,34526,2,GY,1,100,10.834
1848453.000,34542,3,GY,1,100,9.369
1848493.000,34542,3,GY,1,100,1.129
1848533.000,34542,3,GY,1,100,6.989
1848573.000,34558,2,GY,1,100,7.141
1848613.000,34558,2,GY,1,100,7.050
1848653.000,34574,3,GY,1,100,7.172
1848693.000,34574,3,GY,1,100,4.120
1848733.000,34574,3,GY,1,100,7.874
1848773.000,34591,2,GY,1,100,7.660
1848813.000,34591,2,GY,1,100,11.749
1848853.000,34607,3,GY,1,100,3.937
1848893.000,34607,3,GY,1,100,11.108
1848933.000,34607,3,GY,1,100,12.024
1848973.000,34625,2,GY,1,100,10.864
1849013.000,34625,2,GY,1,100,13.336
1849053.000,34639,3,GY,1,100,6.378
1849093.000,34639,3,GY,1,100,2.686
1849133.000,34639,3,GY,1,100,-4.364
1849173.000,34656,2,GY,1,100,-2.380
1849213.000,34656,2,GY,1,100,30.640
1849253.000,34673,3,GY,1,100,77.850
1849293.000,34673,3,GY,1,100,33.691
1849333.000,34673,3,GY,1,100,42.938
1849373.000,34690,2,GY,1,100,53.680
1849413.000,34690,2,GY,1,100,56.488
1849453.000,34704,3,GY,1,100,-19.531
1849493.000,34704,3,GY,1,100,23.804
1849533.000,34704,3,GY,1,100,-14.618
1849573.000,34722,3,GY,1,100,56.000
1849613.000,34722,3,GY,1,100,102.173
1849653.000,34722,3,GY,1,100,3.479
1849693.000,34738,2,GY,1,100,0.610
1849733.000,34738,2,GY,1,100,-47.607
1849773.000,34755,3,GY,1,100,10.620
1849813.000,34755,3,GY,1,100,-7.538
1849853.000,34755,3,GY,1,100,-58.563
1849893.000,34769,2,GY,1,100,-45.593
1849933.000,34769,2,GY,1,100,-17.273
1849973.000,34787,3,GY,1,100,-19.409
1850013.000,34787,3,GY,1,100,-23.834
1850053.000,34787,3,GY,1,100,-58.289
1850093.000,34803,2,GY,1,100,-56.458
1850133.000,34803,2,GY,1,100,-13.794
1850173.000,34820,3,GY,1,100,-3.662
1850213.000,34820,3,GY,1,100,-26.428
1850253.000,34820,3,GY,1,100,2.716
1850293.000,34835,2,GY,1,100,20.569
1850333.000,34835,2,GY,1,100,21.484
1850373.000,34852,3,GY,1,100,56.335
1850413.000,34852,3,GY,1,100,49.438
1850453.000,34852,3,GY,1,100,-0.580
1850493.000,34868,2,GY,1,100,-24.780
1850533.000,34868,2,GY,1,100,-29.846
1850573.000,34886,3,GY,1,100,-38.361
1850613.000,34886,3,GY,1,100,-32.867
1850653.000,34886,3,GY,1,100,-25.818
1850693.000,34901,2,GY,1,100,-21.484
1850733.000,34901,2,GY,1,100,-43.640
1850773.000,34917,3,GY,1,100,-37.659
1850813.000,34917,3,GY,1,100,14.191
1850853.000,34917,3,GY,1,100,-13.733
1850893.000,34934,3,GY,1,100,-51.117
1850933.000,34934,3,GY,1,100,-38.086
1850973.000,34934,3,GY,1,100,20.142
1851013.000,34951,2,GY,1,100,51.117
1851053.000,34951,2,GY,1,100,98.236
1851093.000,34967,3,GY,1,100,158.478
1851133.000,34967,3,GY,1,100,108.093
1851173.000,34967,3,GY,1,100,19.623
1851213.000,34982,2,GY,1,100,-61.005
1851253.000,34982,2,GY,1,100,-22.125
1851293.000,35001,3,GY,1,100,-9.064
1851333.000,35001,3,GY,1,100,-5.219
1851373.000,35001,3,GY,1,100,27.130
1851413.000,35018,2,GY,1,100,-41.260
1851453.000,35018,2,GY,1,100,-74.158
1851493.000,35034,3,GY,1,100,-37.018
1851533.000,35034,3,GY,1,100,-45.135
1851573.000,35034,3,GY,1,100,-87.921
1851613.000,35050,2,GY,1,100,-81.390
1851653.000,35050,2,GY,1,100,-101.410
1851693.000,35066,3,GY,1,100,-40.283
1851733.000,35066,3,GY,1,100,-53.741
1851773.000,35066,3,GY,1,100,-171.783
1851813.000,35088,4,GY,1,100,-114.838
1851853.000,35088,4,GY,1,100,-57.922
1851893.000,35088,4,GY,1,100,-29.236
1851933.000,35088,4,GY,1,100,3.967
1851973.000,35105,2,GY,1,100,10.712
1852013.000,35105,2,GY,1,100,-43.060
1852053.000,35122,3,GY,1,100,-40.955
1852093.000,35122,3,GY,1,100,-34.515
1852133.000,35122,3,GY,1,100,-61.584
1852173.000,35137,2,GY,1,100,-83.069
1852213.000,35137,2,GY,1,100,-108.307
1852253.000,35154,3,GY,1,100,-90.515
1852293.000,35154,3,GY,1,100,-81.421
1852333.000,35154,3,GY,1,100,-61.859
1852373.000,35170,2,GY,1,100,-59.479
1852413.000,35170,2,GY,1,100,-68.115
1852453.000,35187,3,GY,1,100,-78.888
1852493.000,35187,3,GY,1,100,-87.036
1852533.000,35187,3,GY,1,100,-125.977
1852573.000,35204,2,GY,1,100,-84.778
1852613.000,35204,2,GY,1,100,11.505
1852653.000,35219,3,GY,1,100,10.193
1852693.000,35219,3,GY,1,100,-9.827
1852733.000,35219,3,GY,1,100,-10.620
1852773.000,35235,2,GY,1,100,-12.665
1852813.000,35235,2,GY,1,100,-115.295
1852853.000,35252,3,GY,1,100,-145.447
1852893.000,35252,3,GY,1,100,-66.132
1852933.000,35252,3,GY,1,100,-36.133
1852973.000,35269,2,GY,1,100,-34.821
1853013.000,35269,2,GY,1,100,-54.169
1853053.000,35284,3,GY,1,100,-30.579
1853093.000,35284,3,GY,1,100,-15.564
1853133.000,35284,3,GY,1,100,-70.679
1853173.000,35300,3,GY,1,100,-157.806
1853213.000,35300,3,GY,1,100,-211.578
1853253.000,35300,3,GY,1,100,-257.965
1853293.000,35318,2,GY,1,100,-256.744
1853333.000,35318,2,GY,1,100,-334.167
1853373.000,35334,3,GY,1,100,-237.762
1853413.000,35334,3,GY,1,100,128.021
1853453.000,35334,3,GY,1,100,169.312
1853493.000,35349,2,GY,1,100,9.430
1853533.000,35349,2,GY,1,100,-104.858
1853573.000,35366,3,GY,1,100,-43.976
1853613.000,35366,3,GY,1,100,58.441
1853653.000,35366,3,GY,1,100,73.334
1853693.000,35383,2,GY,1,100,-24.902
1853733.000,35383,2,GY,1,100,-59.174
1853773.000,35399,3,GY,1,100,7.355
1853813.000,35399,3,GY,1,100,48.492
1853853.000,35399,3,GY,1,100,15.472
1853893.000,35414,2,GY,1,100,-13.489
1853933.000,35414,2,GY,1,100,-34.821
1853973.000,35431,3,GY,1,100,-10.651
1854013.000,35431,3,GY,1,100,31.769
1854053.000,35431,3,GY,1,100,1.770
1854093.000,35448,2,GY,1,100,-24.323
1854133.000,35448,2,GY,1,100,8.240
1854173.000,35464,3,GY,1,100,2.563
1854213.000,35464,3,GY,1,100,-3.601
1854253.000,35464,3,GY,1,100,0.916
1854293.000,35481,2,GY,1,100,0.793
1854333.000,35481,2,GY,1,100,0.824
1854373.000,35496,3,GY,1,100,1.221
1854413.000,35496,3,GY,1,100,9.552
1854453.000,35496,3,GY,1,100,60.699
1854493.000,35513,2,GY,1,100,-78.888
1854533.000,35513,2,GY,1,100,-103.333
1854573.000,35530,3,GY,1,100,-51.819
1854613.000,35530,3,GY,1,100,-189.087
1854653.000,35530,3,GY,1,100,-171.631
1854693.000,35547,3,GY,1,100,-162.994
1854733.000,35547,3,GY,1,100,-286.285
1854773.000,35547,3,GY,1,100,-339.996
1854813.000,35561,2,GY,1,100,-217.804
1854853.000,35561,2,GY,1,100,-72.174
1854893.000,35579,3,GY,1,100,-88.043
1854933.000,35579,3,GY,1,100,76.660
1854973.000,35579,3,GY,1,100,182.373
1855013.000,35595,2,GY,1,100,-4.303
1855053.000,35595,2,GY,1,100,-9.827
1855093.000,35612,3,GY,1,100,0.702
1855133.000,35612,3,GY,1,100,-2.258
1855173.000,35612,3,GY,1,100,1.282
1855213.000,35626,2,GY,1,100,7.599
1855253.000,35626,2,GY,1,100,-1.678
1855293.000,35644,3,GY,1,100,-1.709
1855333.000,35644,3,GY,1,100,1.617
1855373.000,35644,3,GY,1,100,1.129
1855413.000,35660,2,GY,1,100,1.007
1855453.000,35660,2,GY,1,100,1.007
1855493.000,35677,3,GY,1,100,1.038
1855533.000,35677,3,GY,1,100,1.068
1855573.000,35677,3,GY,1,100,1.038
1855613.000,35692,2,GY,1,100,1.099
1855653.000,35692,2,GY,1,100,1.160
1855693.000,35709,3,GY,1,100,1.129
1855733.000,35709,3,GY,1,100,0.977
1855773.000,35709,3,GY,1,100,1.038
1855813.000,35725,2,GY,1,100,1.129
1855853.000,35725,2,GY,1,100,1.038
1855893.000,35743,3,GY,1,100,1.099
1855933.000,35743,3,GY,1,100,1.068
1855973.000,35743,3,GY,1,100,1.068
1856013.000,35757,3,GY,1,100,1.160
1856053.000,35757,3,GY,1,100,1.068
1856093.000,35757,3,GY,1,100,1.038
1856133.000,35774,2,GY,1,100,1.068
1856173.000,35774,2,GY,1,100,0.946
1856213.000,35790,3,GY,1,100,1.068
1856253.000,35790,3,GY,1,100,1.129
1856293.000,35790,3,GY,1,100,0.946
1856333.000,35810,2,GY,1,100,0.977
1856373.000,35810,2,GY,1,100,1.038
1856413.000,35825,3,GY,1,100,0.977
1856453.000,35825,3,GY,1,100,1.099
1856493.000,35825,3,GY,1,100,1.068
1856533.000,35841,2,GY,1,100,0.946
1856573.000,35841,2,GY,1,100,1.007
1856613.000,35858,3,GY,1,100,1.099
1856653.000,35858,3,GY,1,100,1.068
1856693.000,35858,3,GY,1,100,1.038
1856733.000,35875,2,GY,1,100,1.038
1856773.000,35875,2,GY,1,100,1.129
1856813.000,35891,3,GY,1,100,1.068
1856853.000,35891,3,GY,1,100,1.038
1856893.000,35891,3,GY,1,100,0.977
1856933.000,35914,4,GY,1,100,1.068
1856973.000,35914,4,GY,1,100,1.068
1857013.000,35914,4,GY,1,100,1.007
1857053.000,35914,4,GY,1,100,1.068
1857093.000,35928,2,GY,1,100,1.099
1857133.000,35928,2,GY,1,100,1.068
1857173.000,35945,3,GY,1,100,1.068
1857213.000,35945,3,GY,1,100,1.007
1857253.000,35945,3,GY,1,100,1.038
1857293.000,35962,2,GY,1,100,1.099
1857333.000,35962,2,GY,1,100,1.038
1857373.000,35979,3,GY,1,100,1.007
1857413.000,35979,3,GY,1,100,1.068
1857453.000,35979,3,GY,1,100,1.099
1857492.500,35994,2,GY,1,100,1.099
1857532.000,35994,2,GY,1,100,1.068
1857572.000,36011,3,GY,1,100,1.068
1857612.000,36011,3,GY,1,100,1.099
1857652.000,36011,3,GY,1,100,1.068
1857692.333,36027,3,GY,1,100,0.977
1857732.667,36027,3,GY,1,100,1.007
1857773.000,36027,3,GY,1,100,1.129
1857812.500,36044,2,GY,1,100,1.038
1857852.000,36044,2,GY,1,100,1.007
1857892.000,36061,3,GY,1,100,1.038
1857932.000,36061,3,GY,1,100,1.129
1857972.000,36061,3,GY,1,100,1.038
1858012.500,36076,2,GY,1,100,1.038
1858053.000,36076,2,GY,1,100,1.068
1858093.000,36092,3,GY,1,100,1.068
1858133.000,36092,3,GY,1,100,1.068
1858173.000,36092,3,GY,1,100,1.068
1858213.000,36109,2,GY,1,100,1.038
1858253.000,36109,2,GY,1,100,1.068
1858292.667,36126,3,GY,1,100,1.007
1858332.333,36126,3,GY,1,100,1.068
1858372.000,36126,3,GY,1,100,1.068
1858412.000,36141,2,GY,1,100,1.007
1858452.000,36141,2,GY,1,100,1.068
1858492.000,36157,3,GY,1,100,1.068
1858532.000,36157,3,GY,1,100,1.038
1858572.000,36157,3,GY,1,100,1.099
1858612.000,36175,2,GY,1,100,1.068
1858652.000,36175,2,GY,1,100,1.038
1858692.000,36191,3,GY,1,100,1.038
1858732.000,36191,3,GY,1,100,1.007
1858772.000,36191,3,GY,1,100,1.068
1858812.000,36206,2,GY,1,100,1.038
1858852.000,36206,2,GY,1,100,1.007
1858892.000,36223,3,GY,1,100,1.129
1858932.000,36223,3,GY,1,100,1.068
1858972.000,36223,3,GY,1,100,1.007
1859012.000,36240,2,GY,1,100,1.038
1859052.000,36240,2,GY,1,100,1.068
1859092.000,36256,3,GY,1,100,1.129
1859132.000,36256,3,GY,1,100,1.007
1859172.000,36256,3,GY,1,100,1.038
1859212.000,36271,3,GY,1,100,1.068
1859252.000,36271,3,GY,1,100,1.038
1859292.000,36271,3,GY,1,100,1.099
1859332.000,36288,2,GY,1,100,1.007
1859372.000,36288,2,GY,1,100,0.977
1859412.000,36305,3,GY,1,100,1.129
1859452.000,36305,3,GY,1,100,1.068
1859492.000,36305,3,GY,1,100,1.007
1859532.000,36321,2,GY,1,100,1.068
1859572.000,36321,2,GY,1,100,1.007
1859612.000,36338,3,GY,1,100,1.129
1859652.000,36338,3,GY,1,100,1.068
1859692.000,36338,3,GY,1,100,0.977
1859732.000,36353,2,GY,1,100,1.099
1859772.000,36353,2,GY,1,100,1.068
1859812.000,36370,3,GY,1,100,1.038
1859852.000,36370,3,GY,1,100,1.068
1859892.000,36370,3,GY,1,100,1.068
1859932.000,36387,2,GY,1,100,1.038
1859972.000,36387,2,GY,1,100,1.068
1860012.000,36404,3,GY,1,100,1.007
1860052.000,36404,3,GY,1,100,1.068
1860092.000,36404,3,GY,1,100,1.068
1860132.000,36418,2,GY,1,100,1.007
1860172.000,36418,2,GY,1,100,1.038
1860212.000,36436,3,GY,1,100,1.068
1860252.000,36436,3,GY,1,100,1.068
1860292.000,36436,3,GY,1,100,1.099
1860332.000,36452,3,GY,1,100,1.038
1860372.000,36452,3,GY,1,100,1.038
1860412.000,36452,3,GY,1,100,1.068
1860452.000,36469,2,GY,1,100,1.038
1860492.000,36469,2,GY,1,100,1.038
1860532.000,36483,3,GY,1,100,1.038
1860572.000,36483,3,GY,1,100,1.038
1860612.000,36483,3,GY,1,100,1.038
1860652.000,36501,2,GY,1,100,1.038
1860692.000,36501,2,GY,1,100,1.068
1860732.000,36517,3,GY,1,100,1.038
1860772.000,36517,3,GY,1,100,1.007
1860812.000,36517,3,GY,1,100,1.038
1860852.000,36534,2,GY,1,100,1.068
1860892.000,36534,2,GY,1,100,1.068
1860932.000,36549,3,GY,1,100,1.038
1860972.000,36549,3,GY,1,100,1.007
1861012.000,36549,3,GY,1,100,1.038
1861052.000,36566,2,GY,1,100,1.038
1861092.000,36566,2,GY,1,100,1.038
1861132.000,36582,3,GY,1,100,1.007
1861172.000,36582,3,GY,1,100,1.038
1861212.000,36582,3,GY,1,100,1.038
1861252.000,36600,2,GY,1,100,1.038
1861292.000,36600,2,GY,1,100,1.068
1861332.000,36616,3,GY,1,100,1.038
1861372.000,36616,3,GY,1,100,1.007
1861412.000,36616,3,GY,1,100,1.068
1861452.000,36633,2,GY,1,100,1.038
1861492.000,36633,2,GY,1,100,1.038
1861532.000,36649,3,GY,1,100,1.038
1861572.000,36649,3,GY,1,100,1.068
1861612.000,36649,3,GY,1,100,1.068
1861652.000,36667,3,GY,1,100,1.007
1861692.000,36667,3,GY,1,100,1.038
1861732.000,36667,3,GY,1,100,1.068
1861772.000,36682,2,GY,1,100,1.068
1861812.000,36682,2,GY,1,100,1.007
1861852.000,36698,3,GY,1,100,1.038
1861892.000,36698,3,GY,1,100,1.007
1861932.000,36698,3,GY,1,100,1.007
1861972.000,36715,2,GY,1,100,1.068
1862012.000,36715,2,GY,1,100,1.038
1862052.000,36735,4,GY,1,100,1.068
1862092.000,36735,4,GY,1,100,1.068
1862132.000,36735,4,GY,1,100,1.007
1862172.000,36735,4,GY,1,100,1.038
1862212.000,36751,2,GY,1,100,1.038
1862252.000,36751,2,GY,1,100,1.038
1862292.000,36769,3,GY,1,100,1.007
1862332.000,36769,3,GY,1,100,1.068
1862372.000,36769,3,GY,1,100,1.068
1862412.000,36783,2,GY,1,100,1.007
1862452.000,36783,2,GY,1,100,1.038
1862492.000,36800,3,GY,1,100,1.068
1862532.000,36800,3,GY,1,100,1.099
1862572.000,36800,3,GY,1,100,0.977
1862612.000,36817,2,GY,1,100,1.038
1862652.000,36817,2,GY,1,100,1.068
1862692.000,36834,3,GY,1,100,1.007
1862732.000,36834,3,GY,1,100,1.007
1862772.000,36834,3,GY,1,100,1.038
1862812.000,36848,2,GY,1,100,1.099
1862852.000,36848,2,GY,1,100,1.099
1862892.000,36866,3,GY,1,100,1.038
1862932.000,36866,3,GY,1,100,1.007
1862972.000,36866,3,GY,1,100,1.068
1863012.000,36882,3,GY,1,100,1.038
1863052.000,36882,3,GY,1,100,1.038
1863092.000,36882,3,GY,1,100,1.007
1863132.000,36899,2,GY,1,100,1.007
1863172.000,36899,2,GY,1,100,1.068
1863212.000,36913,3,GY,1,100,1.068
1863252.000,36913,3,GY,1,100,1.038
1863292.000,36913,3,GY,1,100,1.068
1863332.000,36931,2,GY,1,100,1.038
1863372.000,36931,2,GY,1,100,1.038
1863412.000,36947,3,GY,1,100,1.038
1863452.000,36947,3,GY,1,100,1.068
1863492.000,36947,3,GY,1,100,1.068
1863532.000,36964,2,GY,1,100,1.038
1863572.000,36964,2,GY,1,100,1.038
1863612.000,36980,3,GY,1,100,1.038
1863652.000,36980,3,GY,1,100,1.068
1863692.000,36980,3,GY,1,100,1.007
1863732.000,36996,2,GY,1,100,1.038
1863772.000,36996,2,GY,1,100,1.038
1863812.000,37012,3,GY,1,100,1.007
1863852.000,37012,3,GY,1,100,1.068
1863892.000,37012,3,GY,1,100,1.038
1863932.000,37030,2,GY,1,100,1.068
1863972.000,37030,2,GY,1,100,1.068
1864012.000,37046,3,GY,1,100,1.007
1864052.000,37046,3,GY,1,100,1.038
1864092.000,37046,3,GY,1,100,1.038
1864132.000,37061,2,GY,1,100,1.068
1864172.000,37061,2,GY,1,100,1.068
1864212.000,37078,3,GY,1,100,1.068
1864252.000,37078,3,GY,1,100,1.038
1864292.000,37078,3,GY,1,100,1.068
1864332.000,37095,3,GY,1,100,1.068
1864372.000,37095,3,GY,1,100,0.977
1864412.000,37095,3,GY,1,100,1.068
1864452.000,37111,2,GY,1,100,1.068
1864492.000,37111,2,GY,1,100,0.977
1864532.000,37126,3,GY,1,100,1.099
1864572.000,37126,3,GY,1,100,1.007
1864612.000,37126,3,GY,1,100,1.007
1864652.000,37143,2,GY,1,100,1.068
1864692.000,37143,2,GY,1,100,1.007
1864732.000,37160,3,GY,1,100,1.099
1864772.000,37160,3,GY,1,100,1.068
1864812.000,37160,3,GY,1,100,0.977
1864852.000,37176,2,GY,1,100,1.099
1864892.000,37176,2,GY,1,100,1.068
1864932.000,37192,3,GY,1,100,1.038
1864972.000,37192,3,GY,1,100,1.068
1865012.000,37192,3,GY,1,100,1.038
1865052.000,37208,2,GY,1,100,1.038
1865092.000,37208,2,GY,1,100,1.068
1865132.000,37225,3,GY,1,100,1.007
1865172.000,37225,3,GY,1,100,1.038
1865212.000,37225,3,GY,1,100,1.068
1865252.000,37242,2,GY,1,100,1.038
1865292.000,37242,2,GY,1,100,1.068
1865332.000,37257,3,GY,1,100,1.007
1865372.000,37257,3,GY,1,100,0.977
1865412.000,37257,3,GY,1,100,1.007
1865452.000,37273,3,GY,1,100,1.038
1865492.000,37273,3,GY,1,100,1.068
1865532.000,37273,3,GY,1,100,1.038
1865572.000,37290,2,GY,1,100,1.068
1865612.000,37290,2,GY,1,100,1.068
1865652.000,37307,3,GY,1,100,1.007
1865692.000,37307,3,GY,1,100,1.038
1865732.000,37307,3,GY,1,100,1.068
1865772.000,37323,2,GY,1,100,1.038
1865812.000,37323,2,GY,1,100,1.038
1865852.000,37338,3,GY,1,100,1.038
1865892.000,37338,3,GY,1,100,1.038
1865932.000,37338,3,GY,1,100,1.038
1865972.000,37356,2,GY,1,100,1.068
1866012.000,37356,2,GY,1,100,1.038
1866052.000,37372,3,GY,1,100,1.038
1866092.000,37372,3,GY,1,100,1.068
1866132.000,37372,3,GY,1,100,0.977
1866171.750,37390,4,GY,1,100,1.038
1866211.500,37390,4,GY,1,100,1.099
1866251.250,37390,4,GY,1,100,1.007
1866291.000,37390,4,GY,1,100,1.007
1866331.333,37408,3,GY,1,100,1.038
1866371.667,37408,3,GY,1,100,1.068
1866412.000,37408,3,GY,1,100,1.099
1866452.000,37425,2,GY,1,100,1.007
1866492.000,37425,2,GY,1,100,1.007
1866532.000,37439,3,GY,1,100,1.099
1866572.000,37439,3,GY,1,100,1.038
1866612.000,37439,3,GY,1,100,1.007
1866652.000,37457,2,GY,1,100,1.038
1866692.000,37457,2,GY,1,100,1.068
1866732.000,37473,3,GY,1,100,1.068
1866772.000,37473,3,GY,1,100,1.007
1866812.000,37473,3,GY,1,100,1.007
1866852.000,37490,3,GY,1,100,1.068
1866892.000,37490,3,GY,1,100,0.977
1866932.000,37490,3,GY,1,100,1.068
1866972.000,37506,2,GY,1,100,1.099
1867012.000,37506,2,GY,1,100,1.007
1867052.000,37522,3,GY,1,100,1.068
1867092.000,37522,3,GY,1,100,1.099
1867132.000,37522,3,GY,1,100,1.038
1867171.750,37545,4,GY,1,100,0.977
1867211.500,37545,4,GY,1,100,1.038
1867251.250,37545,4,GY,1,100,1.068
1867291.000,37545,4,GY,1,100,1.038
1867331.000,37563,2,GY,1,100,1.068
1867371.000,37563,2,GY,1,100,1.007
1867411.000,37579,3,GY,1,100,1.038
1867451.000,37579,3,GY,1,100,1.068
1867491.000,37579,3,GY,1,100,1.038
1867531.000,37596,2,GY,1,100,1.007
1867571.000,37596,2,GY,1,100,1.068
1867611.000,37612,3,GY,1,100,1.068
1867651.000,37612,3,GY,1,100,1.068
1867691.000,37612,3,GY,1,100,1.068
1867731.000,37628,2,GY,1,100,1.038
1867771.000,37628,2,GY,1,100,1.007
1867811.333,37644,3,GY,1,100,1.007
1867851.667,37644,3,GY,1,100,1.038
1867892.000,37644,3,GY,1,100,1.068
1867931.500,37662,2,GY,1,100,1.068
1867971.000,37662,2,GY,1,100,0.977
1868011.333,37677,3,GY,1,100,1.099
1868051.667,37677,3,GY,1,100,1.099
1868092.000,37677,3,GY,1,100,1.007
1868131.500,37693,2,GY,1,100,1.038
1868171.000,37693,2,GY,1,100,1.007
1868211.000,37710,3,GY,1,100,1.099
1868251.000,37710,3,GY,1,100,1.099
1868291.000,37710,3,GY,1,100,0.977
1868331.500,37727,2,GY,1,100,1.068
1868372.000,37727,2,GY,1,100,1.099
1868411.667,37743,3,GY,1,100,1.038
1868451.333,37743,3,GY,1,100,1.068
1868491.000,37743,3,GY,1,100,1.007
1868531.000,37761,3,GY,1,100,0.977
1868571.000,37761,3,GY,1,100,1.099
1868611.000,37761,3,GY,1,100,1.007
1868651.000,37775,3,GY,1,100,1.068
1868691.000,37775,3,GY,1,100,1.068
1868731.000,37775,3,GY,1,100,1.007
1868771.000,37792,2,GY,1,100,1.007
1868811.000,37792,2,GY,1,100,1.007
1868851.000,37808,3,GY,1,100,1.038
1868891.000,37808,3,GY,1,100,1.007
1868931.000,37808,3,GY,1,100,1.068
1868971.000,37826,2,GY,1,100,1.038
1869011.000,37826,2,GY,1,100,1.007
1869051.000,37840,3,GY,1,100,1.038
1869091.000,37840,3,GY,1,100,1.038
1869131.000,37840,3,GY,1,100,1.007
1869171.000,37857,3,GY,1,100,1.038
1869211.000,37857,3,GY,1,100,1.038
1869251.000,37857,3,GY,1,100,1.068
1869291.000,37874,2,GY,1,100,1.038
1869331.000,37874,2,GY,1,100,1.038
1869371.333,37891,3,GY,1,100,1.068
1869411.667,37891,3,GY,1,100,1.007
1869452.000,37891,3,GY,1,100,1.038
1869491.500,37905,2,GY,1,100,1.068
1869531.000,37905,2,GY,1,100,1.068
1869571.000,37923,3,GY,1,100,1.038
1869611.000,37923,3,GY,1,100,1.038
1869651.000,37923,3,GY,1,100,1.038
1869691.000,37939,2,GY,1,100,1.068
1869731.000,37939,2,GY,1,100,1.099
1869771.000,37956,3,GY,1,100,1.068
1869811.000,37956,3,GY,1,100,1.038
1869851.000,37956,3,GY,1,100,1.038
1869891.000,37970,2,GY,1,100,1.038
1869931.000,37970,2,GY,1,100,1.038
1869971.000,37988,3,GY,1,100,1.068
1870011.000,37988,3,GY,1,100,1.038
1870051.000,37988,3,GY,1,100,1.129
1870091.000,38004,2,GY,1,100,1.038
1870131.000,38004,2,GY,1,100,0.885
1870171.000,38021,3,GY,1,100,1.099
1870211.000,38021,3,GY,1,100,1.068
1870251.000,38021,3,GY,1,100,1.007
1870291.000,38037,2,GY,1,100,1.068
1870331.000,38037,2,GY,1,100,1.007
1870371.000,38053,3,GY,1,100,1.038
1870411.000,38053,3,GY,1,100,1.068
1870451.000,38053,3,GY,1,100,1.007
1870491.000,38069,2,GY,1,100,1.068
1870531.000,38069,2,GY,1,100,1.038
1870571.000,38087,3,GY,1,100,1.038
1870611.000,38087,3,GY,1,100,1.038
1870651.000,38087,3,GY,1,100,1.007
1870691.000,38103,3,GY,1,100,1.038
1870731.000,38103,3,GY,1,100,1.038
1870771.000,38103,3,GY,1,100,1.038
1870811.000,38118,3,GY,1,100,1.068
1870851.000,38118,3,GY,1,100,1.038
1870891.000,38118,3,GY,1,100,1.038
1870931.000,38135,2,GY,1,100,1.038
1870971.000,38135,2,GY,1,100,1.038
1871011.000,38152,3,GY,1,100,1.038
1871051.000,38152,3,GY,1,100,1.038
1871091.000,38152,3,GY,1,100,1.038
1871131.000,38168,2,GY,1,100,1.007
1871171.000,38168,2,GY,1,100,1.038
1871211.000,38184,3,GY,1,100,1.068
1871251.000,38184,3,GY,1,100,1.038
1871291.000,38184,3,GY,1,100,1.007
1871331.000,38202,2,GY,1,100,1.007
1871371.000,38202,2,GY,1,100,1.068
1871411.000,38219,3,GY,1,100,1.068
1871451.000,38219,3,GY,1,100,1.038
1871491.000,38219,3,GY,1,100,1.068
1871531.000,38235,2,GY,1,100,1.068
1871571.000,38235,2,GY,1,100,1.068
1871611.000,38253,3,GY,1,100,1.068
1871651.000,38253,3,GY,1,100,1.038
1871691.000,38253,3,GY,1,100,1.099
1871731.000,38267,2,GY,1,100,1.038
1871771.000,38267,2,GY,1,100,0.977
1871811.000,38284,3,GY,1,100,1.038
1871851.000,38284,3,GY,1,100,1.007
1871891.000,38284,3,GY,1,100,1.038
1871931.000,38301,2,GY,1,100,1.068
1871971.000,38301,2,GY,1,100,1.068
1872011.000,38318,3,GY,1,100,1.038
1872051.000,38318,3,GY,1,100,1.038
1872091.000,38318,3,GY,1,100,1.007
1872131.000,38332,3,GY,1,100,1.007
1872171.000,38332,3,GY,1,100,1.068
1872211.000,38332,3,GY,1,100,1.068
1872251.000,38355,4,GY,1,100,1.038
1872291.000,38355,4,GY,1,100,1.038
1872331.000,38355,4,GY,1,100,1.038
1872371.000,38355,4,GY,1,100,1.038
1872411.000,38371,3,GY,1,100,1.038
1872451.000,38371,3,GY,1,100,1.038
1872491.000,38371,3,GY,1,100,1.038
1872531.000,38386,2,GY,1,100,1.038
1872571.000,38386,2,GY,1,100,1.038
1872611.000,38404,3,GY,1,100,1.068
1872651.000,38404,3,GY,1,100,1.038
1872691.000,38404,3,GY,1,100,1.068
1872731.000,38420,2,GY,1,100,1.038
1872771.000,38420,2,GY,1,100,1.038
1872811.000,38437,3,GY,1,100,1.038
1872851.000,38437,3,GY,1,100,1.038
1872891.000,38437,3,GY,1,100,1.038
1872931.000,38454,3,GY,1,100,1.068
1872971.000,38454,3,GY,1,100,1.007
1873011.000,38454,3,GY,1,100,1.038
1873051.000,38469,3,GY,1,100,1.099
1873091.000,38469,3,GY,1,100,1.038
1873131.000,38469,3,GY,1,100,1.038
1873171.000,38485,2,GY,1,100,1.007
1873211.000,38485,2,GY,1,100,1.068
1873251.000,38503,3,GY,1,100,1.099
1873291.000,38503,3,GY,1,100,1.038
1873331.000,38503,3,GY,1,100,1.007
1873371.000,38519,2,GY,1,100,1.068
1873411.000,38519,2,GY,1,100,1.038
1873451.000,38534,3,GY,1,100,1.007
1873491.000,38534,3,GY,1,100,1.068
1873531.000,38534,3,GY,1,100,1.038
1873571.000,38551,2,GY,1,100,1.038
1873611.000,38551,2,GY,1,100,1.068
1873651.000,38568,3,GY,1,100,1.038
1873691.000,38568,3,GY,1,100,1.068
1873731.000,38568,3,GY,1,100,1.099
1873771.000,38584,2,GY,1,100,1.099
1873811.000,38584,2,GY,1,100,1.068
1873851.000,38599,3,GY,1,100,1.038
1873891.000,38599,3,GY,1,100,1.068
1873931.000,38599,3,GY,1,100,1.038
1873971.000,38616,3,GY,1,100,1.007
1874011.000,38616,3,GY,1,100,1.007
1874051.000,38616,3,GY,1,100,1.007
1874091.000,38633,2,GY,1,100,1.007
1874131.000,38633,2,GY,1,100,1.038
1874171.000,38649,3,GY,1,100,1.038
1874211.000,38649,3,GY,1,100,1.099
1874251.000,38649,3,GY,1,100,1.038
1874291.000,38665,2,GY,1,100,1.068
1874331.000,38665,2,GY,1,100,1.068
1874371.000,38681,3,GY,1,100,1.038
1874411.000,38681,3,GY,1,100,1.038
1874451.000,38681,3,GY,1,100,1.038
1874491.000,38698,2,GY,1,100,1.038
1874531.000,38698,2,GY,1,100,1.038
1874571.000,38715,3,GY,1,100,1.038
1874611.000,38715,3,GY,1,100,1.007
1874651.000,38715,3,GY,1,100,1.068
1874691.000,38730,2,GY,1,100,1.038
1874731.000,38730,2,GY,1,100,1.007
1874771.000,38746,3,GY,1,100,1.038
1874811.000,38746,3,GY,1,100,1.099
1874851.000,38746,3,GY,1,100,1.007
1874891.000,38763,2,GY,1,100,1.007
1874931.000,38763,2,GY,1,100,1.038
1874971.000,38780,3,GY,1,100,1.099
1875011.000,38780,3,GY,1,100,1.068
1875051.000,38780,3,GY,1,100,1.007
1875091.000,38796,2,GY,1,100,1.038
1875131.000,38796,2,GY,1,100,1.099
1875171.000,38811,3,GY,1,100,1.038
1875211.000,38811,3,GY,1,100,0.977
1875251.000,38811,3,GY,1,100,1.038
1875291.000,38829,3,GY,1,100,1.038
1875331.000,38829,3,GY,1,100,1.068
1875371.000,38829,3,GY,1,100,1.038
1875411.000,38845,3,GY,1,100,0.977
1875451.000,38845,3,GY,1,100,1.099
1875491.000,38845,3,GY,1,100,1.099
1875531.000,38862,2,GY,1,100,1.007
1875571.000,38862,2,GY,1,100,1.007
1875611.000,38878,3,GY,1,100,1.068
1875651.000,38878,3,GY,1,100,1.068
1875691.000,38878,3,GY,1,100,1.038
1875731.000,38894,2,GY,1,100,1.007
1875771.000,38894,2,GY,1,100,1.068
1875811.000,38910,3,GY,1,100,1.007
1875851.000,38910,3,GY,1,100,1.038
1875891.000,38910,3,GY,1,100,1.038
1875931.000,38928,2,GY,1,100,1.007
1875971.000,38928,2,GY,1,100,1.068
1876011.000,38944,3,GY,1,100,1.068
1876051.000,38944,3,GY,1,100,0.977
1876091.000,38944,3,GY,1,100,1.099
1876131.000,38959,2,GY,1,100,1.099
1876171.000,38959,2,GY,1,100,1.007
1876211.000,38976,3,GY,1,100,1.007
1876251.000,38976,3,GY,1,100,1.068
1876291.000,38976,3,GY,1,100,1.099
1876331.000,38995,2,GY,1,100,1.068
1876371.000,38995,2,GY,1,100,1.038
1876411.000,39011,3,GY,1,100,1.038
1876451.000,39011,3,GY,1,100,1.038
1876491.000,39011,3,GY,1,100,1.068
1876531.000,39026,3,GY,1,100,1.007
1876571.000,39026,3,GY,1,100,1.038
1876611.000,39026,3,GY,1,100,1.068
1876651.000,39043,2,GY,1,100,1.038
1876691.000,39043,2,GY,1,100,1.038
1876731.000,39060,3,GY,1,100,1.007
1876771.000,39060,3,GY,1,100,1.038
1876811.000,39060,3,GY,1,100,1.068
1876851.000,39076,2,GY,1,100,1.068
1876891.000,39076,2,GY,1,100,1.038
1876931.000,39092,3,GY,1,100,1.068
1876971.000,39092,3,GY,1,100,1.038
1877011.000,39092,3,GY,1,100,1.038
1877051.000,39108,2,GY,1,100,1.038
1877091.000,39108,2,GY,1,100,1.099
1877131.000,39125,3,GY,1,100,1.038
1877171.000,39125,3,GY,1,100,1.038
1877211.000,39125,3,GY,1,100,1.038
1877250.667,39142,3,GY,1,100,1.038
1877290.333,39142,3,GY,1,100,1.038
1877330.000,39142,3,GY,1,100,1.068
1877370.000,39164,4,GY,1,100,1.038
1877410.000,39164,4,GY,1,100,1.038
1877450.000,39164,4,GY,1,100,1.007
1877490.000,39164,4,GY,1,100,1.007
1877530.000,39180,3,GY,1,100,1.038
1877570.000,39180,3,GY,1,100,1.099
1877610.000,39180,3,GY,1,100,1.068
1877650.000,39198,3,GY,1,100,1.038
1877690.000,39198,3,GY,1,100,1.007
1877730.000,39198,3,GY,1,100,1.068
1877770.500,39214,2,GY,1,100,1.038
1877811.000,39214,2,GY,1,100,1.007
1877851.000,39229,3,GY,1,100,1.007
1877891.000,39229,3,GY,1,100,1.068
1877931.000,39229,3,GY,1,100,1.038
1877971.000,39246,2,GY,1,100,0.946
1878011.000,39246,2,GY,1,100,1.068
1878051.000,39263,3,GY,1,100,1.099
1878091.000,39263,3,GY,1,100,1.038
1878131.000,39263,3,GY,1,100,1.007
1878170.500,39279,2,GY,1,100,1.038
1878210.000,39279,2,GY,1,100,1.099
1878250.000,39295,3,GY,1,100,1.068
1878290.000,39295,3,GY,1,100,0.977
1878330.000,39295,3,GY,1,100,1.038
1878370.000,39311,3,GY,1,100,1.099
1878410.000,39311,3,GY,1,100,1.038
1878450.000,39311,3,GY,1,100,1.038
1878490.000,39328,2,GY,1,100,1.068
1878530.000,39328,2,GY,1,100,1.038
1878570.000,39345,3,GY,1,100,1.038
1878610.000,39345,3,GY,1,100,1.007
1878650.000,39345,3,GY,1,100,1.038
1878690.000,39360,2,GY,1,100,1.068
1878730.000,39360,2,GY,1,100,1.038
1878770.000,39376,3,GY,1,100,1.007
1878810.000,39376,3,GY,1,100,1.038
1878850.000,39376,3,GY,1,100,1.068
1878890.000,39393,2,GY,1,100,1.068
1878930.000,39393,2,GY,1,100,1.007
1878970.000,39410,3,GY,1,100,1.007
1879010.000,39410,3,GY,1,100,1.068
1879050.000,39410,3,GY,1,100,1.038
1879090.000,39425,2,GY,1,100,1.038
1879130.000,39425,2,GY,1,100,1.068
1879170.000,39441,3,GY,1,100,1.038
1879210.000,39441,3,GY,1,100,1.068
1879250.000,39441,3,GY,1,100,1.007
1879290.000,39459,2,GY,1,100,1.007
1879330.000,39459,2,GY,1,100,1.068
1879370.000,39475,3,GY,1,100,1.038
1879410.000,39475,3,GY,1,100,1.007
1879450.000,39475,3,GY,1,100,1.038
1879490.000,39491,2,GY,1,100,1.038
1879530.000,39491,2,GY,1,100,1.038
1879570.000,39507,3,GY,1,100,1.038
1879610.000,39507,3,GY,1,100,1.068
1879650.000,39507,3,GY,1,100,1.099
1879690.000,39524,2,GY,1,100,1.007
1879730.000,39524,2,GY,1,100,1.007
1879770.000,39540,3,GY,1,100,1.099
1879810.000,39540,3,GY,1,100,1.038
1879850.000,39540,3,GY,1,100,1.099
1879890.000,39558,3,GY,1,100,1.038
1879930.000,39558,3,GY,1,100,0.977
1879970.000,39558,3,GY,1,100,1.068
1880010.000,39572,2,GY,1,100,0.977
1880050.000,39572,2,GY,1,100,1.038
1880090.000,39589,3,GY,1,100,1.129
1880130.000,39589,3,GY,1,100,1.007
1880170.000,39589,3,GY,1,100,1.068
1880210.000,39605,3,GY,1,100,1.038
1880250.000,39605,3,GY,1,100,0.977
1880290.000,39605,3,GY,1,100,1.068
1880330.000,39623,2,GY,1,100,1.007
1880370.000,39623,2,GY,1,100,0.916
1880410.000,39637,3,GY,1,100,1.038
1880450.000,39637,3,GY,1,100,1.038
1880490.000,39637,3,GY,1,100,1.068
1880530.000,39654,2,GY,1,100,1.099
1880570.000,39654,2,GY,1,100,1.007
1880610.000,39671,3,GY,1,100,1.068
1880650.000,39671,3,GY,1,100,1.068
1880690.000,39671,3,GY,1,100,0.977
1880730.000,39688,2,GY,1,100,1.099
1880770.000,39688,2,GY,1,100,1.038
1880810.000,39703,3,GY,1,100,1.038
1880850.000,39703,3,GY,1,100,1.068
1880890.000,39703,3,GY,1,100,1.068
1880930.000,39720,2,GY,1,100,1.038
1880970.000,39720,2,GY,1,100,1.068
1881010.000,39736,3,GY,1,100,1.068
1881050.000,39736,3,GY,1,100,1.038
1881090.000,39736,3,GY,1,100,1.068
1881130.000,39753,2,GY,1,100,1.068
1881170.000,39753,2,GY,1,100,1.068
1881210.000,39770,3,GY,1,100,1.038
1881250.000,39770,3,GY,1,100,0.977
1881290.000,39770,3,GY,1,100,1.068
1881330.500,39787,2,GY,1,100,1.007
1881371.000,39787,2,GY,1,100,1.007
1881410.667,39803,3,GY,1,100,1.160
1881450.333,39803,3,GY,1,100,1.038
1881490.000,39803,3,GY,1,100,0.946
1881530.333,39820,3,GY,1,100,1.099
1881570.667,39820,3,GY,1,100,1.068
1881611.000,39820,3,GY,1,100,1.038
1881651.000,39837,2,GY,1,100,1.068
1881691.000,39837,2,GY,1,100,1.007
1881731.000,39852,3,GY,1,100,1.068
1881771.000,39852,3,GY,1,100,1.038
1881811.000,39852,3,GY,1,100,0.946
1881851.000,39868,2,GY,1,100,1.099
1881891.000,39868,2,GY,1,100,1.099
1881931.000,39886,5,GY,1,100,1.007
1881971.000,39886,5,GY,1,100,1.099
1882011.000,39886,5,GY,1,100,1.038
1882051.000,39886,5,GY,1,100,1.068
1882091.000,39886,5,GY,1,100,1.099
1882131.000,39902,4,GY,1,100,1.007
1882171.000,39902,4,GY,1,100,1.068
1882211.000,39902,4,GY,1,100,1.099
1882251.000,39902,4,GY,1,100,1.038
1882291.000,39920,5,GY,1,100,1.038
1882331.000,39920,5,GY,1,100,1.068
1882371.000,39920,5,GY,1,100,1.038
1882411.000,39920,5,GY,1,100,1.068
1882451.000,39920,5,GY,1,100,1.038
1882491.000,39943,6,GY,1,100,1.038
1882531.000,39943,6,GY,1,100,1.038
1882571.000,39943,6,GY,1,100,1.038
1882611.000,39943,6,GY,1,100,1.038
1882651.000,39943,6,GY,1,100,1.068
1882691.000,39943,6,GY,1,100,1.038
1882731.000,39959,3,GY,1,100,1.007
1882771.000,39959,3,GY,1,100,1.038
1882811.000,39959,3,GY,1,100,1.068
1882851.000,39976,2,GY,1,100,1.099
1882891.000,39976,2,GY,1,100,1.068
1882931.000,39991,3,GY,1,100,1.007
1882971.000,39991,3,GY,1,100,0.977
1883011.000,39991,3,GY,1,100,1.068
1883051.000,40008,2,GY,1,100,0.977
1883091.000,40008,2,GY,1,100,1.007
1883131.000,40024,3,GY,1,100,1.160
1883171.000,40024,3,GY,1,100,1.038
1883211.000,40024,3,GY,1,100,1.068
1883251.000,40042,2,GY,1,100,1.038
1883291.000,40042,2,GY,1,100,1.099
1883331.000,40057,3,GY,1,100,1.129
1883371.000,40057,3,GY,1,100,0.946
1883411.000,40057,3,GY,1,100,1.038
1883451.000,40073,3,GY,1,100,1.129
1883491.000,40073,3,GY,1,100,0.977
1883531.000,40073,3,GY,1,100,1.068
1883571.000,40089,2,GY,1,100,1.068
1883611.000,40089,2,GY,1,100,1.038
1883651.000,40107,3,GY,1,100,1.068
1883691.000,40107,3,GY,1,100,0.977
1883731.000,40107,3,GY,1,100,1.038
1883771.000,40123,2,GY,1,100,1.099
1883811.000,40123,2,GY,1,100,1.038
1883851.000,40138,3,GY,1,100,1.007
1883891.000,40138,3,GY,1,100,1.038
1883931.000,40138,3,GY,1,100,1.068
1883971.000,40155,2,GY,1,100,1.099
1884011.000,40155,2,GY,1,100,1.068
1884051.000,40172,3,GY,1,100,1.068
1884091.000,40172,3,GY,1,100,1.007
1884131.000,40172,3,GY,1,100,1.068
1884171.000,40188,2,GY,1,100,1.068
1884211.000,40188,2,GY,1,100,1.007
1884251.000,40204,3,GY,1,100,1.129
1884291.000,40204,3,GY,1,100,1.099
1884331.000,40204,3,GY,1,100,1.038
1884371.000,40220,2,GY,1,100,1.068
1884411.000,40220,2,GY,1,100,1.007
1884450.667,40237,3,GY,1,100,1.068
1884490.333,40237,3,GY,1,100,1.038
1884530.000,40237,3,GY,1,100,1.038
1884570.500,40254,2,GY,1,100,1.038
1884611.000,40254,2,GY,1,100,1.068
1884650.667,40269,3,GY,1,100,1.038
1884690.333,40269,3,GY,1,100,1.068
1884730.000,40269,3,GY,1,100,1.038
1884770.000,40285,3,GY,1,100,1.038
1884810.000,40285,3,GY,1,100,1.038
1884850.000,40285,3,GY,1,100,1.038
1884890.000,40302,2,GY,1,100,1.038
1884930.000,40302,2,GY,1,100,1.007
1884970.000,40319,3,GY,1,100,1.038
1885010.000,40319,3,GY,1,100,1.068
1885050.000,40319,3,GY,1,100,1.038
1885090.000,40334,2,GY,1,100,1.038
1885130.000,40334,2,GY,1,100,1.038
1885170.000,40350,3,GY,1,100,1.038
1885210.000,40350,3,GY,1,100,1.038
1885250.000,40350,3,GY,1,100,1.068
1885290.000,40368,2,GY,1,100,1.068
1885330.000,40368,2,GY,1,100,1.038
1885370.000,40384,3,GY,1,100,1.068
1885410.000,40384,3,GY,1,100,1.038
1885450.000,40384,3,GY,1,100,1.038
1885490.000,40400,2,GY,1,100,1.007
1885530.000,40400,2,GY,1,100,1.007
1885570.000,40416,3,GY,1,100,1.038
1885610.000,40416,3,GY,1,100,1.038
1885650.000,40416,3,GY,1,100,1.038
1885690.000,40433,2,GY,1,100,1.007
1885730.000,40433,2,GY,1,100,1.007
1885770.000,40449,3,GY,1,100,1.038
1885810.000,40449,3,GY,1,100,1.038
1885850.000,40449,3,GY,1,100,0.977
1885890.000,40465,2,GY,1,100,1.038
1885930.000,40465,2,GY,1,100,1.129
1885970.000,40481,3,GY,1,100,1.007
1886010.000,40481,3,GY,1,100,1.038
1886050.000,40481,3,GY,1,100,1.038
1886090.000,40498,3,GY,1,100,1.038
1886130.000,40498,3,GY,1,100,1.160
1886170.000,40498,3,GY,1,100,1.068
1886210.000,40514,2,GY,1,100,1.099
1886250.000,40514,2,GY,1,100,1.129
1886290.000,40534,3,GY,1,100,1.099
1886330.000,40534,3,GY,1,100,1.129
1886370.000,40534,3,GY,1,100,1.038
1886410.000,40548,2,GY,1,100,0.977
1886450.000,40548,2,GY,1,100,1.099
1886490.000,40565,3,GY,1,100,1.129
1886530.000,40565,3,GY,1,100,1.038
1886570.000,40565,3,GY,1,100,1.068
1886610.000,40582,2,GY,1,100,0.916
1886650.000,40582,2,GY,1,100,1.190
1886690.000,40599,3,GY,1,100,1.251
1886730.000,40599,3,GY,1,100,0.946
1886770.000,40599,3,GY,1,100,0.854
1886810.000,40613,2,GY,1,100,1.099
1886850.000,40613,2,GY,1,100,1.251
1886890.000,40631,3,GY,1,100,1.038
1886930.000,40631,3,GY,1,100,1.007
1886970.000,40631,3,GY,1,100,1.038
1887010.000,40647,2,GY,1,100,0.946
1887050.000,40647,2,GY,1,100,1.068
1887090.000,40664,3,GY,1,100,0.977
1887130.000,40664,3,GY,1,100,0.854
1887170.000,40664,3,GY,1,100,1.068
1887210.000,40678,2,GY,1,100,1.068
1887250.000,40678,2,GY,1,100,1.038
1887290.000,40696,3,GY,1,100,0.977
1887330.000,40696,3,GY,1,100,0.946
1887370.000,40696,3,GY,1,100,1.160
1887410.000,40712,3,GY,1,100,1.068
1887450.000,40712,3,GY,1,100,0.885
1887490.000,40712,3,GY,1,100,1.068
1887530.000,40729,2,GY,1,100,1.099
1887570.000,40729,2,GY,1,100,1.038
1887610.000,40744,3,GY,1,100,1.007
1887650.000,40744,3,GY,1,100,1.007
1887690.000,40744,3,GY,1,100,1.099
1887730.000,40765,3,GY,1,100,1.099
1887770.000,40765,3,GY,1,100,0.946
1887810.000,40765,3,GY,1,100,1.038
1887850.000,40779,3,GY,1,100,1.099
1887890.000,40779,3,GY,1,100,1.068
1887930.000,40779,3,GY,1,100,1.007
1887970.000,40797,2,GY,1,100,0.977
1888010.000,40797,2,GY,1,100,1.038
1888050.000,40813,3,GY,1,100,1.099
1888090.000,40813,3,GY,1,100,1.038
1888130.000,40813,3,GY,1,100,1.068
1888170.000,40830,3,GY,1,100,1.068
1888210.000,40830,3,GY,1,100,1.007
1888250.000,40830,3,GY,1,100,1.099
1888290.000,40845,2,GY,1,100,1.068
1888330.000,40845,2,GY,1,100,1.068
1888370.000,40862,3,GY,1,100,1.160
1888410.000,40862,3,GY,1,100,1.038
1888450.000,40862,3,GY,1,100,1.007
1888490.000,40878,2,GY,1,100,1.068
1888530.000,40878,2,GY,1,100,1.038
1888570.000,40896,3,GY,1,100,1.068
1888610.000,40896,3,GY,1,100,1.038
1888650.000,40896,3,GY,1,100,1.038
1888696.500,40910,2,GY,1,100,1.068
1888743.000,40910,2,GY,1,100,1.038
1888778.667,40927,3,GY,1,100,1.038
1888814.333,40927,3,GY,1,100,1.099
1888850.000,40927,3,GY,1,100,1.068
1888896.500,40943,2,GY,1,100,1.038
1888943.000,40943,2,GY,1,100,1.038
1888983.000,40961,3,GY,1,100,1.038
1889023.000,40961,3,GY,1,100,1.038
1889063.000,40961,3,GY,1,100,1.038
1889103.000,40976,2,GY,1,100,1.038
1889143.000,40976,2,GY,1,100,1.038
1889183.000,40992,3,GY,1,100,1.068
1889223.000,40992,3,GY,1,100,1.068
1889263.000,40992,3,GY,1,100,1.038
1889303.000,41009,2,GY,1,100,1.038
1889343.000,41009,2,GY,1,100,1.007
1889383.000,41026,3,GY,1,100,1.038
1889423.000,41026,3,GY,1,100,1.007
1889463.000,41026,3,GY,1,100,0.977
1889503.000,41041,2,GY,1,100,1.099
1889543.000,41041,2,GY,1,100,1.038
1889583.000,41058,3,GY,1,100,1.068
1889623.000,41058,3,GY,1,100,1.038
1889663.000,41058,3,GY,1,100,1.038
1889703.000,41074,2,GY,1,100,1.099
1889743.000,41074,2,GY,1,100,1.007
1889783.000,41091,3,GY,1,100,1.007
1889823.000,41091,3,GY,1,100,1.038
1889863.000,41091,3,GY,1,100,1.038
1889903.000,41108,2,GY,1,100,1.068
1889943.000,41108,2,GY,1,100,1.007
1889983.000,41123,3,GY,1,100,1.038
1890023.000,41123,3,GY,1,100,1.099
1890063.000,41123,3,GY,1,100,1.038
1890103.000,41139,2,GY,1,100,1.038
1890143.000,41139,2,GY,1,100,1.068
1890183.000,41156,3,GY,1,100,0.977
1890223.000,41156,3,GY,1,100,1.038
1890263.000,41156,3,GY,1,100,1.038
1890302.500,41173,2,GY,1,100,0.977
1890342.000,41173,2,GY,1,100,1.068
1890382.333,41188,3,GY,1,100,1.068
1890422.667,41188,3,GY,1,100,1.068
1890463.000,41188,3,GY,1,100,1.068
1890503.000,41204,3,GY,1,100,1.038
1890543.000,41204,3,GY,1,100,1.038
1890583.000,41204,3,GY,1,100,1.068
1890623.000,41222,2,GY,1,100,1.038
1890663.000,41222,2,GY,1,100,1.007
1890703.000,41238,3,GY,1,100,1.068
1890743.000,41238,3,GY,1,100,1.038
1890783.000,41238,3,GY,1,100,1.007
1890823.000,41253,2,GY,1,100,1.007
1890863.000,41253,2,GY,1,100,1.038
1890902.667,41270,3,GY,1,100,1.068
1890942.333,41270,3,GY,1,100,1.038
1890982.000,41270,3,GY,1,100,1.007
1891022.000,41287,2,GY,1,100,1.038
1891062.000,41287,2,GY,1,100,1.038
1891102.000,41303,3,GY,1,100,1.007
1891142.000,41303,3,GY,1,100,1.038
1891182.000,41303,3,GY,1,100,1.068
1891222.500,41318,2,GY,1,100,1.038
1891263.000,41318,2,GY,1,100,1.038
1891303.000,41337,3,GY,1,100,1.007
1891343.000,41337,3,GY,1,100,1.038
1891383.000,41337,3,GY,1,100,1.038
1891423.000,41354,2,GY,1,100,1.007
1891463.000,41354,2,GY,1,100,1.038
1891502.667,41370,3,GY,1,100,1.068
1891542.333,41370,3,GY,1,100,1.007
1891582.000,41370,3,GY,1,100,1.038
1891622.000,41387,2,GY,1,100,1.068
1891662.000,41387,2,GY,1,100,1.038
1891702.000,41402,3,GY,1,100,1.068
1891742.000,41402,3,GY,1,100,1.068
1891782.000,41402,3,GY,1,100,1.038
1891822.000,41419,3,GY,1,100,1.038
1891862.000,41419,3,GY,1,100,1.007
1891902.000,41419,3,GY,1,100,1.038
1891942.500,41436,2,GY,1,100,1.068
1891983.000,41436,2,GY,1,100,1.038
1892022.667,41453,3,GY,1,100,1.068
1892062.333,41453,3,GY,1,100,1.038
1892102.000,41453,3,GY,1,100,1.038
1892142.000,41467,2,GY,1,100,1.038
1892182.000,41467,2,GY,1,100,1.038
1892222.000,41485,3,GY,1,100,1.038
1892262.000,41485,3,GY,1,100,1.038
1892302.000,41485,3,GY,1,100,1.007
1892342.000,41501,2,GY,1,100,1.038
1892382.000,41501,2,GY,1,100,1.038
1892422.000,41518,3,GY,1,100,1.038
1892462.000,41518,3,GY,1,100,1.099
1892502.000,41518,3,GY,1,100,1.068
1892542.000,41532,2,GY,1,100,1.038
1892582.000,41532,2,GY,1,100,1.068
1892622.000,41550,3,GY,1,100,1.068
1892662.000,41550,3,GY,1,100,1.068
1892702.000,41550,3,GY,1,100,1.007
1892742.000,41566,2,GY,1,100,0.977
1892782.000,41566,2,GY,1,100,1.129
1892822.000,41589,4,GY,1,100,1.099
1892862.000,41589,4,GY,1,100,0.977
1892902.000,41589,4,GY,1,100,1.038
1892942.000,41589,4,GY,1,100,1.099
1892982.000,41606,3,GY,1,100,1.068
1893022.000,41606,3,GY,1,100,1.068
1893062.000,41606,3,GY,1,100,1.007
1893102.000,41622,2,GY,1,100,1.068
1893142.000,41622,2,GY,1,100,1.068
1893182.000,41637,3,GY,1,100,0.977
1893222.000,41637,3,GY,1,100,1.007
1893262.000,41637,3,GY,1,100,1.099
1893302.000,41655,2,GY,1,100,1.038
1893342.000,41655,2,GY,1,100,1.007
1893382.000,41671,3,GY,1,100,1.007
1893422.000,41671,3,GY,1,100,1.007
1893462.000,41671,3,GY,1,100,1.038
1893502.000,41687,2,GY,1,100,1.007
1893542.000,41687,2,GY,1,100,1.038
1893582.000,41703,3,GY,1,100,1.068
1893622.000,41703,3,GY,1,100,1.007
1893662.000,41703,3,GY,1,100,1.068
1893702.000,41720,2,GY,1,100,1.038
1893742.000,41720,2,GY,1,100,1.038
1893782.000,41736,3,GY,1,100,1.099
1893822.000,41736,3,GY,1,100,1.068
1893862.000,41736,3,GY,1,100,1.038
1893902.000,41754,2,GY,1,100,1.068
1893942.000,41754,2,GY,1,100,1.038
1893982.000,41768,3,GY,1,100,0.977
1894022.000,41768,3,GY,1,100,1.038
1894062.000,41768,3,GY,1,100,1.038
1894102.000,41785,2,GY,1,100,1.038
1894142.000,41785,2,GY,1,100,1.038
1894182.000,41801,3,GY,1,100,1.007
1894222.000,41801,3,GY,1,100,1.068
1894262.000,41801,3,GY,1,100,1.038
1894302.000,41819,2,GY,1,100,1.007
1894342.000,41819,2,GY,1,100,1.038
1894382.000,41833,3,GY,1,100,1.068
1894422.000,41833,3,GY,1,100,1.099
1894462.000,41833,3,GY,1,100,1.038
1894502.000,41850,3,GY,1,100,0.977
1894542.000,41850,3,GY,1,100,1.099
1894582.000,41850,3,GY,1,100,1.068
1894622.000,41867,2,GY,1,100,1.038
1894662.000,41867,2,GY,1,100,1.068
1894702.000,41884,3,GY,1,100,1.038
1894742.000,41884,3,GY,1,100,1.129
1894782.000,41884,3,GY,1,100,1.007
1894822.000,41898,2,GY,1,100,0.916
1894862.000,41898,2,GY,1,100,1.099
1894902.000,41916,3,GY,1,100,1.068
1894942.000,41916,3,GY,1,100,0.977
1894982.000,41916,3,GY,1,100,1.007
1895022.000,41932,2,GY,1,100,1.007
1895062.000,41932,2,GY,1,100,1.038
1895102.000,41949,3,GY,1,100,1.038
1895142.000,41949,3,GY,1,100,0.977
1895182.000,41949,3,GY,1,100,1.038
1895222.000,41963,2,GY,1,100,1.129
1895262.000,41963,2,GY,1,100,1.038
1895302.000,41981,3,GY,1,100,1.007
1895342.000,41981,3,GY,1,100,1.038
1895382.000,41981,3,GY,1,100,1.068
1895422.000,41997,2,GY,1,100,1.099
1895462.000,41997,2,GY,1,100,1.007
1895502.000,42014,3,GY,1,100,1.007
1895542.000,42014,3,GY,1,100,1.068
1895582.000,42014,3,GY,1,100,1.038
1895622.000,42030,2,GY,1,100,1.038
1895662.000,42030,2,GY,1,100,1.038
1895702.000,42046,3,GY,1,100,1.038
1895742.000,42046,3,GY,1,100,1.068
1895782.000,42046,3,GY,1,100,0.977
1895822.000,42062,2,GY,1,100,1.007
1895862.000,42062,2,GY,1,100,1.099
1895902.000,42080,3,GY,1,100,1.068
1895942.000,42080,3,GY,1,100,1.038
1895982.000,42080,3,GY,1,100,1.038
1896022.000,42096,3,GY,1,100,1.038
1896062.000,42096,3,GY,1,100,1.038
1896102.000,42096,3,GY,1,100,1.038
1896142.000,42111,2,GY,1,100,1.007
1896182.000,42111,2,GY,1,100,1.007
1896222.000,42128,3,GY,1,100,1.038
1896262.000,42128,3,GY,1,100,1.038
1896302.000,42128,3,GY,1,100,1.038
1896342.000,42147,2,GY,1,100,1.038
1896382.000,42147,2,GY,1,100,1.038
1896422.000,42163,3,GY,1,100,1.068
1896462.000,42163,3,GY,1,100,1.007
1896502.000,42163,3,GY,1,100,1.068
1896542.000,42178,2,GY,1,100,1.099
1896582.000,42178,2,GY,1,100,1.038
1896622.000,42195,3,GY,1,100,1.038
1896662.000,42195,3,GY,1,100,1.038
1896702.000,42195,3,GY,1,100,1.038
1896742.000,42212,2,GY,1,100,1.038
1896782.000,42212,2,GY,1,100,1.038
1896822.000,42228,3,GY,1,100,1.038
1896862.000,42228,3,GY,1,100,1.129
1896902.000,42228,3,GY,1,100,1.038
1896942.000,42244,2,GY,1,100,1.007
1896982.000,42244,2,GY,1,100,1.068
1897022.000,42260,3,GY,1,100,1.038
1897062.000,42260,3,GY,1,100,1.068
1897102.000,42260,3,GY,1,100,1.068
1897142.000,42277,2,GY,1,100,1.007
1897182.000,42277,2,GY,1,100,1.007
1897222.000,42294,3,GY,1,100,1.038
1897262.000,42294,3,GY,1,100,1.068
1897302.000,42294,3,GY,1,100,1.068
1897342.000,42309,2,GY,1,100,1.038
1897382.000,42309,2,GY,1,100,1.038
1897422.000,42325,3,GY,1,100,1.007
1897462.000,42325,3,GY,1,100,1.068
1897502.000,42325,3,GY,1,100,1.038
1897542.000,42342,3,GY,1,100,1.038
1897582.000,42342,3,GY,1,100,1.007
1897622.000,42342,3,GY,1,100,1.038
1897662.000,42359,2,GY,1,100,1.007
1897702.000,42359,2,GY,1,100,0.977
1897742.000,42375,3,GY,1,100,1.007
1897782.000,42375,3,GY,1,100,1.007
1897822.000,42375,3,GY,1,100,1.007
1897862.000,42390,2,GY,1,100,1.007
1897902.000,42390,2,GY,1,100,1.068
1897942.000,42413,4,GY,1,100,1.068
1897982.000,42413,4,GY,1,100,1.007
1898022.000,42413,4,GY,1,100,1.007
1898062.000,42413,4,GY,1,100,1.007
1898102.000,42429,2,GY,1,100,1.068
1898142.000,42429,2,GY,1,100,1.068
1898182.000,42446,3,GY,1,100,1.038
1898222.000,42446,3,GY,1,100,1.038
1898262.000,42446,3,GY,1,100,1.038
1898302.000,42463,2,GY,1,100,1.007
1898342.000,42463,2,GY,1,100,1.007
1898382.000,42478,3,GY,1,100,1.007
1898422.000,42478,3,GY,1,100,1.068
1898462.000,42478,3,GY,1,100,1.038
1898502.000,42494,3,GY,1,100,1.038
1898542.000,42494,3,GY,1,100,1.038
1898582.000,42494,3,GY,1,100,1.038
1898622.000,42512,2,GY,1,100,1.068
1898662.000,42512,2,GY,1,100,1.068
1898702.000,42528,3,GY,1,100,0.977
1898742.000,42528,3,GY,1,100,1.038
1898782.000,42528,3,GY,1,100,1.068
1898822.000,42543,2,GY,1,100,1.038
1898862.000,42543,2,GY,1,100,1.068
1898902.000,42560,3,GY,1,100,1.038
1898942.000,42560,3,GY,1,100,1.038
1898982.000,42560,3,GY,1,100,1.038
1899022.000,42577,2,GY,1,100,1.038
1899062.000,42577,2,GY,1,100,1.038
1899102.000,42593,3,GY,1,100,1.068
1899142.000,42593,3,GY,1,100,1.038
1899182.000,42593,3,GY,1,100,1.038
1899222.000,42608,2,GY,1,100,1.068
1899262.000,42608,2,GY,1,100,1.038
1899302.000,42625,3,GY,1,100,1.038
1899342.000,42625,3,GY,1,100,0.977
1899382.000,42625,3,GY,1,100,1.007
1899422.000,42642,2,GY,1,100,1.099
1899462.000,42642,2,GY,1,100,1.068
1899502.000,42658,3,GY,1,100,1.007
1899542.000,42658,3,GY,1,100,1.038
1899582.000,42658,3,GY,1,100,1.068
1899622.000,42675,2,GY,1,100,1.068
1899662.000,42675,2,GY,1,100,1.038
1899702.000,42690,3,GY,1,100,1.038
1899742.000,42690,3,GY,1,100,1.038
1899782.000,42690,3,GY,1,100,1.068
1899822.000,42707,2,GY,1,100,1.068
1899862.000,42707,2,GY,1,100,1.007
1899902.000,42724,3,GY,1,100,1.038
1899942.000,42724,3,GY,1,100,1.038
1899982.000,42724,3,GY,1,100,1.007
1900022.000,42740,2,GY,1,100,1.068
1900062.000,42740,2,GY,1,100,1.038
1900102.000,42755,3,GY,1,100,1.038
1900142.000,42755,3,GY,1,100,1.007
1900182.000,42755,3,GY,1,100,0.946
1900222.000,42773,3,GY,1,100,1.099
1900262.000,42773,3,GY,1,100,1.099
1900302.000,42773,3,GY,1,100,0.977
1900342.000,42789,2,GY,1,100,0.977
1900382.000,42789,2,GY,1,100,1.129
1900422.000,42806,3,GY,1,100,1.099
1900462.000,42806,3,GY,1,100,0.977
1900502.000,42806,3,GY,1,100,1.038
1900542.000,42820,2,GY,1,100,1.038
1900582.000,42820,2,GY,1,100,1.038
1900622.000,42838,3,GY,1,100,1.038
1900662.000,42838,3,GY,1,100,0.977
1900702.000,42838,3,GY,1,100,1.038
1900741.500,42854,2,GY,1,100,1.099
1900781.000,42854,2,GY,1,100,1.038
1900821.333,42871,3,GY,1,100,1.007
1900861.667,42871,3,GY,1,100,1.038
1900902.000,42871,3,GY,1,100,1.007
1900942.000,42886,2,GY,1,100,1.038
1900982.000,42886,2,GY,1,100,1.007
1901022.000,42903,3,GY,1,100,0.977
1901062.000,42903,3,GY,1,100,1.038
1901102.000,42903,3,GY,1,100,1.038
1901141.500,42919,2,GY,1,100,1.038
1901181.000,42919,2,GY,1,100,1.068
1901221.333,42937,3,GY,1,100,1.038
1901261.667,42937,3,GY,1,100,1.068
1901302.000,42937,3,GY,1,100,1.038
1901342.000,42953,2,GY,1,100,1.007
1901382.000,42953,2,GY,1,100,1.068
1901422.000,42970,3,GY,1,100,1.068
1901462.000,42970,3,GY,1,100,1.007
1901502.000,42970,3,GY,1,100,1.038
1901542.000,42986,3,GY,1,100,1.038
1901582.000,42986,3,GY,1,100,1.068
1901622.000,42986,3,GY,1,100,1.068
1901662.000,43004,2,GY,1,100,0.977
1901702.000,43004,2,GY,1,100,1.038
1901741.667,43018,3,GY,1,100,1.068
1901781.333,43018,3,GY,1,100,1.068
1901821.000,43018,3,GY,1,100,1.068
1901861.000,43035,2,GY,1,100,1.068
1901901.000,43035,2,GY,1,100,1.038
1901941.000,43052,3,GY,1,100,1.038
1901981.000,43052,3,GY,1,100,1.068
1902021.000,43052,3,GY,1,100,1.068
1902061.500,43069,2,GY,1,100,1.007
1902102.000,43069,2,GY,1,100,1.038
1902141.800,43087,5,GY,1,100,1.038
1902181.600,43087,5,GY,1,100,1.007
1902221.400,43087,5,GY,1,100,1.038
1902261.200,43087,5,GY,1,100,1.068
1902301.000,43087,5,GY,1,100,1.038
1902341.000,43103,2,GY,1,100,1.038
1902381.000,43103,2,GY,1,100,1.038
1902421.000,43120,3,GY,1,100,1.038
1902461.000,43120,3,GY,1,100,1.007
1902501.000,43120,3,GY,1,100,1.038
1902541.000,43134,2,GY,1,100,1.007
1902581.000,43134,2,GY,1,100,1.007
1902621.000,43152,3,GY,1,100,1.007
1902661.000,43152,3,GY,1,100,0.946
1902701.000,43152,3,GY,1,100,1.068
1902741.000,43168,3,GY,1,100,1.099
1902781.000,43168,3,GY,1,100,1.007
1902821.000,43168,3,GY,1,100,1.038
1902861.000,43185,2,GY,1,100,1.038
1902901.000,43185,2,GY,1,100,1.038
1902941.000,43200,3,GY,1,100,1.038
1902981.000,43200,3,GY,1,100,1.007
1903021.000,43200,3,GY,1,100,1.038
1903061.000,43222,4,GY,1,100,1.068
1903101.000,43222,4,GY,1,100,1.007
1903141.000,43222,4,GY,1,100,1.038
1903181.000,43222,4,GY,1,100,1.038
1903221.000,43236,2,GY,1,100,1.038
1903261.000,43236,2,GY,1,100,1.068
1903301.000,43254,3,GY,1,100,1.068
1903341.000,43254,3,GY,1,100,1.038
1903381.000,43254,3,GY,1,100,1.068
1903421.000,43270,2,GY,1,100,1.068
1903461.000,43270,2,GY,1,100,1.038
1903501.000,43287,3,GY,1,100,1.038
1903541.000,43287,3,GY,1,100,1.068
1903581.000,43287,3,GY,1,100,1.068
1903621.000,43302,2,GY,1,100,1.007
1903661.000,43302,2,GY,1,100,1.038
1903701.000,43319,3,GY,1,100,1.068
1903741.000,43319,3,GY,1,100,1.038
1903781.000,43319,3,GY,1,100,1.007
1903821.000,43335,2,GY,1,100,1.038
1903861.000,43335,2,GY,1,100,1.038
1903901.000,43353,3,GY,1,100,1.099
1903941.000,43353,3,GY,1,100,1.038
1903981.000,43353,3,GY,1,100,1.007
1904021.000,43368,2,GY,1,100,1.099
1904061.000,43368,2,GY,1,100,1.068
1904101.000,43384,3,GY,1,100,1.007
1904141.000,43384,3,GY,1,100,1.038
1904181.000,43384,3,GY,1,100,1.068
1904221.000,43400,2,GY,1,100,1.038
1904261.000,43400,2,GY,1,100,1.038
1904301.000,43418,3,GY,1,100,1.007
1904341.000,43418,3,GY,1,100,1.038
1904381.000,43418,3,GY,1,100,1.038
1904421.000,43434,3,GY,1,100,1.007
1904461.000,43434,3,GY,1,100,1.007
1904501.000,43434,3,GY,1,100,1.068
1904541.000,43452,3,GY,1,100,1.038
1904581.000,43452,3,GY,1,100,1.038
1904621.000,43452,3,GY,1,100,1.038
1904661.000,43466,2,GY,1,100,1.068
1904701.000,43466,2,GY,1,100,1.129
1904741.000,43483,3,GY,1,100,0.977
1904781.000,43483,3,GY,1,100,1.007
1904821.000,43483,3,GY,1,100,1.129
1904861.000,43499,2,GY,1,100,1.068
1904901.000,43499,2,GY,1,100,1.007
1904941.000,43517,3,GY,1,100,1.038
1904981.000,43517,3,GY,1,100,1.099
1905021.000,43517,3,GY,1,100,1.068
1905061.000,43531,3,GY,1,100,1.038
1905101.000,43531,3,GY,1,100,1.007
1905141.000,43531,3,GY,1,100,1.007
1905181.000,43548,2,GY,1,100,1.068
1905221.000,43548,2,GY,1,100,1.068
1905261.000,43565,3,GY,1,100,1.038
1905301.000,43565,3,GY,1,100,1.038
1905341.000,43565,3,GY,1,100,1.007
1905381.000,43582,2,GY,1,100,1.068
1905421.000,43582,2,GY,1,100,1.038
1905461.000,43596,3,GY,1,100,1.007
1905501.000,43596,3,GY,1,100,1.068
1905541.000,43596,3,GY,1,100,1.068
1905581.000,43614,2,GY,1,100,1.068
1905621.000,43614,2,GY,1,100,1.007
1905661.000,43630,3,GY,1,100,1.038
1905701.000,43630,3,GY,1,100,1.099
1905741.000,43630,3,GY,1,100,1.068
1905781.000,43647,2,GY,1,100,1.038
1905821.000,43647,2,GY,1,100,1.068
1905861.000,43661,3,GY,1,100,1.068
1905901.000,43661,3,GY,1,100,1.038
1905941.000,43661,3,GY,1,100,1.007
1905981.000,43679,2,GY,1,100,1.038
1906021.000,43679,2,GY,1,100,1.099
1906061.000,43695,3,GY,1,100,1.068
1906101.000,43695,3,GY,1,100,1.038
1906141.000,43695,3,GY,1,100,1.007
1906181.000,43712,2,GY,1,100,1.038
1906221.000,43712,2,GY,1,100,1.099
1906261.000,43727,3,GY,1,100,1.038
1906301.000,43727,3,GY,1,100,1.007
1906341.000,43727,3,GY,1,100,1.068
1906381.000,43746,3,GY,1,100,1.068
1906421.000,43746,3,GY,1,100,1.038
1906461.000,43746,3,GY,1,100,1.007
1906501.000,43762,2,GY,1,100,1.038
1906541.000,43762,2,GY,1,100,1.068
1906581.000,43780,3,GY,1,100,1.038
1906621.000,43780,3,GY,1,100,0.977
1906661.000,43780,3,GY,1,100,1.068
1906701.000,43795,2,GY,1,100,1.068
1906741.000,43795,2,GY,1,100,1.038
1906781.000,43811,3,GY,1,100,0.977
1906821.000,43811,3,GY,1,100,1.038
1906861.000,43811,3,GY,1,100,1.068
1906901.000,43828,3,GY,1,100,1.038
1906941.000,43828,3,GY,1,100,1.007
1906981.000,43828,3,GY,1,100,1.007
1907021.000,43845,2,GY,1,100,1.038
1907061.000,43845,2,GY,1,100,1.007
1907101.000,43861,3,GY,1,100,0.977
1907141.000,43861,3,GY,1,100,1.038
1907181.000,43861,3,GY,1,100,1.068
1907221.000,43877,2,GY,1,100,1.038
1907261.000,43877,2,GY,1,100,1.068
1907301.000,43893,3,GY,1,100,1.007
1907341.000,43893,3,GY,1,100,1.099
1907381.000,43893,3,GY,1,100,1.068
1907421.000,43910,2,GY,1,100,0.977
1907461.000,43910,2,GY,1,100,1.099
1907501.000,43926,3,GY,1,100,1.068
1907541.000,43926,3,GY,1,100,1.038
1907581.000,43926,3,GY,1,100,1.038
1907621.000,43943,2,GY,1,100,0.977
1907661.000,43943,2,GY,1,100,1.068
1907701.000,43958,3,GY,1,100,1.099
1907741.000,43958,3,GY,1,100,0.977
1907781.000,43958,3,GY,1,100,1.038
1907821.000,43975,3,GY,1,100,1.129
1907861.000,43975,3,GY,1,100,1.038
1907901.000,43975,3,GY,1,100,1.007
1907941.000,43992,2,GY,1,100,1.068
1907981.000,43992,2,GY,1,100,1.007
1908021.000,44009,3,GY,1,100,1.099
1908061.000,44009,3,GY,1,100,1.038
1908101.000,44009,3,GY,1,100,0.977
1908141.000,44030,4,GY,1,100,1.099
1908181.000,44030,4,GY,1,100,1.038
1908221.000,44030,4,GY,1,100,1.007
1908261.000,44030,4,GY,1,100,1.068
1908301.000,44048,3,GY,1,100,1.007
1908341.000,44048,3,GY,1,100,1.038
1908381.000,44048,3,GY,1,100,1.038
1908421.000,44062,2,GY,1,100,1.007
1908461.000,44062,2,GY,1,100,1.038
1908501.000,44079,3,GY,1,100,1.038
1908541.000,44079,3,GY,1,100,1.038
1908581.000,44079,3,GY,1,100,1.068
1908621.000,44096,2,GY,1,100,1.038
1908661.000,44096,2,GY,1,100,1.038
1908701.000,44113,3,GY,1,100,1.068
1908741.000,44113,3,GY,1,100,1.068
1908781.000,44113,3,GY,1,100,1.038
1908821.000,44128,2,GY,1,100,1.007
1908861.000,44128,2,GY,1,100,1.007
1908901.000,44145,3,GY,1,100,1.068
1908941.000,44145,3,GY,1,100,1.068
1908981.000,44145,3,GY,1,100,1.007
1909021.000,44161,3,GY,1,100,1.038
1909061.000,44161,3,GY,1,100,1.007
1909101.000,44161,3,GY,1,100,1.038
1909141.000,44178,2,GY,1,100,1.068
1909181.000,44178,2,GY,1,100,1.007
1909221.000,44195,3,GY,1,100,1.038
1909261.000,44195,3,GY,1,100,1.099
1909301.000,44195,3,GY,1,100,1.038
1909341.000,44210,2,GY,1,100,1.068
1909381.000,44210,2,GY,1,100,1.007
1909421.000,44226,3,GY,1,100,1.007
1909461.000,44226,3,GY,1,100,1.068
1909501.000,44226,3,GY,1,100,1.068
1909541.000,44243,3,GY,1,100,1.038
1909581.000,44243,3,GY,1,100,1.007
1909621.000,44243,3,GY,1,100,1.038
1909661.000,44260,2,GY,1,100,1.038
1909701.000,44260,2,GY,1,100,1.007
1909741.000,44275,3,GY,1,100,1.068
1909781.000,44275,3,GY,1,100,1.068
1909821.000,44275,3,GY,1,100,0.977
1909861.000,44291,2,GY,1,100,1.038
1909901.000,44291,2,GY,1,100,1.038
1909941.000,44309,3,GY,1,100,1.007
1909981.000,44309,3,GY,1,100,1.099
1910021.000,44309,3,GY,1,100,1.007
1910061.000,44325,2,GY,1,100,0.946
1910101.000,44325,2,GY,1,100,1.129
1910140.667,44341,3,GY,1,100,1.038
1910180.333,44341,3,GY,1,100,1.007
1910220.000,44341,3,GY,1,100,1.038
1910260.500,44357,2,GY,1,100,1.007
1910301.000,44357,2,GY,1,100,1.038
1910340.667,44374,3,GY,1,100,0.946
1910380.333,44374,3,GY,1,100,1.007
1910420.000,44374,3,GY,1,100,1.099
1910460.500,44390,2,GY,1,100,1.007
1910501.000,44390,2,GY,1,100,1.068
1910541.000,44406,3,GY,1,100,1.038
1910581.000,44406,3,GY,1,100,1.038
1910621.000,44406,3,GY,1,100,1.099
1910661.000,44422,2,GY,1,100,1.007
1910701.000,44422,2,GY,1,100,0.977
1910741.000,44439,3,GY,1,100,1.068
1910781.000,44439,3,GY,1,100,1.038
1910821.000,44439,3,GY,1,100,1.038
1910860.500,44455,2,GY,1,100,1.038
1910900.000,44455,2,GY,1,100,0.977
1910940.000,44473,3,GY,1,100,1.038
1910980.000,44473,3,GY,1,100,1.007
1911020.000,44473,3,GY,1,100,1.007
1911060.500,44487,2,GY,1,100,1.007
1911101.000,44487,2,GY,1,100,1.038
1911141.000,44504,3,GY,1,100,1.099
1911181.000,44504,3,GY,1,100,1.007
1911221.000,44504,3,GY,1,100,1.007
1911260.667,44522,3,GY,1,100,1.007
1911300.333,44522,3,GY,1,100,1.007
1911340.000,44522,3,GY,1,100,1.099
1911380.333,44540,3,GY,1,100,1.099
1911420.667,44540,3,GY,1,100,1.038
1911461.000,44540,3,GY,1,100,1.038
1911500.500,44557,2,GY,1,100,1.007
1911540.000,44557,2,GY,1,100,1.068
1911580.000,44572,3,GY,1,100,1.068
1911620.000,44572,3,GY,1,100,0.977
1911660.000,44572,3,GY,1,100,1.007
1911700.000,44589,3,GY,1,100,1.068
1911740.000,44589,3,GY,1,100,1.038
1911780.000,44589,3,GY,1,100,1.038
1911820.000,44605,2,GY,1,100,1.007
1911860.000,44605,2,GY,1,100,1.038
1911900.000,44623,3,GY,1,100,1.099
1911940.000,44623,3,GY,1,100,1.099
1911980.000,44623,3,GY,1,100,1.007
1912020.500,44637,2,GY,1,100,1.068
1912061.000,44637,2,GY,1,100,1.068
1912100.667,44654,3,GY,1,100,1.068
1912140.333,44654,3,GY,1,100,1.038
1912180.000,44654,3,GY,1,100,1.038
1912220.000,44670,2,GY,1,100,1.038
1912260.000,44670,2,GY,1,100,1.007
1912300.000,44688,3,GY,1,100,1.007
1912340.000,44688,3,GY,1,100,1.038
1912380.000,44688,3,GY,1,100,1.007
1912420.000,44702,2,GY,1,100,1.038
1912460.000,44702,2,GY,1,100,1.007
1912500.000,44719,3,GY,1,100,1.038
1912540.000,44719,3,GY,1,100,1.038
1912580.000,44719,3,GY,1,100,1.038
1912620.500,44736,2,GY,1,100,1.038
1912661.000,44736,2,GY,1,100,1.068
1912701.000,44753,3,GY,1,100,1.038
1912741.000,44753,3,GY,1,100,1.038
1912781.000,44753,3,GY,1,100,1.038
1912821.000,44768,2,GY,1,100,1.038
1912861.000,44768,2,GY,1,100,1.007
1912901.000,44785,3,GY,1,100,1.038
1912941.000,44785,3,GY,1,100,1.038
1912981.000,44785,3,GY,1,100,1.099
1913021.000,44801,3,GY,1,100,1.007
1913061.000,44801,3,GY,1,100,1.007
1913101.000,44801,3,GY,1,100,1.068
1913141.000,44818,2,GY,1,100,1.007
1913181.000,44818,2,GY,1,100,1.038
1913221.000,44839,5,GY,1,100,1.007
1913261.000,44839,5,GY,1,100,1.038
1913301.000,44839,5,GY,1,100,1.038
1913341.000,44839,5,GY,1,100,1.038
1913381.000,44839,5,GY,1,100,1.007
1913421.000,44855,3,GY,1,100,1.038
1913461.000,44855,3,GY,1,100,1.038
1913501.000,44855,3,GY,1,100,1.068
